global	function	access
DAT_00000108	8008f368	read
DAT_0000DF80	8008b678	read
DAT_0000DFFC	8008b574	read_write
DAT_1F800000	800166a0	read_write
DAT_1F800000	8001b100	write
DAT_1F800000	8003d500	write
DAT_1F800000	800424b8	write
DAT_1F800000	80042f38	read_write
DAT_1F800003	80029acc	write
DAT_1F800004	800166a0	write
DAT_1F800004	8001b100	write
DAT_1F800004	80029acc	write
DAT_1F800004	80036298	read_write
DAT_1F800004	8003d500	read_write
DAT_1F800004	800424b8	write
DAT_1F800004	80042f38	read_write
DAT_1F800005	80036298	write
DAT_1F800006	800166a0	write
DAT_1F800006	80036298	write
DAT_1F800006	8003d500	write
DAT_1F800008	800166a0	write
DAT_1F800008	8001b100	write
DAT_1F800008	80029acc	read_write
DAT_1F800008	80036298	read_write
DAT_1F800008	8003d500	write
DAT_1F800008	800424b8	write
DAT_1F800008	80042f38	read_write
DAT_1F80000A	80029acc	read_write
DAT_1F80000A	80036298	write
DAT_1F80000C	800166a0	write
DAT_1F80000C	8001b100	write
DAT_1F80000C	80029acc	read_write
DAT_1F80000C	80036298	read_write
DAT_1F80000C	8003d500	write
DAT_1F80000D	80036298	read_write
DAT_1F80000E	800166a0	write
DAT_1F80000E	80036298	write
DAT_1F80000E	8003d500	write
DAT_1F80000F	800166a0	write
DAT_1F80000F	80029acc	read
DAT_1F80000F	8003d500	read
DAT_1F800010	800166a0	write
DAT_1F800010	8001b100	write
DAT_1F800010	80029acc	write
DAT_1F800010	80036298	read_write
DAT_1F800010	8003d500	write
DAT_1F800010	80042f38	read_write
DAT_1F800011	80036298	write
DAT_1F800012	800166a0	write
DAT_1F800012	8001b100	read
DAT_1F800012	80029acc	read_write
DAT_1F800012	80036298	write
DAT_1F800012	8003d500	write
DAT_1F800014	800166a0	write
DAT_1F800014	8001b100	write
DAT_1F800014	80029acc	write
DAT_1F800014	80036298	read_write
DAT_1F800014	8003d500	write
DAT_1F800014	80042f38	read_write
DAT_1F800016	8001b100	read
DAT_1F800016	80036298	write
DAT_1F800018	8001b100	write
DAT_1F800018	80029acc	read_write
DAT_1F800018	80036298	write
DAT_1F800019	80036298	write
DAT_1F80001A	80029acc	read
DAT_1F80001A	80036298	write
DAT_1F80001C	80029acc	write
DAT_1F80001C	80036298	read_write
DAT_1F80001D	80036298	write
DAT_1F80001E	80036298	write
DAT_1F800020	80031b58	read_write
DAT_1F800020	80036298	write
DAT_1F800020	80042f38	read
DAT_1F800022	80036298	read_write
DAT_1F800024	80031b58	read_write
DAT_1F800024	80036298	write
DAT_1F800025	80036298	write
DAT_1F800026	80031b58	read_write
DAT_1F800028	80031b58	write
DAT_1F800028	80036298	read_write
DAT_1F800028	80042f38	read_write
DAT_1F800029	80036298	write
DAT_1F80002A	80031b58	read
DAT_1F80002A	80036298	write
DAT_1F80002C	80031b58	write
DAT_1F80002C	80036298	write
DAT_1F80002E	80031b58	write
DAT_1F80002E	80036298	write
DAT_1F800030	80031b58	write
DAT_1F800030	80036298	read_write
DAT_1F800030	80042f38	read_write
DAT_1F800031	80036298	read_write
DAT_1F800032	80031b58	write
DAT_1F800034	80031b58	write
DAT_1F800038	80029acc	read_write
DAT_1F800038	80036298	read
DAT_1F800038	80042f38	read_write
DAT_1F80003A	80029acc	read
DAT_1F80003A	80042f38	read_write
DAT_1F80003B	80036298	write
DAT_1F80003C	80029acc	read_write
DAT_1F80003C	80036298	write
DAT_1F800040	80029acc	read_write
DAT_1F800040	80036298	read
DAT_1F800040	80042f38	read_write
DAT_1F800042	80029acc	read
DAT_1F800042	80042f38	read_write
DAT_1F800044	80029acc	read_write
DAT_1F800044	80036298	read_write
DAT_1F800045	80036298	read_write
DAT_1F800046	80029acc	read
DAT_1F800046	80036298	write
DAT_1F800048	80029acc	read_write
DAT_1F800048	80036298	read
DAT_1F80004A	80029acc	write
DAT_1F80004C	80029acc	read_write
DAT_1F80004C	80036298	read_write
DAT_1F80004C	80042f38	write
DAT_1F80004D	80036298	write
DAT_1F80004E	80036298	read_write
DAT_1F800050	80029acc	write
DAT_1F800050	80036298	read
DAT_1F800052	80029acc	write
DAT_1F800054	80029acc	write
DAT_1F800054	80036298	write
DAT_1F800054	80042f38	write
DAT_1F800055	80036298	read_write
DAT_1F800058	80036298	read
DAT_1F80005C	80036298	write
DAT_1F80005C	80042f38	write
DAT_1F80005D	80036298	write
DAT_1F80005E	80042f38	write
DAT_1F800060	80029acc	read
DAT_1F800060	80031b58	read_write
DAT_1F800060	80036298	read_write
DAT_1F800062	80036298	write
DAT_1F800064	80031b58	read_write
DAT_1F800064	80036298	write
DAT_1F800064	80042f38	write
DAT_1F800066	80031b58	read_write
DAT_1F800066	80042f38	write
DAT_1F800068	80029acc	read_write
DAT_1F800068	80031b58	write
DAT_1F800068	80036298	read_write
DAT_1F80006A	80036298	read_write
DAT_1F80006C	80029acc	read_write
DAT_1F80006C	80031b58	write
DAT_1F80006C	80036298	write
DAT_1F80006F	80031b58	write
DAT_1F800070	80031b58	read_write
DAT_1F800070	80036298	read_write
DAT_1F800070	80042f38	write
DAT_1F800072	80036298	write
DAT_1F800074	80031b58	write
DAT_1F800074	80036298	write
DAT_1F800078	80036298	read_write
DAT_1F800078	80042f38	write
DAT_1F80007A	80036298	write
DAT_1F80007C	80036298	write
DAT_1F800080	80036298	read_write
DAT_1F800080	80042f38	write
DAT_1F800082	80036298	write
DAT_1F800082	80042f38	read_write
DAT_1F800084	80036298	write
DAT_1F800088	80042f38	write
DAT_1F80008A	80042f38	read_write
DAT_1F80008C	80036298	write
DAT_1F800090	80036298	write
DAT_1F800094	80036298	write
DAT_1F800094	80042f38	read_write
DAT_1F80009C	80042f38	read_write
DAT_1F8000A0	80036298	read_write
DAT_1F8000A4	80036298	read
DAT_1F8000A4	80042f38	read_write
DAT_1F8000A6	80042f38	write
DAT_1F8000AC	80042f38	read_write
DAT_1F8000AE	80042f38	write
DAT_1F8000B8	80042f38	write
DAT_1F8000C0	80016418	read_write
DAT_1F8000C0	80036298	read_write
DAT_1F8000C0	80042f38	write
DAT_1F8000C8	80036298	write
DAT_1F8000C8	80042f38	write
DAT_1F8000CA	80042f38	write
DAT_1F8000CC	80036298	write
DAT_1F8000CE	80036298	write
DAT_1F8000CF	80036298	write
DAT_1F8000D0	80036298	write
DAT_1F8000D0	80042f38	write
DAT_1F8000D2	80042f38	read_write
DAT_1F8000D4	80036298	write
DAT_1F8000DC	80042f38	write
DAT_1F8000E4	80042f38	read_write
DAT_1F8000EC	80042f38	write
DAT_1F8000EE	80042f38	write
DAT_1F8000F4	80042f38	read_write
DAT_1F8000F6	80042f38	write
DAT_1F800100	80036298	read_write
DAT_1F800100	80042f38	write
DAT_1F800108	80036298	write
DAT_1F800108	80042f38	read_write
DAT_1F80010C	80036298	write
DAT_1F80010E	80036298	write
DAT_1F80010F	80036298	write
DAT_1F800110	80036298	write
DAT_1F800110	80042f38	write
DAT_1F800112	80036298	write
DAT_1F800112	80042f38	write
DAT_1F800114	80036298	write
DAT_1F800118	80042f38	read_write
DAT_1F80011A	80042f38	read_write
DAT_1F800124	80042f38	write
DAT_1F80012C	80042f38	write
DAT_1F800134	80042f38	write
DAT_1F800136	80042f38	write
DAT_1F80013C	80042f38	write
DAT_1F80013E	80042f38	write
DAT_1F800140	80016418	read
DAT_1F800140	80036298	read_write
DAT_1F800143	80016418	write
DAT_1F800144	80016418	write
DAT_1F800145	80016418	write
DAT_1F800146	80016418	write
DAT_1F800147	80016418	write
DAT_1F800148	80036298	write
DAT_1F80014C	80016418	write
DAT_1F80014C	80036298	write
DAT_1F80014D	80016418	write
DAT_1F80014E	80016418	write
DAT_1F80014E	80036298	write
DAT_1F800150	80036298	write
DAT_1F800152	80036298	write
DAT_1F800154	80016418	write
DAT_1F800154	80036298	write
DAT_1F800155	80016418	write
DAT_1F800156	80016418	write
DAT_1F80015C	80016418	write
DAT_1F80015D	80016418	write
DAT_1F800164	80016418	write
DAT_1F800165	80016418	write
DAT_1F80018D	80016418	write
DAT_1F80018E	80016418	write
DAT_1F800199	80016418	write
DAT_1F80019A	80016418	write
DAT_1F8001A5	80016418	write
DAT_1F8001B1	80016418	write
DAT_1F800200	80029acc	read_write
DAT_1F800204	80029acc	read_write
DAT_1F800280	800424b8	read_write
DAT_1F800290	800424b8	read_write
DAT_1F800294	800424b8	read_write
DAT_1F800298	800424b8	read_write
DAT_1F80029C	800424b8	read_write
DAT_1F8002A3	8002ab50	write
DAT_1F8002A4	8002ab50	read_write
DAT_1F8002AC	8002ab50	read_write
DAT_1F8002B4	8002ab50	read
DAT_1F8002B8	8002ab50	write
DAT_1F8002D0	800421ac	read
DAT_1F8002D0	800422c0	read_write
DAT_1F8002D4	80015e10	write
DAT_1F8002D4	800422c0	read_write
DAT_1F8002D6	800422c0	read_write
DAT_1F8002D8	80015e10	read_write
DAT_1F8002DA	800422c0	read_write
DAT_1F8002DC	80015e10	write
DAT_1F8002DC	800422c0	read_write
DAT_1F8002E0	800422c0	read_write
DAT_1F8002E0	800424b8	read
DAT_1F8002E4	800421ac	write
DAT_1F8002E4	800422c0	write
DAT_1F8002E4	800424b8	read
DAT_1F8002E8	800421ac	write
DAT_1F8002E8	800422c0	write
DAT_1F8002E8	800424b8	read
DAT_1F8002EC	800421ac	write
DAT_1F8002EC	800422c0	write
DAT_1F800300	80015e10	read_write
DAT_1F800300	8002ab50	read_write
DAT_1F800300	800424b8	read_write
DAT_1F800302	80015e10	write
DAT_1F800302	8002ab50	read_write
DAT_1F800302	800424b8	read_write
DAT_1F800304	80015e10	write
DAT_1F800304	8002ab50	write
DAT_1F800304	800424b8	write
DAT_1F800308	80015e10	read_write
DAT_1F800308	8002ab50	read_write
DAT_1F800308	800421ac	read_write
DAT_1F800308	800422c0	read_write
DAT_1F800308	800424b8	read_write
DAT_1F80030A	80015e10	write
DAT_1F80030A	8002ab50	write
DAT_1F80030A	800421ac	write
DAT_1F80030A	800424b8	write
DAT_1F80030C	80015e10	write
DAT_1F80030C	8002ab50	write
DAT_1F80030C	800421ac	write
DAT_1F80030C	800422c0	read_write
DAT_1F80030C	800424b8	write
DAT_1F800310	80015e10	read_write
DAT_1F800310	8002ab50	read_write
DAT_1F800310	800421ac	read_write
DAT_1F800310	800422c0	read_write
DAT_1F800310	800424b8	read_write
DAT_1F800312	80015e10	write
DAT_1F800312	8002ab50	read_write
DAT_1F800312	800421ac	write
DAT_1F800312	800424b8	read_write
DAT_1F800314	80015e10	write
DAT_1F800314	8002ab50	write
DAT_1F800314	800421ac	write
DAT_1F800314	800422c0	write
DAT_1F800314	800424b8	write
DAT_1F800318	80015e10	read_write
DAT_1F800318	8002ab50	read_write
DAT_1F800318	800421ac	read_write
DAT_1F800318	800422c0	read_write
DAT_1F800318	800424b8	read_write
DAT_1F80031A	80015e10	write
DAT_1F80031A	8002ab50	write
DAT_1F80031A	800421ac	write
DAT_1F80031A	800422c0	write
DAT_1F80031A	800424b8	write
DAT_1F80031C	80015e10	write
DAT_1F80031C	8002ab50	write
DAT_1F80031C	800421ac	write
DAT_1F80031C	800422c0	write
DAT_1F80031C	800424b8	write
DAT_1F800320	80015e10	read_write
DAT_1F800320	800166a0	read_write
DAT_1F800320	80016d8c	read_write
DAT_1F800320	80028c0c	read_write
DAT_1F800320	800408bc	read_write
DAT_1F800320	80040c04	read_write
DAT_1F800320	800418c0	read_write
DAT_1F800320	8006ab9c	read_write
DAT_1F800324	80015e10	write
DAT_1F800324	800166a0	read_write
DAT_1F800324	80016d8c	write
DAT_1F800324	80028c0c	read_write
DAT_1F800324	800408bc	read_write
DAT_1F800324	80040c04	read_write
DAT_1F800324	800418c0	read_write
DAT_1F800324	8006ab9c	read_write
DAT_1F800326	800166a0	read_write
DAT_1F800326	80016d8c	write
DAT_1F800326	80028c0c	write
DAT_1F800326	800408bc	read_write
DAT_1F800326	80040c04	read_write
DAT_1F800326	800418c0	read_write
DAT_1F800326	8006ab9c	read_write
DAT_1F800328	80015e10	write
DAT_1F800328	800166a0	read_write
DAT_1F800328	80016d8c	write
DAT_1F800328	80028c0c	write
DAT_1F800328	800408bc	write
DAT_1F800328	80040c04	read_write
DAT_1F800328	800418c0	read_write
DAT_1F800328	8006ab9c	write
DAT_1F80032A	80040c04	write
DAT_1F80032A	800418c0	read_write
DAT_1F80032C	800166a0	write
DAT_1F80032C	80016d8c	write
DAT_1F80032C	80028c0c	write
DAT_1F80032C	800408bc	write
DAT_1F80032C	80040c04	read_write
DAT_1F80032C	800418c0	read_write
DAT_1F80032C	8006ab9c	write
DAT_1F80032E	800166a0	read_write
DAT_1F80032E	80016d8c	write
DAT_1F80032E	80028c0c	read_write
DAT_1F80032E	800408bc	write
DAT_1F80032E	80040c04	read_write
DAT_1F80032E	800418c0	read_write
DAT_1F80032E	8006ab9c	write
DAT_1F80032F	800166a0	read_write
DAT_1F80032F	80028c0c	read_write
DAT_1F80032F	80040c04	read
DAT_1F80032F	800418c0	read_write
DAT_1F80032F	8006ab9c	write
DAT_1F800330	800166a0	read_write
DAT_1F800330	80016d8c	write
DAT_1F800330	80028c0c	read_write
DAT_1F800330	800408bc	write
DAT_1F800330	80040c04	write
DAT_1F800330	800418c0	write
DAT_1F800330	8006ab9c	write
DAT_1F800332	800166a0	read
DAT_1F800332	80028c0c	read_write
DAT_1F800332	800418c0	write
DAT_1F800332	8006ab9c	write
DAT_1F800334	800166a0	write
DAT_1F800334	80016d8c	write
DAT_1F800334	80028c0c	read_write
DAT_1F800334	800408bc	read_write
DAT_1F800334	80040c04	read_write
DAT_1F800334	800418c0	read_write
DAT_1F800334	8006ab9c	write
DAT_1F800338	800408bc	read_write
DAT_1F800338	80040c04	read_write
DAT_1F800338	800418c0	read_write
DAT_1F80033A	800408bc	read_write
DAT_1F80033A	80040c04	read_write
DAT_1F80033A	800418c0	read_write
DAT_1F80033C	800408bc	write
DAT_1F80033C	80040c04	write
DAT_1F80033C	800418c0	write
DAT_1F80033E	800418c0	write
DAT_1F800340	800408bc	write
DAT_1F800340	80040c04	write
DAT_1F800340	800418c0	write
DAT_1F800347	800166a0	write
DAT_1F800347	80028c0c	write
DAT_1F800347	800408bc	write
DAT_1F800347	80040c04	write
DAT_1F800347	8004110c	write
DAT_1F800347	8004139c	write
DAT_1F800347	800418c0	write
DAT_1F800348	800166a0	write
DAT_1F800348	80028c0c	read_write
DAT_1F800348	800408bc	write
DAT_1F800348	80040c04	write
DAT_1F800348	8004110c	read_write
DAT_1F800348	8004139c	read_write
DAT_1F800348	800418c0	write
DAT_1F80034B	80028c0c	read
DAT_1F80034C	8004110c	read_write
DAT_1F80034C	8004139c	read_write
DAT_1F80034E	8004110c	read_write
DAT_1F80034E	8004139c	read_write
DAT_1F800350	8004110c	write
DAT_1F800350	8004139c	write
DAT_1F800354	8004110c	read_write
DAT_1F800354	8004139c	write
DAT_1F800356	8004110c	read_write
DAT_1F800358	8004110c	write
DAT_1F800358	8004139c	read_write
DAT_1F80035A	8004139c	read_write
DAT_1F80035C	8004110c	read_write
DAT_1F80035C	8004139c	write
DAT_1F80035E	8004110c	read_write
DAT_1F800360	8004110c	write
DAT_1F800360	8004139c	write
DAT_1F800364	8004110c	read_write
DAT_1F800364	8004139c	read_write
DAT_1F800366	8004110c	read_write
DAT_1F800366	8004139c	read_write
DAT_1F800368	8004139c	write
DAT_1F80036C	8004139c	write
DAT_1F800370	8004139c	read_write
DAT_1F800372	8004139c	read_write
DAT_1F800374	8004139c	write
DAT_1F80037C	80040c04	write
DAT_1F80037C	800418c0	read_write
DAT_1F800380	80015e10	read_write
DAT_1F800380	80034d30	read
DAT_1F800380	800418c0	read_write
DAT_1F800382	80015e10	write
DAT_1F800382	800418c0	read_write
DAT_1F800383	80034d30	write
DAT_1F800384	80015e10	write
DAT_1F800384	80034d30	read_write
DAT_1F800384	800418c0	read_write
DAT_1F800386	800418c0	read_write
DAT_1F800388	80034d30	read_write
DAT_1F800388	800418c0	read_write
DAT_1F80038A	800418c0	read_write
DAT_1F80038C	80034d30	write
DAT_1F80038C	800418c0	read_write
DAT_1F80038E	800418c0	read_write
DAT_1F800390	80034d30	write
DAT_1F800390	800418c0	read_write
DAT_1F800392	800418c0	write
DAT_1F800394	80034d30	read_write
DAT_1F800394	800418c0	write
DAT_1F800398	80028c0c	read
DAT_1F800398	8002ab50	read
DAT_1F800398	80034d30	write
DAT_1F800398	800408bc	read
DAT_1F800398	80040c04	read
DAT_1F800398	8004110c	read
DAT_1F800398	8004139c	read
DAT_1F800398	800418c0	read
DAT_1F80039A	8002ab50	read
DAT_1F80039C	80028c0c	write
DAT_1F80039C	80034d30	read_write
DAT_1F8003A0	80015e10	read_write
DAT_1F8003A0	80034d30	read_write
DAT_1F8003A0	800418c0	read_write
DAT_1F8003A4	80015e10	read_write
DAT_1F8003A4	80034d30	read_write
DAT_1F8003A8	80015e10	read
DAT_1F8003A8	80034d30	write
DAT_1F8003A8	800418c0	read_write
DAT_1F8003AC	80015e10	read
DAT_1F8003AC	80034d30	write
DAT_1F8003AC	800418c0	read_write
DAT_1F8003B0	80015e10	read
DAT_1F8003B0	80034d30	read_write
DAT_1F8003B0	800418c0	read_write
DAT_1F8003B4	80015e10	read
DAT_1F8003B4	800418c0	read_write
DAT_1F8003B8	80015e10	read
DAT_1F8003BC	80015e10	read
DAT_1F8003C0	80015400	read_write
DAT_1F8003C0	80015e10	read_write
DAT_1F8003C0	80034d30	read_write
DAT_1F8003C4	80015400	read_write
DAT_1F8003C4	80015e10	read_write
DAT_1F8003C6	80015400	read
DAT_1F8003C8	80015400	write
DAT_1F8003C8	80015e10	read_write
DAT_1F8003CC	80015400	read_write
DAT_1F8003CC	80015e10	read_write
DAT_1F8003CD	80015400	write
DAT_1F8003CE	80015400	write
DAT_1F8003D0	80015e10	read_write
DAT_1F8003D0	80034d30	read_write
DAT_1F8003D4	80015e10	read_write
DAT_1F8003D8	80015e10	read_write
DAT_1F8003DC	80015e10	read_write
DAT_1F8003E0	80015c34	read_write
DAT_1F8003E0	80015d18	read_write
DAT_1F8003E0	80015e10	read_write
DAT_1F8003E0	800166a0	read
DAT_1F8003E0	80017860	write
DAT_1F8003E0	8001b05c	read_write
DAT_1F8003E0	80034d30	read_write
DAT_1F8003E4	80015c34	read_write
DAT_1F8003E4	80015d18	read_write
DAT_1F8003E4	80015e10	read
DAT_1F8003E4	80017860	read_write
DAT_1F8003E4	8001b05c	read_write
DAT_1F8003E4	80034d30	read_write
DAT_1F8003E8	80015e10	read
DAT_1F8003E8	800166a0	read_write
DAT_1F8003E8	80034d30	read_write
DAT_1F8003EA	800166a0	read_write
DAT_1F8003EC	80015e10	read
DAT_1F8003EC	80034d30	read_write
DAT_1F8003F0	80015e10	read_write
DAT_1F8003F0	80034d30	read_write
DAT_1F8003F4	80015e10	read_write
DAT_1F8003F4	80034d30	read_write
DAT_1F8003F8	80015e10	read_write
DAT_1F8003F8	80034d30	read_write
DAT_1F8003FC	80015e10	read_write
DAT_1F8003FC	80034d30	read_write
DAT_1F801040	8008f368	read_write
DAT_1F80104A	8008f368	read_write
DAT_1F801070	8008f368	read_write
DAT_1F801080	80079580	read
DAT_1F801084	80079580	read
DAT_1F801088	80079580	read
DAT_1F801120	8008ed40	read
DAT_1F801120	8008ed74	read
DAT_1F801120	8008ee44	read
DAT_1F801124	8008ed40	read
DAT_1F801124	8008ed74	read
DAT_1F801124	8008ee44	read
DAT_1F801128	8008ed74	read
DAT_1F801128	8008ee44	read
DAT_80010260	800304d0	read
DAT_80010264	800304d0	read
DAT_80010268	800304d0	read
DAT_8001026C	800304d0	read
DAT_80010270	800304d0	read
DAT_80010274	800304d0	read
DAT_80010278	800304d0	read
DAT_8001027C	800304d0	read
DAT_80010280	800304d0	read
DAT_80010284	800304d0	read
DAT_80010288	800304d0	read
DAT_8001028C	800304d0	read
DAT_80010290	800304d0	read
DAT_80010294	800304d0	read
DAT_80010710	80046c24	read
DAT_80010714	80046c24	read
DAT_80010718	80046c24	read
DAT_80010719	80046c24	read
DAT_8001071A	80046c24	read
DAT_80010760	8004a444	read
DAT_80011360	80049db0	read
DAT_80011360	8004a188	read
DAT_80011360	8004a268	read
DAT_80011360	8004a70c	read
DAT_80011360	8004a8cc	read
DAT_80011360	8004a9a8	read
DAT_80011360	8004ab88	read
DAT_80011360	8004abf4	read
DAT_80011360	8004ac50	read
DAT_80011360	8004af8c	read
DAT_80011360	8004b278	read
DAT_80011360	8004b804	read
DAT_800113B0	8004c8b0	read
DAT_800113F0	80050f78	read
DAT_800113F4	80050f78	read
DAT_800113F8	80050f78	read
DAT_800113FC	80050f78	read
DAT_80011400	80050f78	read
DAT_80011404	80050f78	read
DAT_80011408	80050f78	read
DAT_8001140C	80050f78	read
DAT_80011410	80050f78	read
DAT_80011820	8006b5b4	read
DAT_80011824	8006b5b4	read
DAT_80011828	8006b5b4	read
DAT_8001182C	8006b5b4	read
DAT_80011830	8006c9a8	read
DAT_80011834	8006c9a8	read
DAT_80011838	8006c9a8	read
DAT_8001183C	8006c9a8	read
DAT_80011840	8006d3a4	read
DAT_80011844	8006d3a4	read
DAT_80011848	8006d3a4	read
DAT_8001184C	8006d3a4	read
DAT_80011850	8006f7e0	read
DAT_80011854	8006f7e0	read
DAT_80011858	8006f7e0	read
DAT_8001185C	8006f7e0	read
DAT_80011F74	8007dff0	read
DAT_80011F78	8007dff0	read
DAT_80011F7A	8007dff0	read
DAT_8001216C	8007fccc	read
DAT_80012530	8008cffc	read
DAT_80012534	8008cffc	read
DAT_80012535	8008cffc	read
DAT_8001286C	80090cf8	read
DAT_80089B54	80089aa8	read
DAT_80089B6C	80089aa8	read
DAT_8008B4DC	8008b678	read
DAT_8008B54C	8008b574	read
DAT_8008B54C	8008b678	read
DAT_8008B560	8008b574	read
DAT_8008B560	8008b608	read
DAT_8008B728	8008b6b8	read
DAT_8008F314	8008f328	read
DAT_800918E8	800128cc	read_write
DAT_800918E8	8001296c	write
DAT_800918EC	800128cc	write
DAT_800918F0	800128cc	write
DAT_800919B4	8001d5d0	read
DAT_800919B4	8002367c	read
DAT_800919B4	80023dc4	read
DAT_800919D4	8001ba64	read
DAT_800919E0	80016f50	read
DAT_800919E0	8001798c	read
DAT_800919E0	8001b8ac	read
DAT_800919E0	8001d5d0	read
DAT_800919E0	8001f030	read
DAT_800919E0	8002314c	read
DAT_800919E0	80023548	read
DAT_800919E0	8002416c	read
DAT_800919E0	800250d8	read
DAT_800919E0	8002543c	read
DAT_800919E0	80025850	read
DAT_800919E0	80025c9c	read
DAT_800919E0	80025fec	read
DAT_800919E0	80026adc	read
DAT_800919E0	80027814	read
DAT_800919E0	80027928	read
DAT_800919E0	80027a44	read
DAT_800919E5	800256ac	read
DAT_800919E5	80025a1c	read
DAT_800919E5	80025de0	read
DAT_800919E7	80027814	read
DAT_800919E7	80027928	read
DAT_800919EA	8001d5d0	read
DAT_800919EA	80026180	read
DAT_80091A08	800235a0	read
DAT_80091A08	80023dc4	read
DAT_80091A08	800256ac	read
DAT_80091A08	80025a1c	read
DAT_80091A08	80026180	read
DAT_80091A0A	800235a0	read
DAT_80091A0A	80023dc4	read
DAT_80091A0A	800256ac	read
DAT_80091A0A	80025a1c	read
DAT_80091A0A	80026180	read
DAT_80091A0A	80026adc	read
DAT_80091AA8	8001b05c	read
DAT_80091AA8	80024df0	read
DAT_80091AAA	8001b05c	read
DAT_80091AAA	80024df0	read
DAT_80091AC0	800223b0	read
DAT_80091AC2	800223b0	read
DAT_80091B30	80020eb0	read
DAT_80091E64	8002543c	read
DAT_80091EEC	80026bbc	read
DAT_80091F68	8002dbe0	read
DAT_80091F6A	8002dbe0	read
DAT_80091F6C	800393b8	read
DAT_80091FC0	8002e3c0	read
DAT_80091FC1	8002e3c0	read
DAT_80092018	8002e3c0	read
DAT_80092019	8002e3c0	read
DAT_8009201A	8002e3c0	read
DAT_8009201B	8002e3c0	read
DAT_8009201C	8002e3c0	read
DAT_8009201D	8002e3c0	read
DAT_80092214	80031b58	read
DAT_80092214	8006ab9c	read
DAT_80092215	80032824	read
DAT_80092215	800335b8	read
DAT_80092225	80032824	read
DAT_80092248	80035ce8	read
DAT_80092264	80035fe8	read
DAT_80092266	80035fe8	read
DAT_800923F8	80041674	read
DAT_80092408	80041674	read
DAT_80092454	8004f1b4	read
DAT_80092454	8004f28c	read
DAT_80092454	8004f5d8	read
DAT_80092456	8004f28c	read
DAT_80092456	8004f5d8	read
DAT_80092458	8004f28c	read
DAT_80092458	8004f5d8	read
DAT_800924CC	800563b0	read
DAT_8009256C	8005967c	read
DAT_800929AC	8005721c	read
DAT_800929CC	80051af4	read
DAT_800929D4	8006a884	read
DAT_800929D6	8006a884	read
DAT_80092A08	8006b5b4	read
DAT_80092A0E	8006b5b4	read
DAT_80092A14	8006b5b4	read
DAT_80092A1A	8006b5b4	read
DAT_80092A1C	8006b5b4	read
DAT_80092A20	8006b5b4	read
DAT_80092A24	8006c9a8	read
DAT_80092A28	8006c9a8	read
DAT_80092A2A	8006c9a8	read
DAT_80092A30	8006d3a4	read
DAT_80092AF4	8006d3a4	read
DAT_80092B00	80070c7c	read
DAT_80092C10	80070d3c	read
DAT_80092C11	80073a44	read
DAT_80092D78	80073f6c	read
DAT_80092D78	80073f9c	read
DAT_80092D7C	80073e98	read
DAT_80092D7C	80073f34	read
DAT_80092D80	80073f6c	read
DAT_80092D80	80073f9c	read
DAT_80092D98	800742c4	read
DAT_80092D98	800742d4	write
DAT_80092D98	80074364	write
DAT_80092D9C	8007449c	read
DAT_80092DB0	800746b8	read
DAT_80092DB4	800746b8	read
DAT_80092DB8	800746b8	read_write
DAT_80092DBC	800746b8	read_write
DAT_80092E20	80074a6c	read_write
DAT_80092E20	80074b44	write
DAT_80092E20	80074d14	read
DAT_80092E20	80074e5c	read_write
DAT_80092E20	80074efc	read_write
DAT_80092E22	80074a2c	read
DAT_80092E22	80074b44	write
DAT_80092E24	80074b44	read
DAT_80092E24	80074d14	read
DAT_80092E50	80074b44	read
DAT_80092E50	80074d14	read_write
DAT_80092E52	80074e5c	write
DAT_80092E52	80074efc	read
DAT_80092E54	80074e5c	write
DAT_80092E54	80074efc	read
DAT_80092E58	80074a6c	read
DAT_80092E58	80074efc	read
DAT_80092E5C	80074a6c	write
DAT_80093E38	80074a6c	read
DAT_80093EAC	80074a6c	read
DAT_80093EAC	80074b44	read_write
DAT_80093EAC	80074e5c	read
DAT_80093EB0	80074a54	read_write
DAT_80093EB0	80074a6c	read_write
DAT_80093EB0	80074b44	read
DAT_80093EB0	80074d14	read_write
DAT_80093EB0	80074e5c	read_write
DAT_80093EB0	80074efc	write
DAT_80093EB4	80074a6c	write
DAT_80093EB4	80074e5c	read_write
DAT_80093EB4	80074efc	write
DAT_80093EB8	80074b44	read_write
DAT_80093EC8	80074fe8	read
DAT_80093EC8	80075040	read
DAT_80093EE8	800746b8	read
DAT_80093EE8	80074830	read
DAT_80093EE8	80074fe8	write
DAT_80093EE8	80075040	read_write
DAT_80093EEC	80074fe8	write
DAT_80093EF8	80075108	write
DAT_80093EF8	80075154	read_write
DAT_80093EFC	80075108	read
DAT_80093EFC	80075154	read
DAT_80093F1C	80075154	read
DAT_80093F28	800753a8	read_write
DAT_80093F28	800753bc	read
DAT_80093F40	800754e0	write
DAT_80093F40	800760d8	read
DAT_80093F40	80077108	read
DAT_80093F40	800777d8	read
DAT_80093F44	800753f8	write
DAT_80093F44	80077468	read_write
DAT_80093F44	80077628	read
DAT_80093F44	8007795c	read
DAT_80093F48	800753f8	write
DAT_80093F48	800777a8	write
DAT_80093F48	800777d8	read
DAT_80093F4C	800753f8	write
DAT_80093F4C	80076158	read_write
DAT_80093F50	800753f8	write
DAT_80093F50	80076158	write
DAT_80093F50	80076d28	write
DAT_80093F50	80076d78	read
DAT_80093F54	800753f8	write
DAT_80093F54	80076158	read
DAT_80093F54	80076378	read_write
DAT_80093F54	80076d28	read
DAT_80093F54	80076d78	read
DAT_80093F54	80078588	read_write
DAT_80093F5C	800753f8	write
DAT_80093F5C	80076378	read_write
DAT_80093F5C	80078588	write
DAT_80093F60	800753f8	write
DAT_80093F60	80076158	write
DAT_80093F60	80076378	write
DAT_80093F60	80078588	write
DAT_80093F62	800753f8	write
DAT_80093F62	80076158	write
DAT_80093F62	80076378	write
DAT_80093F62	80078588	write
DAT_80093F64	800753f8	write
DAT_80093F64	80076378	read_write
DAT_80093F64	80078588	write
DAT_80093F68	800753f8	write
DAT_80093F68	80076378	read_write
DAT_80093F68	80078588	write
DAT_80093F6C	800753f8	write
DAT_80093F6C	80077468	read_write
DAT_80093F70	800753f8	write
DAT_80093F70	80076de8	read_write
DAT_80093F70	80077468	read_write
DAT_80093F74	800779e8	read
DAT_80093FA2	800753f8	read
DAT_80093FA4	800753f8	write
DAT_80093FA4	80076de8	read
DAT_80093FA4	80077468	read
DAT_80093FA8	800754e0	write
DAT_80093FA8	800760d8	write
DAT_80093FB8	80075558	read_write
DAT_80093FB8	800757d8	read_write
DAT_80093FB8	80075998	read
DAT_80093FB8	80075a54	read
DAT_80093FB8	80075afc	read
DAT_80093FB8	80075e64	read
DAT_80093FB8	80075ea8	read
DAT_80093FB8	80076158	read
DAT_80093FB8	80076358	read
DAT_80093FB8	80076378	read
DAT_80093FB8	80076858	read
DAT_80093FB8	80076de8	read
DAT_80093FB8	800770d8	read
DAT_80093FB8	800772b8	read
DAT_80093FB8	80077328	read
DAT_80093FB8	80077468	read
DAT_80093FB8	80077628	read
DAT_80093FB8	8007795c	read
DAT_80093FB8	800779e8	read
DAT_80093FB8	800781e8	read
DAT_80093FB8	80078208	read
DAT_80093FB8	80078588	read
DAT_80093FBC	80075a54	write
DAT_80093FBC	80075afc	write
DAT_80093FC0	80075a54	write
DAT_80093FC0	80075afc	write
DAT_80093FC4	80075a54	write
DAT_80093FC4	80075afc	write
DAT_80093FC8	80075558	read_write
DAT_80093FCC	80075fe0	read_write
DAT_80093FCC	80076008	read_write
DAT_80093FD0	80075558	write
DAT_80093FD0	800757d8	read
DAT_80093FD0	80075afc	read_write
DAT_80093FD0	80075d7c	read
DAT_80093FD0	80075e00	read
DAT_80093FD0	80077748	read_write
DAT_80093FD4	800753f8	write
DAT_80093FD4	80075558	write
DAT_80093FD4	80075d7c	write
DAT_80093FD4	80077108	read_write
DAT_80093FD4	800777a8	write
DAT_80093FD8	80075558	write
DAT_80093FDC	80075558	write
DAT_80093FDC	80075ea8	read
DAT_80093FE0	80075558	write
DAT_80093FE0	80075afc	read
DAT_80093FE0	80075d7c	read
DAT_80093FE0	80075e00	read
DAT_80093FE0	80075e64	read
DAT_80093FE0	80075ea8	read
DAT_80093FE0	800762c8	read
DAT_80093FE0	80077108	read
DAT_80093FE0	80077748	read
DAT_80093FE4	80075558	write
DAT_80093FE4	80075ea8	read_write
DAT_80093FE8	80075558	write
DAT_80093FE8	80075ea8	read
DAT_80093FEC	80075558	write
DAT_80093FEC	800776e8	write
DAT_80093FEC	800777d8	read_write
DAT_80093FF0	80075558	write
DAT_80093FF0	80075998	read_write
DAT_80093FF0	800760d8	write
DAT_80093FF0	80077108	read_write
DAT_80093FF0	800776e8	write
DAT_80093FF4	80075558	write
DAT_80093FF4	800760d8	write
DAT_80093FF8	80075558	read
DAT_80094008	80075998	write
DAT_80094008	80075a54	write
DAT_80094008	80075afc	write
DAT_8009400C	80075afc	write
DAT_80094010	80075afc	read_write
DAT_80094018	800753f8	write
DAT_8009401C	800753f8	write
DAT_80094020	800753f8	write
DAT_80094020	800762c8	read_write
DAT_80094028	80077108	read
DAT_80094428	80077fe8	read
DAT_80094438	800866f8	read
DAT_80094548	800753f8	read
DAT_80094548	80076378	read
DAT_80094548	80077108	read
DAT_80094548	80078588	read
DAT_80094578	80076378	read
DAT_80094578	80078588	read
DAT_80094848	80078868	write
DAT_80094854	80078868	write
DAT_800948B8	80078c38	write
DAT_800948B8	80079580	read
DAT_800948C0	80078c38	read
DAT_800948C4	80078c38	write
DAT_800948C8	80078c38	read_write
DAT_800948CC	80078c38	write
DAT_800948D0	80079580	read_write
DAT_800948D4	80079580	read
DAT_800948D8	80078c38	read
DAT_800948E8	80078c38	read
DAT_80094900	80078c38	write
DAT_80094910	80079c8c	read
DAT_80094910	80079f0c	read
DAT_80094910	8007a1d4	read
DAT_80094910	8007a82c	write
DAT_80094910	8007a878	write
DAT_80094910	8007abcc	read
DAT_80094910	8007c218	write
DAT_80094910	8007c398	write
DAT_80094914	80079c8c	read
DAT_80094914	80079f0c	read
DAT_80094914	8007a1d4	read
DAT_80094914	8007a82c	write
DAT_80094914	8007a878	write
DAT_80094914	8007abcc	read
DAT_80094914	8007add8	read_write
DAT_80094914	8007c218	write
DAT_80094914	8007c398	write
DAT_80094918	80079728	read
DAT_80094918	8007a1d4	read
DAT_80094918	8007d988	read
DAT_80094918	8007dc88	read
DAT_80094918	8007dff0	read
DAT_8009491C	80079728	read_write
DAT_8009491C	8007a82c	write
DAT_8009491C	8007a878	read_write
DAT_80094920	80079728	read_write
DAT_80094920	8007a82c	write
DAT_80094920	8007a878	write
DAT_80094924	80079728	read_write
DAT_80094928	8007a1d4	read
DAT_8009492C	8007a1d4	write
DAT_8009492C	8007a878	write
DAT_8009492D	80079728	read
DAT_8009492D	80079c8c	read
DAT_8009492D	80079f0c	read
DAT_8009492D	8007a1d4	read_write
DAT_8009492D	8007a878	write
DAT_8009492D	8007aa58	read
DAT_80094930	80078868	write
DAT_80094930	8007c218	write
DAT_800949D4	80079728	read
DAT_80094A54	8007a1d4	read
DAT_80094AD4	80079728	read
DAT_80094B54	8007a1d4	read
DAT_80094BD4	80079728	read_write
DAT_80094BD4	80079c8c	read_write
DAT_80094BD4	80079f0c	read_write
DAT_80094BD4	8007a1d4	read_write
DAT_80094BD4	8007a5e0	write
DAT_80094BD4	8007a668	write
DAT_80094BD4	8007a73c	write
DAT_80094BD4	8007a878	write
DAT_80094BD4	8007abcc	read_write
DAT_80094BD8	80079728	read_write
DAT_80094BD8	8007a5e0	write
DAT_80094BD8	8007a668	read_write
DAT_80094BD8	8007a73c	write
DAT_80094BD8	8007a878	read_write
DAT_80094BDC	8007a668	write
DAT_80094BDC	8007a878	write
DAT_80094BE0	80079728	read
DAT_80094BE0	8007a1d4	write
DAT_80094BE0	8007a5e0	write
DAT_80094BE0	8007a73c	write
DAT_80094BE4	80079728	write
DAT_80094BE4	8007a1d4	write
DAT_80094BE4	8007a5e0	write
DAT_80094BE4	8007a668	write
DAT_80094BE4	8007a73c	write
DAT_80094BE4	8007a878	write
DAT_80094BE8	8007a73c	read
DAT_80094BEC	80079728	write
DAT_80094BEC	80079c8c	read_write
DAT_80094BEC	80079f0c	read
DAT_80094BEC	8007a1d4	read_write
DAT_80094BEC	8007a668	write
DAT_80094BEC	8007a878	write
DAT_80094BEC	8007aa58	read
DAT_80094BEC	8007abcc	read
DAT_80094BED	80079728	write
DAT_80094BED	80079c8c	read
DAT_80094BED	80079f0c	read_write
DAT_80094BED	8007a1d4	read_write
DAT_80094BED	8007a668	write
DAT_80094BED	8007a878	write
DAT_80094BED	8007aa58	read
DAT_80094BED	8007abcc	read
DAT_80094BEE	80079728	write
DAT_80094BEE	80079f0c	read_write
DAT_80094BEE	8007a668	write
DAT_80094BEE	8007a878	write
DAT_80094C08	8007aa58	read
DAT_80094C18	8007b78c	read
DAT_80094C38	80086664	read
DAT_80094C98	8007b78c	read_write
DAT_80094C98	8007ba34	read_write
DAT_80094CB0	8007c218	write
DAT_80094CB0	8007c2b8	write
DAT_80094CB0	8007c398	write
DAT_80094CB0	8007c3d8	write
DAT_80094CB0	8007c720	read
DAT_80094CB0	8007cb88	read
DAT_80094CB0	8007cd6c	read_write
DAT_80094CB0	8007cff4	read
DAT_80094CB0	8007d0e0	read
DAT_80094CB0	8007d224	write
DAT_80094CB0	8007d29c	write
DAT_80094CB0	8007d2ac	read
DAT_80094CB4	8007c2b8	write
DAT_80094CB4	8007c548	read_write
DAT_80094CB4	8007c9f0	read
DAT_80094CB4	8007ca78	read
DAT_80094CB4	8007cb88	read_write
DAT_80094CB4	8007cff4	write
DAT_80094CB4	8007d174	read
DAT_80094CB5	8007c548	read
DAT_80094CB5	8007cb88	read
DAT_80094CB5	8007cff4	read
DAT_80094CB8	8007c2b8	read
DAT_80094CBC	8007c2b8	write
DAT_80094CBC	8007c548	read_write
DAT_80094CBC	8007c9f0	read
DAT_80094CC0	8007d174	read
DAT_80094CC7	8007c2b8	read
DAT_80094CC8	8007c2b8	write
DAT_80094CC8	8007ca78	read
DAT_80094CC8	8007cb88	read
DAT_80094CC8	8007cd6c	read
DAT_80094CC8	8007cff4	read
DAT_80094CC8	8007d0e0	read
DAT_80094CC8	8007d174	read_write
DAT_80094CCC	8007c2b8	write
DAT_80094CCC	8007c3d8	write
DAT_80094CCC	8007c508	write
DAT_80094CCC	8007c720	write
DAT_80094CCC	8007ca78	write
DAT_80094CD0	8007c2b8	write
DAT_80094CD0	8007c3d8	write
DAT_80094CD0	8007c484	read
DAT_80094CD0	8007c720	read_write
DAT_80094CD0	8007cb88	write
DAT_80094CD0	8007cd6c	write
DAT_80094CD0	8007cff4	write
DAT_80094CD0	8007d0e0	write
DAT_80094CD0	8007d224	write
DAT_80094CD4	8007c2b8	write
DAT_80094CD4	8007c3d8	write
DAT_80094CD4	8007c720	read_write
DAT_80094CD4	8007cb88	write
DAT_80094CD4	8007cd6c	read_write
DAT_80094CD4	8007cff4	write
DAT_80094CD4	8007d0e0	write
DAT_80094CD4	8007d224	read_write
DAT_80094CD8	8007c2b8	write
DAT_80094CD8	8007c720	read_write
DAT_80094CD8	8007cd6c	read_write
DAT_80094CDC	8007c2b8	write
DAT_80094CDC	8007c548	write
DAT_80094CDD	8007c2b8	write
DAT_80094CDD	8007c4ac	read
DAT_80094CDD	8007cb88	read_write
DAT_80094CDD	8007cff4	read_write
DAT_80094CDE	8007c2b8	read
DAT_80094CDE	8007c4bc	read
DAT_80094CDE	8007cb88	write
DAT_80094CE2	8007c2b8	write
DAT_80094CE2	8007cb88	write
DAT_80094CE3	8007c2b8	write
DAT_80094CE3	8007c4d8	read
DAT_80094CE3	8007cb88	write
DAT_80094CE4	8007c2b8	write
DAT_80094CE4	8007c720	read
DAT_80094CE4	8007ca78	read
DAT_80094CE4	8007d174	write
DAT_80094CE5	8007c2b8	write
DAT_80094CE5	8007d174	write
DAT_80094CE6	8007c2b8	write
DAT_80094CE6	8007c720	read
DAT_80094CE6	8007d174	write
DAT_80094CE7	8007c2b8	write
DAT_80094CE7	8007c548	read_write
DAT_80094CE7	8007c720	write
DAT_80094CE7	8007d174	write
DAT_80094CE8	8007c2b8	write
DAT_80094CE8	8007c720	read_write
DAT_80094CE8	8007cd6c	read_write
DAT_80094CEC	8007c2b8	write
DAT_80094CEC	8007c4f8	read
DAT_80094CEC	8007cd6c	read_write
DAT_80094CF0	8007c2b8	write
DAT_80094CF0	8007c720	read_write
DAT_80094CF0	8007cb88	write
DAT_80094CF0	8007cff4	write
DAT_80094CF4	8007c2b8	write
DAT_80094CF4	8007c3d8	read
DAT_80094CF4	8007c508	read
DAT_80094CF4	8007c548	write
DAT_80094CF4	8007c720	read_write
DAT_80094CF4	8007c9f0	write
DAT_80094CF4	8007ca78	write
DAT_80094CF4	8007d224	write
DAT_80094CF8	8007c2b8	write
DAT_80094CF8	8007c548	write
DAT_80094CF8	8007c9f0	read_write
DAT_80094CF8	8007ca78	write
DAT_80094CF8	8007d224	write
DAT_80094CFC	8007c2b8	write
DAT_80094CFC	8007c720	read_write
DAT_80094CFC	8007cb88	write
DAT_80094CFC	8007cd6c	read
DAT_80094D00	8007c2b8	write
DAT_80094D00	8007c548	read_write
DAT_80094D00	8007ca78	write
DAT_80094D01	8007c2b8	write
DAT_80094D01	8007c548	write
DAT_80094D04	8007c548	read
DAT_80094D04	8007c9f0	read
DAT_80094D08	8007c548	read_write
DAT_80094D84	8007d174	read
DAT_80094E04	8007c720	write
DAT_80094E08	8007d378	write
DAT_80094E08	8007d4dc	read
DAT_80094E08	8007d654	read
DAT_80094E0C	8007d378	write
DAT_80094E0C	8007d4dc	read_write
DAT_80094E0C	8007d654	read_write
DAT_80094E10	8007d378	write
DAT_80094E10	8007d4dc	read_write
DAT_80094E10	8007d654	read_write
DAT_80094E10	8007d728	read
DAT_80094E14	8007d378	read
DAT_80094E14	8007d4dc	read
DAT_80094E14	8007d7cc	read
DAT_80094E14	8007d868	write
DAT_80094E18	8007d4dc	write
DAT_80094E18	8007d654	read
DAT_80094E1C	8007d378	write
DAT_80094E1C	8007d7cc	read
DAT_80094E20	8007d378	write
DAT_80094E20	8007d4dc	read
DAT_80094E20	8007d654	read
DAT_80094E20	8007d728	read
DAT_80094E24	8007d4dc	write
DAT_80094E28	8007d378	write
DAT_80094E28	8007d7cc	write
DAT_80094E2C	8007d4dc	read
DAT_80094E2C	8007d654	read
DAT_80094E38	8007dc88	write
DAT_80094E38	8007dff0	read_write
DAT_80094E3C	8007c218	write
DAT_80094E3C	8007d988	read_write
DAT_80094E48	8007e2e8	write
DAT_80094E48	8007e3e4	read_write
DAT_80094E48	8007e778	write
DAT_80094E4C	8007e2e8	write
DAT_80094E4C	8007e3e4	read_write
DAT_80094E50	8007e2e8	write
DAT_80094E50	8007e3e4	read_write
DAT_80094E50	8007e6c0	read
DAT_80094E54	8007e2e8	write
DAT_80094E54	8007e3e4	write
DAT_80094E58	8007e2e8	write
DAT_80094E58	8007e3e4	read_write
DAT_80094E5C	8007e2e8	write
DAT_80094E5C	8007e36c	read
DAT_80094E5C	8007e3e4	read
DAT_80094E5C	8007e6c0	read
DAT_80094E5C	8007e830	read
DAT_80094E60	8007e2e8	write
DAT_80094E60	8007e36c	read
DAT_80094E60	8007e3e4	read
DAT_80094E60	8007e6c0	read
DAT_80094E60	8007e830	read
DAT_80094E64	8007e3d0	read_write
DAT_80094E64	8007e3e4	write
DAT_80094E64	8007e6c0	read
DAT_80094E68	8007e2e8	read_write
DAT_80094E68	8007e36c	write
DAT_80094E68	8007e3e4	write
DAT_80094E68	8007e6c0	read_write
DAT_80094E68	8007e820	read
DAT_80094E68	8007e830	write
DAT_80094E78	8007e988	read_write
DAT_80094E7C	8007e988	write
DAT_80094E80	8007e988	write
DAT_80094E84	8007e988	write
DAT_80094E88	8007e988	read_write
DAT_80094E8C	8007e988	read_write
DAT_80094E90	8007e988	write
DAT_80094E94	8007e988	write
DAT_80094E98	8007eaa8	read_write
DAT_80094E9C	8007eaa8	write
DAT_80094EA0	8007eaa8	write
DAT_80094EA4	8007eaa8	write
DAT_80094EA8	8007eaa8	read_write
DAT_80094EAC	8007eaa8	write
DAT_80094EB0	8007eaa8	write
DAT_80094EB4	8007eaa8	write
DAT_80094EB8	8007eea8	read
DAT_80094EB8	8007ef48	read
DAT_80094EB8	8007f204	read
DAT_80094EBC	8007ef48	read
DAT_80094EBD	8007ef48	read
DAT_80094EBE	8007ef48	read
DAT_80094EBF	8007f204	read
DAT_80094EC0	8007ef48	read
DAT_80094EC0	8007f204	read
DAT_80094EC2	8007ef48	read
DAT_80094EC2	8007f204	read
DAT_80094EC4	8007ef48	read
DAT_80094EC4	8007f204	read
DAT_80094EC6	8007ef48	read
DAT_80094EC6	8007f204	read
DAT_80094ED4	8007ef48	read
DAT_80094ED4	8007f204	read
DAT_80094ED4	8007f520	read
DAT_80094ED8	8007ef48	read
DAT_80094ED8	8007f204	read
DAT_80094EDC	8007ef48	read
DAT_80094EDC	8007f204	read
DAT_80094EDC	8007f520	read
DAT_80094EE0	8007ef48	read
DAT_80094EE0	8007f204	read
DAT_80094EE0	8007f520	read
DAT_80094EE4	8007ef48	read
DAT_80094EE4	8007f204	read
DAT_80095038	8007ee68	read
DAT_80095038	8007eea8	write
DAT_80095038	8007ef48	read_write
DAT_80095038	8007f204	read
DAT_80095038	8007f520	read
DAT_8009503C	8007ee68	write
DAT_8009503C	8007f204	read
DAT_8009503C	8007f520	read
DAT_80095040	8007eea8	read
DAT_80095240	8007eea8	read
DAT_80095438	800866f8	read
DAT_80095A40	8007ef48	read_write
DAT_80095A98	8007f8e8	read_write
DAT_80095A98	8007fa5c	read
DAT_80095A99	8007f8e8	write
DAT_80095A99	8007fab8	read_write
DAT_80095A99	800819e0	write
DAT_80095A9A	8007f8e8	read
DAT_80095A9A	8007fa5c	read_write
DAT_80095A9A	8007fab8	read
DAT_80095A9A	8007fb5c	read
DAT_80095A9A	8007fb6c	read
DAT_80095A9A	8007fbcc	read
DAT_80095A9A	8007fc64	read
DAT_80095A9A	8007fccc	read_write
DAT_80095A9A	80080150	read
DAT_80095A9A	80080258	read
DAT_80095A9A	800802c8	read
DAT_80095A9A	80080388	read
DAT_80095A9A	80080494	read
DAT_80095A9B	8007fa5c	read
DAT_80095A9B	80080494	read
DAT_80095A9C	8007f8e8	write
DAT_80095A9C	8007fccc	read
DAT_80095A9C	80080ab0	read
DAT_80095A9C	80080ca8	read
DAT_80095A9C	80080f38	read
DAT_80095A9C	80080fd0	read
DAT_80095A9C	800811fc	read
DAT_80095A9C	8008142c	read
DAT_80095A9C	80081668	read
DAT_80095A9E	8007f8e8	write
DAT_80095A9E	8007fccc	read
DAT_80095A9E	80080ab0	read
DAT_80095A9E	80080ca8	read
DAT_80095A9E	80080f38	read
DAT_80095A9E	80080fd0	read
DAT_80095A9E	800811fc	read
DAT_80095A9E	8008142c	read
DAT_80095A9E	80081668	read
DAT_80095AA0	800819e0	write
DAT_80095AA0	80081c90	read_write
DAT_80095AA4	8007fb6c	read_write
DAT_80095AA4	800819e0	write
DAT_80095AA4	80081c90	read_write
DAT_80095AA8	8007f8e8	read
DAT_80095AA8	800802c8	read
DAT_80095AA8	80080388	read
DAT_80095AA8	80080460	read
DAT_80095B04	8007f8e8	read
DAT_80095B04	8007fbcc	read
DAT_80095B04	80080494	read
DAT_80095B04	8008098c	read
DAT_80095B06	80080494	read
DAT_80095B08	80080494	read
DAT_80095B0A	80080494	read
DAT_80095B0C	80080494	write
DAT_80095B0E	80080494	write
DAT_80095B10	80080494	write
DAT_80095B12	80080494	write
DAT_80095B14	80080494	read
DAT_80095B18	8007f8e8	read
DAT_80095B24	8007f8e8	read
DAT_80095B30	8007ffd0	read
DAT_80095B30	80082558	read
DAT_80095B38	8007ffd0	write
DAT_80095B38	80082558	write
DAT_80095B3C	8007ffd0	write
DAT_80095B3C	80082558	write
DAT_80095B40	8007ffd0	write
DAT_80095B40	80082558	write
DAT_80095B58	80080150	write
DAT_80095B6C	80080494	read
DAT_80095B6E	80080494	read
DAT_80095B94	80080494	read
DAT_80095B9C	8008142c	write
DAT_80095B9C	80081668	read_write
DAT_80095B9C	80081904	write
DAT_80095B9C	8008198c	read
DAT_80095B9C	800822e0	read_write
DAT_80095BA0	80081104	read
DAT_80095BA0	800811fc	read
DAT_80095BA0	8008142c	read_write
DAT_80095BA0	80081668	read_write
DAT_80095BA0	800818e8	write
DAT_80095BA0	80081904	write
DAT_80095BA0	80081944	write
DAT_80095BA0	8008198c	write
DAT_80095BA0	800819e0	read
DAT_80095BA0	80081c90	read
DAT_80095BA0	80081ef0	write
DAT_80095BA0	8008202c	read
DAT_80095BA0	8008219c	read_write
DAT_80095BA0	800822e0	read_write
DAT_80095BA0	80082380	read
DAT_80095BA0	8008246c	read
DAT_80095BA0	80082558	read
DAT_80095BA4	8008142c	write
DAT_80095BA4	80081668	write
DAT_80095BA4	80081944	write
DAT_80095BA4	8008219c	read
DAT_80095BA8	8008142c	write
DAT_80095BA8	80081668	write
DAT_80095BA8	80081944	write
DAT_80095BAC	8008142c	write
DAT_80095BAC	80081668	write
DAT_80095BAC	80081944	write
DAT_80095BAC	800819e0	read
DAT_80095BAC	80081c90	read
DAT_80095BAC	80081ef0	write
DAT_80095BAC	8008202c	read
DAT_80095BAC	8008219c	read_write
DAT_80095BAC	80082380	read
DAT_80095BAC	8008246c	read
DAT_80095BAC	80082558	read
DAT_80095BB0	8008111c	write
DAT_80095BB4	8008111c	write
DAT_80095BB8	8008111c	read_write
DAT_80095BBC	8008111c	read_write
DAT_80095BBC	80081ef0	read_write
DAT_80095BBC	8008219c	read_write
DAT_80095BC0	800819e0	read_write
DAT_80095BC0	80081c90	read_write
DAT_80095BC0	80081ef0	write
DAT_80095BC0	8008202c	read_write
DAT_80095BC0	8008219c	read_write
DAT_80095BC4	800819e0	read
DAT_80095BC4	80081c90	read_write
DAT_80095BC4	80081ef0	write
DAT_80095BC4	8008202c	read
DAT_80095BC4	8008219c	read_write
DAT_80095BC8	800819e0	read_write
DAT_80095BCC	80081c90	read_write
DAT_80095BD0	80081ef0	read_write
DAT_80095BD0	8008219c	read_write
DAT_80095BD4	80082168	write
DAT_80095BD4	8008219c	read
DAT_80095BD4	80082380	write
DAT_80095BD4	8008246c	write
DAT_80095BD4	80082558	write
DAT_80095BD8	80082168	write
DAT_80095BD8	8008219c	read_write
DAT_80095BD8	80082380	write
DAT_80095BD8	8008246c	write
DAT_80095BD8	80082558	write
DAT_80095BE8	800828ec	write
DAT_80095BEC	800828ec	write
DAT_80095BF0	800828ec	write
DAT_80095BF8	8008288c	read
DAT_80095BF8	800828ec	write
DAT_80095C38	80086664	read
DAT_80095C38	800866f8	read
DAT_80096448	80086978	read
DAT_80096468	80086c78	read
DAT_80096498	80086d50	write
DAT_800964A8	80086dd8	read
DAT_80096618	800871fc	read
DAT_8009661C	800871fc	read
DAT_80096620	800871fc	read
DAT_80096624	800871fc	read
DAT_80096628	80087158	write
DAT_80096628	800871fc	read_write
DAT_8009662C	800871fc	read
DAT_80096630	800871fc	read
DAT_80096634	80087158	read_write
DAT_80096634	800871fc	read_write
DAT_80096638	80087158	read
DAT_8009663C	80087158	read
DAT_80096640	80087158	read
DAT_80096644	80087158	read
DAT_80096648	80087158	read
DAT_8009664C	80087158	read
DAT_80096650	80087158	read
DAT_80096654	80087158	read
DAT_80096938	80087cb8	read
DAT_80096938	80088948	read
DAT_80096938	80088bd8	read
DAT_80096938	80088dd8	read
DAT_80096938	80088fe8	read
DAT_8009A938	80089928	read
DAT_8009B148	80089f08	read_write
DAT_8009B14C	80089f08	read_write
DAT_8009B150	80089f08	read_write
DAT_8009B150	8008a0c0	read
DAT_8009B154	80089f08	read_write
DAT_8009B188	8008b8fc	read_write
DAT_8009B18C	8008b8fc	write
DAT_8009B190	8008c1ac	read_write
DAT_8009B194	8008c414	read_write
DAT_8009B198	8008c6d8	write
DAT_8009B19C	8008c8f8	write
DAT_8009B1A8	8008d058	write
DAT_8009B1A8	8008d068	read_write
DAT_8009B1A8	8008d0e4	read_write
DAT_8009B1A8	8008d150	read
DAT_8009B1C0	8008e5e8	read_write
DAT_8009B1C4	8008e5e8	read
DAT_8009B1C8	8008ea18	read
DAT_8009B1C8	8008ea88	read
DAT_8009B1D8	8008e5e8	read
DAT_8009B1D8	8008eb28	read
DAT_8009B1E8	8008e2a8	write
DAT_8009B1E8	8008e434	write
DAT_8009B1E8	8008e5e8	read_write
DAT_8009B1E8	8008e790	read
DAT_8009B1E8	8008e7e0	write
DAT_8009B1E8	8008eb28	write
DAT_8009B1E8	8008f04c	read_write
DAT_8009B1EC	8008e5e8	read_write
DAT_8009B1EC	8008e790	write
DAT_8009B1EC	8008e7e0	read_write
DAT_8009B1EC	8008eb28	read_write
DAT_8009B1EC	8008f368	read_write
DAT_8009B1F0	8008e5e8	read
DAT_8009B1F0	8008e790	write
DAT_8009B1F0	8008e7e0	read
DAT_8009B1F0	8008eb28	read
DAT_8009B1F4	8008eb28	read_write
DAT_8009B1F8	8008e5e8	read_write
DAT_8009B1FC	8008e790	write
DAT_8009B1FC	8008e7e0	read_write
DAT_8009B1FC	8008f04c	write
DAT_8009B200	8008e790	write
DAT_8009B200	8008e7e0	read_write
DAT_8009B204	8008e7e0	read
DAT_8009B208	8008ea18	read_write
DAT_8009B20C	8008eac8	read
DAT_8009B218	8008eb28	read
DAT_8009B218	8008ec6c	read
DAT_8009B218	8008ee44	read_write
DAT_8009B21C	8008eb28	read
DAT_8009B21C	8008ec6c	read
DAT_8009B21C	8008ee44	write
DAT_8009B228	8008f29c	read
DAT_8009B22C	8008f29c	write
DAT_8009B22C	8008f368	read_write
DAT_8009B230	8008f368	write
DAT_8009B234	8008f368	read_write
DAT_8009B238	8008f368	read_write
DAT_8009B23C	8008e5e8	write
DAT_8009B23C	8008eb28	write
DAT_8009B23C	8008f368	read_write
DAT_8009B240	8008eb28	write
DAT_8009B240	8008f368	write
DAT_8009B248	800901a8	read_write
DAT_8009B248	800902e0	read_write
DAT_8009B24C	800901a8	read_write
DAT_8009B24C	800902a4	read_write
DAT_8009B24C	800902e0	read_write
DAT_8009B258	80090408	read
DAT_8009B25C	80090408	read
DAT_8009B260	80090408	read
DAT_8009B279	8008fab8	read
DAT_8009B279	800901a8	read
DAT_8009B279	800902e0	read
DAT_8009B308	80090ea8	read
DAT_8009B308	800910a8	read
DAT_8009B30C	80090ea8	read
DAT_8009B34C	80090ea8	read
DAT_8009B38C	80090ea8	read
DAT_8009B38C	800910a8	read
DAT_8009B418	80091198	write
DAT_8009B41C	80091198	write
DAT_8009B420	800910a8	write
DAT_8009B420	80091198	write
DAT_8009B420	800913f4	write
DAT_8009B424	80091228	write
DAT_8009B428	80091228	write
DAT_8009B42C	80091018	read
DAT_8009B42C	800910a8	write
DAT_8009B42C	80091228	write
DAT_8009B42C	80091348	read
DAT_8009B42C	800913f4	write
DAT_8009B448	80091198	write
DAT_8009B44C	800910a8	write
DAT_8009B44C	800912b4	read
DAT_8009B44C	800913dc	read
DAT_8009B44C	800913f4	write
DAT_8009B450	80091198	read_write
DAT_8009B450	80091228	read_write
DAT_8009B458	800914a8	read
DAT_8009B45C	800914a8	read_write
DAT_8009B460	800914a8	read_write
DAT_8009B464	800914a8	read_write
DAT_8009B468	800914a8	read_write
DAT_8009B46C	800914a8	read_write
DAT_8009B470	800914a8	read_write
DAT_8009B474	800914a8	read_write
DAT_8009B478	800914a8	read_write
DAT_8009B47C	800914a8	read_write
DAT_8009B480	800914a8	read_write
DAT_8009B488	800917f8	read
DAT_8009C176	80025178	read
DAT_8009C2A0	800128cc	read
DAT_8009C2A4	800128cc	read
DAT_8009C2B0	8001d5d0	read
DAT_8009C2B0	8002367c	read
DAT_8009C2B0	80023dc4	read
DAT_8009C2B9	8001f030	read
DAT_8009C2BC	80020eb0	read_write
DAT_8009C2C0	800223b0	read_write
DAT_8009C2C0	800226d4	write
DAT_8009C2C4	800223b0	read
DAT_8009C2C4	800226d4	read
DAT_8009C2C5	800223b0	read_write
DAT_8009C2C5	800226d4	read
DAT_8009C2C6	800223b0	read_write
DAT_8009C2DC	800304d0	read
DAT_8009C2E0	800304d0	read
DAT_8009C2E4	800304d0	read
DAT_8009C2E4	80031388	read
DAT_8009C2E8	800304d0	read
DAT_8009C2EC	8003d040	read_write
DAT_8009C2EC	8003d0e0	read
DAT_8009C2EC	8003d194	read
DAT_8009C2EC	8003d340	read_write
DAT_8009C2F8	800403d0	read
DAT_8009C2F8	80042c1c	read
DAT_8009C2FA	8002847c	read
DAT_8009C2FA	80033ed0	read
DAT_8009C2FA	800388ac	read
DAT_8009C2FA	8003d638	read
DAT_8009C2FA	80042c48	read
DAT_8009C2FE	80042c6c	read
DAT_8009C300	80044ac4	read
DAT_8009C304	8004c04c	read
DAT_8009C30C	8004dbb4	read_write
DAT_8009C30C	8004f080	read
DAT_8009C30C	8004f92c	write
DAT_8009C30C	8004faf4	write
DAT_8009C30C	8004fb24	read
DAT_8009C30C	8004fb40	read
DAT_8009C310	8004dbb4	read_write
DAT_8009C310	8004ec04	read
DAT_8009C310	8004f92c	read_write
DAT_8009C310	8004faf4	write
DAT_8009C310	8004fb18	write
DAT_8009C310	8004fb24	read
DAT_8009C311	8004dbb4	read_write
DAT_8009C311	8004f92c	write
DAT_8009C311	8004faf4	write
DAT_8009C312	8004d9a4	read_write
DAT_8009C312	8004dbb4	write
DAT_8009C312	8004f598	write
DAT_8009C312	8004f724	read_write
DAT_8009C312	8004f7c0	read_write
DAT_8009C312	8004f92c	write
DAT_8009C312	8004faf4	write
DAT_8009C313	8004d9a4	read
DAT_8009C313	8004dbb4	read
DAT_8009C313	8004f184	read
DAT_8009C313	8004f190	write
DAT_8009C313	8004f28c	read
DAT_8009C313	8004f3c8	read
DAT_8009C313	8004f598	read
DAT_8009C313	8004f5d8	read
DAT_8009C313	8004f724	read
DAT_8009C313	8004f7c0	read
DAT_8009C313	8004f92c	write
DAT_8009C313	8004faf4	write
DAT_8009C314	8004d9a4	read
DAT_8009C314	8004dbb4	read
DAT_8009C314	8004f19c	read
DAT_8009C314	8004f1a8	write
DAT_8009C314	8004f28c	read
DAT_8009C314	8004f3c8	read
DAT_8009C314	8004f598	read
DAT_8009C314	8004f5d8	read
DAT_8009C314	8004f724	read
DAT_8009C314	8004f7c0	read
DAT_8009C314	8004f92c	write
DAT_8009C314	8004faf4	write
DAT_8009C31C	8005622c	read
DAT_8009C31E	80050f78	read
DAT_8009C31E	80051904	read_write
DAT_8009C31E	8005622c	write
DAT_8009C320	80050f78	read
DAT_8009C320	80051904	write
DAT_8009C320	8005622c	write
DAT_8009C322	8005721c	read_write
DAT_8009C322	8005cbe8	write
DAT_8009C324	800563b0	write
DAT_8009C324	80056540	write
DAT_8009C324	80058b4c	write
DAT_8009C324	8005cd2c	write
DAT_8009C324	8005cda4	write
DAT_8009C324	8005cdec	write
DAT_8009C326	80051c54	read
DAT_8009C326	8005cd20	write
DAT_8009C328	800544a4	read_write
DAT_8009C328	80055e94	write
DAT_8009C328	8005d290	write
DAT_8009C329	800544a4	write
DAT_8009C329	80054b9c	read
DAT_8009C329	8005d290	write
DAT_8009C32A	80051c54	read_write
DAT_8009C32A	80052f80	read_write
DAT_8009C32A	80053924	read_write
DAT_8009C32A	80056540	write
DAT_8009C32A	80056620	read_write
DAT_8009C32A	8005cd2c	write
DAT_8009C32A	8005cd90	write
DAT_8009C32A	8005cda4	write
DAT_8009C32A	8005cdd8	write
DAT_8009C32B	80055a14	write
DAT_8009C32B	80056540	write
DAT_8009C32B	8005721c	read_write
DAT_8009C32C	80055a14	write
DAT_8009C32C	80056540	write
DAT_8009C32C	8005721c	read
DAT_8009C330	80051c54	write
DAT_8009C330	80052f80	write
DAT_8009C330	80058b4c	write
DAT_8009C330	800599a0	write
DAT_8009C330	8005bed4	read
DAT_8009C331	80056620	read_write
DAT_8009C332	80012d60	read_write
DAT_8009C332	8005d9cc	read
DAT_8009C333	80012cb8	write
DAT_8009C333	8005bf24	read
DAT_8009C334	80012cb8	write
DAT_8009C334	8005cbf4	write
DAT_8009C337	80053924	read_write
DAT_8009C33C	8005721c	write
DAT_8009C340	8005721c	write
DAT_8009C344	8004cf9c	read
DAT_8009C344	8005721c	write
DAT_8009C348	8004d260	read
DAT_8009C348	8005721c	write
DAT_8009C34C	8005721c	write
DAT_8009C350	8005721c	write
DAT_8009C354	8005721c	write
DAT_8009C358	8005721c	write
DAT_8009C35C	8005721c	write
DAT_8009C360	8005721c	write
DAT_8009C364	8005721c	write
DAT_8009C368	8004cf9c	read
DAT_8009C368	8004d260	read
DAT_8009C368	8005721c	write
DAT_8009C36C	8004cf9c	read
DAT_8009C36C	8004d260	read
DAT_8009C36C	8005721c	write
DAT_8009C370	8004cf9c	read
DAT_8009C370	8004d260	read
DAT_8009C370	8005721c	write
DAT_8009C374	8004cf9c	read
DAT_8009C374	8004d260	read
DAT_8009C374	8005721c	read_write
DAT_8009C378	8005721c	read_write
DAT_8009C379	80051c54	read_write
DAT_8009C37C	80051c54	read
DAT_8009C380	80051c54	read
DAT_8009C38C	80052f80	read
DAT_8009C390	80052f80	read
DAT_8009C394	80053924	read_write
DAT_8009C395	80053924	read_write
DAT_8009C396	80056620	read_write
DAT_8009C398	80056620	read_write
DAT_8009C3AC	80056620	read
DAT_8009C3B4	80056620	read
DAT_8009C3BC	80056620	read
DAT_8009C3D0	80058b4c	read
DAT_8009C3E8	80069d90	read_write
DAT_8009C3E8	8006a07c	read_write
DAT_8009C3E8	8006a354	read_write
DAT_8009C3E8	8006a4d8	read
DAT_8009C3E9	80069d90	write
DAT_8009C3E9	8006a07c	read
DAT_8009C3EA	8006a354	write
DAT_8009C3EA	8006aad0	write
DAT_8009C3EB	80069d90	write
DAT_8009C3EB	8006a07c	write
DAT_8009C3EB	8006a354	write
DAT_8009C3EB	8006a4d8	read_write
DAT_8009C3EC	80069d90	write
DAT_8009C3EC	8006a354	read
DAT_8009C3EC	8006a4d8	write
DAT_8009C3EC	8006aac0	write
DAT_8009C3ED	80069d90	write
DAT_8009C3ED	8006a354	read_write
DAT_8009C3EE	80069d90	write
DAT_8009C3EE	8006a354	read
DAT_8009C3EE	8006a4d8	read_write
DAT_8009C3EF	80069d90	write
DAT_8009C3EF	8006a354	read
DAT_8009C3F0	80069d90	read_write
DAT_8009C3F0	8006a4d8	read_write
DAT_8009C3F4	80069d90	read_write
DAT_8009C3F4	8006a4d8	read
DAT_8009C3F8	80069d90	write
DAT_8009C3F8	8006a4d8	read
DAT_8009C3FC	8006b350	read
DAT_8009C400	8006b350	read
DAT_8009C408	800128cc	read_write
DAT_8009C410	80012f70	read_write
DAT_8009C414	80012a44	write
DAT_8009C414	80012d60	read_write
DAT_8009C41C	80012a44	write
DAT_8009C41C	8003d208	read
DAT_8009C41C	8003d2c0	write
DAT_8009C420	80012f70	read_write
DAT_8009C424	80012a44	write
DAT_8009C424	80012cb8	read
DAT_8009C424	8002847c	write
DAT_8009C424	8002ae34	write
DAT_8009C424	8002cf60	write
DAT_8009C424	8002d2b4	write
DAT_8009C424	8002d354	write
DAT_8009C424	8002dbe0	write
DAT_8009C424	801820c0	write
DAT_8009C425	80012a44	write
DAT_8009C428	80012a44	write
DAT_8009C428	80012cb8	read_write
DAT_8009C428	8003cea4	write
DAT_8009C42C	80012a44	write
DAT_8009C42C	80012cb8	read_write
DAT_8009C42C	80020cb0	read
DAT_8009C42C	800379f0	read
DAT_8009C430	80012d60	read
DAT_8009C430	80013058	write
DAT_8009C431	80013058	write
DAT_8009C432	80013058	write
DAT_8009C433	80013058	write
DAT_8009C433	8002d0bc	write
DAT_8009C433	8002d4ac	write
DAT_8009C434	80012d60	read
DAT_8009C434	80013058	write
DAT_8009C435	80012a44	write
DAT_8009C435	8002d62c	write
DAT_8009C435	8003faf8	write
DAT_8009C438	80012f70	read
DAT_8009C43C	80012a44	write
DAT_8009C43C	80012cb8	read_write
DAT_8009C43C	800150f4	read
DAT_8009C43C	8001522c	read
DAT_8009C43C	80039ac4	read
DAT_8009C43C	80039ba8	read
DAT_8009C43C	8003ae74	read
DAT_8009C43C	8003afd8	read
DAT_8009C43C	8003b0fc	read
DAT_8009C43C	8003b3e4	read
DAT_8009C43C	8003cea4	read
DAT_8009C43C	80042090	read
DAT_8009C43C	80180390	read
DAT_8009C440	80012a44	write
DAT_8009C440	80012cb8	read
DAT_8009C440	80012d60	read
DAT_8009C440	80043e3c	write
DAT_8009C444	80012a44	write
DAT_8009C444	800340e8	read
DAT_8009C44A	80012d60	write
DAT_8009C44A	80013058	write
DAT_8009C44B	80012a44	write
DAT_8009C44B	800170c4	read
DAT_8009C44B	80020eb0	read_write
DAT_8009C44B	80028aa0	read
DAT_8009C44B	80029354	read
DAT_8009C44B	8002be90	read
DAT_8009C44B	8002e11c	write
DAT_8009C44B	8002f898	read
DAT_8009C44B	80032558	read
DAT_8009C44B	8003c90c	read
DAT_8009C44B	8003cae0	read
DAT_8009C44B	80043e3c	read_write
DAT_8009C44B	8006b560	read
DAT_8009C44C	80012f70	read
DAT_8009C450	80012f70	read
DAT_8009C450	800133d0	write
DAT_8009C454	80012a44	write
DAT_8009C454	80012cb8	read_write
DAT_8009C454	80039770	read
DAT_8009C455	80012d60	write
DAT_8009C455	800193dc	write
DAT_8009C455	8002e9c0	write
DAT_8009C456	80012d60	read
DAT_8009C456	80013058	write
DAT_8009C458	80013600	write
DAT_8009C460	80013700	read
DAT_8009C460	800137b4	write
DAT_8009C460	800139b0	read_write
DAT_8009C460	80013a84	read_write
DAT_8009C460	80013b44	read_write
DAT_8009C460	80013fbc	read_write
DAT_8009C460	80014050	read_write
DAT_8009C460	800140c4	read_write
DAT_8009C460	8001413c	read_write
DAT_8009C460	800141b0	read_write
DAT_8009C460	80014224	read_write
DAT_8009C460	800142ac	read_write
DAT_8009C460	800142f8	write
DAT_8009C460	800143d4	read_write
DAT_8009C460	80014478	read_write
DAT_8009C460	80014978	read
DAT_8009C460	80014a4c	read_write
DAT_8009C460	80014b5c	read_write
DAT_8009C460	80014d38	read_write
DAT_8009C460	80014e08	read
DAT_8009C460	80014ec0	read
DAT_8009C460	80014f54	read
DAT_8009C460	80014f94	read_write
DAT_8009C460	800170c4	read_write
DAT_8009C460	80019598	read
DAT_8009C460	80020b44	read_write
DAT_8009C460	80020eb0	read
DAT_8009C460	800247f0	write
DAT_8009C460	80024f14	read
DAT_8009C460	800262dc	read
DAT_8009C460	8002847c	read
DAT_8009C460	80028aa0	read_write
DAT_8009C460	800292dc	write
DAT_8009C460	8002ae34	read
DAT_8009C460	8002be90	read_write
DAT_8009C460	8002e11c	write
DAT_8009C460	8002e70c	read
DAT_8009C460	8002e9c0	read
DAT_8009C460	8002ef08	read
DAT_8009C460	8002f724	read_write
DAT_8009C460	8002f898	read
DAT_8009C460	8002fdc8	read_write
DAT_8009C460	80032558	read_write
DAT_8009C460	80035e4c	read_write
DAT_8009C460	80035eb0	read_write
DAT_8009C460	8003a3ac	read_write
DAT_8009C460	8003a8f0	read_write
DAT_8009C460	8003baf4	read_write
DAT_8009C460	8003bd0c	read_write
DAT_8009C460	8003c010	read_write
DAT_8009C460	8003c200	read_write
DAT_8009C460	8003c424	read_write
DAT_8009C460	8003c5c4	read_write
DAT_8009C460	8003c76c	read_write
DAT_8009C460	8003c96c	read_write
DAT_8009C460	80043658	read_write
DAT_8009C460	800438d4	read_write
DAT_8009C460	80043cd4	read
DAT_8009C460	80043e3c	read
DAT_8009C460	80052f80	read
DAT_8009C460	800536d8	read
DAT_8009C460	80056620	read
DAT_8009C460	8005967c	write
DAT_8009C460	80059ef4	read_write
DAT_8009C460	8005a6c0	read_write
DAT_8009C460	8005a92c	read_write
DAT_8009C460	8006b350	read_write
DAT_8009C464	8001413c	write
DAT_8009C464	800141b0	write
DAT_8009C464	80014224	write
DAT_8009C464	80014478	read_write
DAT_8009C468	800141b0	read
DAT_8009C468	80014478	read_write
DAT_8009C469	80014478	write
DAT_8009C46C	800137b4	write
DAT_8009C470	80014a4c	read_write
DAT_8009C470	80045918	write
DAT_8009C474	800137b4	write
DAT_8009C478	80013b44	read_write
DAT_8009C478	80013fbc	write
DAT_8009C47C	800137b4	write
DAT_8009C47C	800142f8	read_write
DAT_8009C47C	80014478	read_write
DAT_8009C47C	80014b5c	read_write
DAT_8009C47C	80014f2c	read_write
DAT_8009C47C	80025850	read
DAT_8009C480	800137b4	write
DAT_8009C480	80013fbc	read_write
DAT_8009C480	80014050	read_write
DAT_8009C480	800140c4	read_write
DAT_8009C480	8001413c	read_write
DAT_8009C480	800141b0	read_write
DAT_8009C480	80014224	read_write
DAT_8009C484	80013700	read
DAT_8009C484	800137b4	write
DAT_8009C484	800143d4	read_write
DAT_8009C484	80014978	read_write
DAT_8009C484	80014d38	read
DAT_8009C484	80014e08	read
DAT_8009C484	80014ec0	read_write
DAT_8009C484	80019598	write
DAT_8009C484	80020eb0	write
DAT_8009C484	80024f14	write
DAT_8009C484	800262dc	write
DAT_8009C484	8002847c	write
DAT_8009C484	8002ae34	write
DAT_8009C484	8002e70c	write
DAT_8009C484	8002e9c0	write
DAT_8009C484	8002ef08	read
DAT_8009C484	8002f898	write
DAT_8009C484	8003a8f0	write
DAT_8009C484	80043cd4	write
DAT_8009C484	80043e3c	read
DAT_8009C484	80052f80	write
DAT_8009C484	800536d8	read_write
DAT_8009C484	80056620	write
DAT_8009C488	800137b4	write
DAT_8009C488	80014478	read
DAT_8009C488	80046c24	write
DAT_8009C48C	800137b4	write
DAT_8009C490	800137b4	write
DAT_8009C490	80014978	write
DAT_8009C494	800137b4	write
DAT_8009C494	80014978	write
DAT_8009C498	80014478	read_write
DAT_8009C49C	800137b4	write
DAT_8009C49C	80014478	read
DAT_8009C49C	80046c24	write
DAT_8009C4A0	800137b4	write
DAT_8009C4A4	80013b44	read_write
DAT_8009C4A8	80013600	write
DAT_8009C4A8	800137b4	write
DAT_8009C4A8	80014d38	read_write
DAT_8009C4A8	80014e08	read_write
DAT_8009C4AC	80013b44	read_write
DAT_8009C4AC	80013fbc	write
DAT_8009C4B0	800137b4	write
DAT_8009C4B0	80014a4c	read
DAT_8009C4B0	800170c4	read
DAT_8009C4B0	80020b44	read
DAT_8009C4B0	80028aa0	read
DAT_8009C4B0	8002be90	read
DAT_8009C4B0	8002f724	read
DAT_8009C4B0	8002fdc8	read
DAT_8009C4B0	80032558	read
DAT_8009C4B0	8003a3ac	read
DAT_8009C4B0	8003baf4	read
DAT_8009C4B0	8003bd0c	read
DAT_8009C4B0	8003c010	read
DAT_8009C4B0	8003c200	read
DAT_8009C4B0	8003c424	read
DAT_8009C4B0	8003c5c4	read
DAT_8009C4B0	8003c76c	read
DAT_8009C4B0	8003c96c	read
DAT_8009C4B0	80043658	read
DAT_8009C4B0	800438d4	read
DAT_8009C4B0	80059ef4	read
DAT_8009C4B0	8005a6c0	read
DAT_8009C4B0	8005a92c	read
DAT_8009C4B0	8006b350	read
DAT_8009C4B4	80013fbc	read
DAT_8009C4B4	80014050	read
DAT_8009C4B4	80014224	read
DAT_8009C4B4	80014478	read
DAT_8009C4B8	80012d60	read
DAT_8009C4B8	8001522c	read_write
DAT_8009C4B8	80015400	read
DAT_8009C4B8	8001569c	read_write
DAT_8009C4B8	80015c18	write
DAT_8009C4B8	80015c28	write
DAT_8009C4B9	80012d60	read
DAT_8009C4B9	80013058	write
DAT_8009C4B9	8001522c	write
DAT_8009C4B9	800155f8	write
DAT_8009C4B9	80015648	write
DAT_8009C4B9	80035eb0	write
DAT_8009C4B9	80044084	write
DAT_8009C4B9	80069d90	read
DAT_8009C4B9	8006a07c	read
DAT_8009C4BA	80012d60	read
DAT_8009C4BA	80013058	write
DAT_8009C4BA	8001522c	write
DAT_8009C4BA	800155f8	write
DAT_8009C4BA	80015648	write
DAT_8009C4BA	80035eb0	write
DAT_8009C4BA	80044084	write
DAT_8009C4BA	80069d90	read
DAT_8009C4BA	8006a07c	read
DAT_8009C4BB	80012d60	read
DAT_8009C4BB	80013058	write
DAT_8009C4BB	8001522c	write
DAT_8009C4BB	800155f8	write
DAT_8009C4BB	80015648	write
DAT_8009C4BB	80035eb0	write
DAT_8009C4BB	80044084	write
DAT_8009C4BB	80069d90	read
DAT_8009C4BB	8006a07c	read
DAT_8009C4BC	80013058	write
DAT_8009C4BC	8001522c	read
DAT_8009C4BC	80015648	write
DAT_8009C4BC	8001578c	write
DAT_8009C4BD	80013058	write
DAT_8009C4BD	8001522c	read
DAT_8009C4BD	80015648	write
DAT_8009C4BD	8001578c	write
DAT_8009C4BE	80013058	write
DAT_8009C4BE	8001522c	read
DAT_8009C4BE	80015648	write
DAT_8009C4BE	8001578c	write
DAT_8009C4C0	800219ac	write
DAT_8009C4C0	8002a7f0	write
DAT_8009C4C0	8002ae34	read
DAT_8009C4C0	8002c1ac	write
DAT_8009C4C0	8002e70c	write
DAT_8009C4C0	8002e9c0	write
DAT_8009C4C0	8002eca0	read_write
DAT_8009C4C0	8002ff64	write
DAT_8009C4C0	80031b58	read
DAT_8009C4C0	80032824	write
DAT_8009C4C0	80033de4	read_write
DAT_8009C4C0	80036298	read
DAT_8009C4C0	800379f0	read_write
DAT_8009C4C0	800408bc	read
DAT_8009C4C0	80040c04	read
DAT_8009C4C0	8004110c	read
DAT_8009C4C0	8004139c	read
DAT_8009C4C0	800418c0	read
DAT_8009C4C0	8006b080	write
DAT_8009C4C2	800219ac	write
DAT_8009C4C2	8002a7f0	read_write
DAT_8009C4C2	8002ae34	read
DAT_8009C4C2	8002c1ac	write
DAT_8009C4C2	8002e70c	write
DAT_8009C4C2	8002e9c0	write
DAT_8009C4C2	8002eca0	read_write
DAT_8009C4C2	8002ff64	write
DAT_8009C4C2	80031b58	read
DAT_8009C4C2	80032824	write
DAT_8009C4C2	80036298	read
DAT_8009C4C2	800379f0	read_write
DAT_8009C4C2	800408bc	read
DAT_8009C4C2	80040c04	read
DAT_8009C4C2	8004110c	read
DAT_8009C4C2	8004139c	read
DAT_8009C4C2	800418c0	read
DAT_8009C4C2	8006b080	write
DAT_8009C4C4	8001522c	write
DAT_8009C4C4	80015400	read_write
DAT_8009C4C4	8002847c	write
DAT_8009C4C4	80033ed0	write
DAT_8009C4C4	800388ac	write
DAT_8009C4C5	800150cc	write
DAT_8009C4C5	8001522c	write
DAT_8009C4C5	800155f8	write
DAT_8009C4C5	80015648	read
DAT_8009C4C5	80015738	write
DAT_8009C4C5	8001578c	read
DAT_8009C4C5	8002e9c0	write
DAT_8009C4CA	80022e50	write
DAT_8009C4CA	8002367c	read
DAT_8009C4CC	8001798c	write
DAT_8009C4CC	80022e50	write
DAT_8009C4CC	8002367c	read_write
DAT_8009C4D0	80025fec	read
DAT_8009C4DC	80022e50	write
DAT_8009C4DC	8002367c	read
DAT_8009C4E4	800256ac	read_write
DAT_8009C4E4	80025a1c	read_write
DAT_8009C4E4	80025de0	read_write
DAT_8009C4E4	80026180	read_write
DAT_8009C4E4	80026384	read_write
DAT_8009C4E8	8001798c	write
DAT_8009C4E8	80020eb0	read
DAT_8009C4E8	80024f14	read
DAT_8009C4EC	8001d5d0	read_write
DAT_8009C4F0	8001d5d0	read_write
DAT_8009C4F8	8001798c	write
DAT_8009C4F8	800219ac	read
DAT_8009C4FC	8001798c	write
DAT_8009C500	80017544	write
DAT_8009C500	8001798c	write
DAT_8009C500	80017d44	read
DAT_8009C500	80017f94	read
DAT_8009C500	80018c88	read
DAT_8009C500	80019598	read
DAT_8009C500	8001ba64	read
DAT_8009C500	8001d5d0	read
DAT_8009C500	80023200	read
DAT_8009C500	80024f14	read
DAT_8009C500	80025178	read
DAT_8009C500	80027a44	read
DAT_8009C504	80015d18	write
DAT_8009C504	80016d8c	read_write
DAT_8009C504	80017544	read
DAT_8009C504	8001798c	read_write
DAT_8009C504	80019c58	write
DAT_8009C504	8001b100	read
DAT_8009C504	8001b8ac	read
DAT_8009C504	8001ba64	read
DAT_8009C504	8001d5d0	read
DAT_8009C504	8001f030	read
DAT_8009C504	8001f2c4	read
DAT_8009C504	80022730	write
DAT_8009C504	80022ab0	read_write
DAT_8009C504	80022fa8	read
DAT_8009C504	8002314c	read
DAT_8009C504	80023200	read
DAT_8009C504	80023548	read
DAT_8009C504	800235a0	read
DAT_8009C504	8002367c	read
DAT_8009C504	80023dc4	read
DAT_8009C504	8002416c	read
DAT_8009C504	80024444	read
DAT_8009C504	800250d8	read
DAT_8009C504	8002543c	read
DAT_8009C504	800256ac	read
DAT_8009C504	80025a1c	read
DAT_8009C504	80025c9c	read
DAT_8009C504	80025de0	read
DAT_8009C504	80025fec	read
DAT_8009C504	80026180	read
DAT_8009C504	80026384	read
DAT_8009C504	80026adc	read
DAT_8009C504	80026c94	read
DAT_8009C504	80026cf4	read
DAT_8009C504	80026da0	read
DAT_8009C504	80027590	read
DAT_8009C504	80027928	read
DAT_8009C504	80027a44	read
DAT_8009C504	800282a8	read
DAT_8009C504	8002c9bc	read
DAT_8009C504	8002cb88	read
DAT_8009C504	80071b14	read
DAT_8009C508	80021538	read
DAT_8009C508	80021654	read
DAT_8009C508	800219ac	read_write
DAT_8009C50C	80020eb0	read_write
DAT_8009C50F	8001d514	read_write
DAT_8009C50F	8001d5d0	write
DAT_8009C510	8001d514	read
DAT_8009C510	8001d5d0	write
DAT_8009C511	80012a44	write
DAT_8009C511	80017544	read
DAT_8009C511	8002de14	read
DAT_8009C518	80022e50	write
DAT_8009C518	8002367c	read_write
DAT_8009C51C	8001798c	write
DAT_8009C520	8001b100	write
DAT_8009C520	8001f2c4	read_write
DAT_8009C520	80025178	write
DAT_8009C520	80026384	read_write
DAT_8009C528	8001d478	read_write
DAT_8009C528	8001d5d0	read_write
DAT_8009C52E	8001d5d0	read_write
DAT_8009C530	80022e50	write
DAT_8009C530	8002367c	read
DAT_8009C534	80022e50	write
DAT_8009C534	8002367c	read
DAT_8009C538	800223b0	read_write
DAT_8009C53C	80022e50	write
DAT_8009C53C	8002367c	read_write
DAT_8009C540	80022e50	write
DAT_8009C540	8002367c	read_write
DAT_8009C548	800208e8	read_write
DAT_8009C54C	800208e8	read_write
DAT_8009C550	8001798c	write
DAT_8009C550	80024ee0	read_write
DAT_8009C550	80024f14	read_write
DAT_8009C550	80025178	read_write
DAT_8009C550	8002543c	read_write
DAT_8009C550	800256ac	read_write
DAT_8009C550	80025a1c	write
DAT_8009C550	80025c9c	read_write
DAT_8009C550	80025de0	read_write
DAT_8009C550	80025f90	write
DAT_8009C550	80025fec	read_write
DAT_8009C550	80026180	write
DAT_8009C550	800262dc	write
DAT_8009C550	80026384	write
DAT_8009C550	80026adc	write
DAT_8009C550	80026bbc	read
DAT_8009C550	80026c2c	write
DAT_8009C554	8001d5d0	write
DAT_8009C556	8001d5d0	write
DAT_8009C558	8001f030	write
DAT_8009C558	800250d8	write
DAT_8009C558	80025178	write
DAT_8009C55C	8001798c	read_write
DAT_8009C55C	80020eb0	read
DAT_8009C560	8001d5d0	write
DAT_8009C560	800208e8	read_write
DAT_8009C561	8001798c	write
DAT_8009C561	80020eb0	write
DAT_8009C561	80024444	read
DAT_8009C562	80022e50	write
DAT_8009C562	8002367c	read
DAT_8009C564	8001798c	write
DAT_8009C564	80019598	read_write
DAT_8009C564	8001b100	read_write
DAT_8009C564	8001d5d0	read_write
DAT_8009C564	80020eb0	read_write
DAT_8009C564	800219ac	read_write
DAT_8009C564	800223b0	read_write
DAT_8009C564	800242bc	read
DAT_8009C566	80022e50	write
DAT_8009C566	8002367c	read
DAT_8009C568	8001d5d0	write
DAT_8009C56C	80022e50	write
DAT_8009C56C	8002367c	read
DAT_8009C570	80022e50	write
DAT_8009C570	8002367c	read
DAT_8009C574	80019598	read_write
DAT_8009C578	80017544	read
DAT_8009C578	8002de14	read_write
DAT_8009C57A	80017544	read
DAT_8009C57A	8002de14	read_write
DAT_8009C57C	8001b100	read_write
DAT_8009C57E	8001798c	write
DAT_8009C57E	8001b8ac	write
DAT_8009C57E	8001d514	write
DAT_8009C57E	8001d5d0	read_write
DAT_8009C57E	8001f2c4	write
DAT_8009C57E	80020eb0	write
DAT_8009C57E	8002367c	read_write
DAT_8009C57E	80023dc4	write
DAT_8009C57E	8002416c	write
DAT_8009C57E	800242bc	read
DAT_8009C580	8001798c	write
DAT_8009C580	8001bcbc	write
DAT_8009C580	800242bc	read_write
DAT_8009C582	8001798c	read_write
DAT_8009C582	8001d5d0	read_write
DAT_8009C582	800219ac	read_write
DAT_8009C582	800242bc	read_write
DAT_8009C582	80027a44	read
DAT_8009C582	8002d0bc	read
DAT_8009C584	8001d5d0	read_write
DAT_8009C584	80020eb0	read
DAT_8009C584	80021654	read
DAT_8009C584	800219ac	read
DAT_8009C585	8001798c	write
DAT_8009C585	80019598	read_write
DAT_8009C585	8001b100	read_write
DAT_8009C585	8001d5d0	read_write
DAT_8009C585	80020eb0	read_write
DAT_8009C585	800242bc	write
DAT_8009C588	800223b0	read_write
DAT_8009C58C	800223b0	read_write
DAT_8009C590	8001d514	read_write
DAT_8009C590	8001d5d0	write
DAT_8009C594	8001d5d0	write
DAT_8009C596	8001d5d0	write
DAT_8009C598	80024f14	read_write
DAT_8009C598	800256ac	read_write
DAT_8009C598	80025a1c	read_write
DAT_8009C598	80025c9c	read_write
DAT_8009C598	80025fec	read_write
DAT_8009C598	80026384	read_write
DAT_8009C59C	8001b100	read
DAT_8009C59C	8001d5d0	write
DAT_8009C59C	80026384	read_write
DAT_8009C59E	800262dc	read_write
DAT_8009C59E	80026384	read_write
DAT_8009C5A4	80026bbc	read
DAT_8009C5A4	80026c2c	write
DAT_8009C5A8	8002543c	read_write
DAT_8009C5AA	8002543c	read_write
DAT_8009C5B0	80016f50	read
DAT_8009C5B0	8001b8ac	read_write
DAT_8009C5B0	8001d5d0	read_write
DAT_8009C5B0	8002367c	read
DAT_8009C5B4	8001f030	write
DAT_8009C5B4	8001f2c4	read
DAT_8009C5B4	800250d8	write
DAT_8009C5B8	8001d5d0	read_write
DAT_8009C5B8	800208e8	read
DAT_8009C5BC	80026384	read_write
DAT_8009C5C0	8001798c	write
DAT_8009C5C0	8002416c	read_write
DAT_8009C5C2	8001f2c4	read_write
DAT_8009C5C2	80020eb0	read_write
DAT_8009C5C2	80025de0	read_write
DAT_8009C5C2	80026180	read_write
DAT_8009C5C4	80024f14	read
DAT_8009C5C4	80025178	read
DAT_8009C5C4	8002543c	read
DAT_8009C5C4	80025de0	read
DAT_8009C5C4	800262dc	read
DAT_8009C5C4	80026384	read
DAT_8009C5C4	80026c2c	read_write
DAT_8009C5C8	80022e50	write
DAT_8009C5C8	8002367c	read_write
DAT_8009C5D0	800289a4	read_write
DAT_8009C5D4	8002847c	read_write
DAT_8009C5D8	8001d5d0	write
DAT_8009C5D8	8002416c	write
DAT_8009C5D8	8002847c	read
DAT_8009C5D8	80033a3c	write
DAT_8009C5D8	80033bf0	write
DAT_8009C5D8	80182408	write
DAT_8009C5DA	80028398	read
DAT_8009C5DC	8001d5d0	write
DAT_8009C5DC	8002416c	write
DAT_8009C5DC	80028398	read_write
DAT_8009C5DC	8002847c	read_write
DAT_8009C5DC	800289a4	read_write
DAT_8009C5DC	80028a2c	read_write
DAT_8009C5DC	8002cf60	write
DAT_8009C5DC	8002d038	write
DAT_8009C5DC	80033a3c	write
DAT_8009C5DC	80033bf0	write
DAT_8009C5DC	80182408	write
DAT_8009C5DD	8001d5d0	write
DAT_8009C5DD	8002416c	write
DAT_8009C5DD	80033a3c	write
DAT_8009C5DD	80033bf0	write
DAT_8009C5DD	80182408	write
DAT_8009C5DE	80028370	read_write
DAT_8009C5DE	80028398	read_write
DAT_8009C5DE	8002847c	read_write
DAT_8009C5DE	800289a4	write
DAT_8009C5E0	8002847c	read_write
DAT_8009C5E8	8002847c	read_write
DAT_8009C5F0	8002a638	read_write
DAT_8009C5F0	8002a918	read
DAT_8009C5F0	8002c1ac	read
DAT_8009C5F1	8002a638	read_write
DAT_8009C5F1	8002a918	read
DAT_8009C5F1	8002c1ac	read
DAT_8009C5F8	800242bc	read_write
DAT_8009C5F8	80025a1c	read
DAT_8009C5F8	80025c9c	read
DAT_8009C5F8	80025de0	read
DAT_8009C5F8	8002c76c	write
DAT_8009C60A	80024e84	write
DAT_8009C60A	8002847c	read
DAT_8009C60A	8002a918	write
DAT_8009C60A	8002cfdc	read_write
DAT_8009C60A	8002d038	read_write
DAT_8009C60A	8002d0bc	read_write
DAT_8009C60A	8002d2b4	read_write
DAT_8009C60A	8002d354	read_write
DAT_8009C60A	8002d4ac	read_write
DAT_8009C60A	8002d544	read_write
DAT_8009C60A	8002d5cc	read_write
DAT_8009C60A	8002d62c	write
DAT_8009C60A	8002d75c	read_write
DAT_8009C60A	8002d8f4	read_write
DAT_8009C60A	8002d990	read_write
DAT_8009C60A	8002dbe0	read_write
DAT_8009C60A	8002de14	read_write
DAT_8009C60A	8002df60	read_write
DAT_8009C60A	8002f128	write
DAT_8009C60A	800312b8	write
DAT_8009C60A	80034190	write
DAT_8009C60A	80038504	write
DAT_8009C60B	8002d0bc	read_write
DAT_8009C60B	8002d990	write
DAT_8009C60B	8002dbe0	read_write
DAT_8009C60C	8002d62c	write
DAT_8009C60C	8002d75c	read
DAT_8009C60C	8002d8f4	write
DAT_8009C60C	8002f128	write
DAT_8009C60D	80012a44	write
DAT_8009C60D	8002a918	read
DAT_8009C60D	8002cfdc	write
DAT_8009C60D	8002d354	read
DAT_8009C60D	8002d544	read
DAT_8009C60D	8002d75c	write
DAT_8009C60D	8002d8f4	read
DAT_8009C60D	8002d990	read
DAT_8009C60D	8002de14	read
DAT_8009C60D	8002f128	write
DAT_8009C60D	800312b8	write
DAT_8009C60E	8002d62c	write
DAT_8009C60E	8002d75c	read
DAT_8009C60E	8002d8f4	write
DAT_8009C60E	8002f128	write
DAT_8009C610	8002e650	read_write
DAT_8009C610	8002e70c	read_write
DAT_8009C610	8002e9c0	read_write
DAT_8009C610	8002ebac	write
DAT_8009C610	8002eca0	write
DAT_8009C610	8002ee0c	write
DAT_8009C610	8002ef08	write
DAT_8009C610	8002f044	write
DAT_8009C610	8002f128	read_write
DAT_8009C610	8002f6a4	write
DAT_8009C610	8002fbb8	write
DAT_8009C610	8002fc24	write
DAT_8009C610	8002fca4	read_write
DAT_8009C610	80037614	write
DAT_8009C610	800376b4	write
DAT_8009C610	800393b8	read_write
DAT_8009C612	8002eca0	read_write
DAT_8009C612	800376b4	write
DAT_8009C614	8002ff64	write
DAT_8009C618	8002eca0	read_write
DAT_8009C61C	8002eca0	read_write
DAT_8009C620	8002f128	read_write
DAT_8009C622	8002fca4	read_write
DAT_8009C624	8002e70c	read_write
DAT_8009C624	8002ebac	read_write
DAT_8009C624	8002ee0c	read_write
DAT_8009C624	8002ef08	read_write
DAT_8009C624	8002f044	read_write
DAT_8009C624	8002f128	read_write
DAT_8009C624	8002f6a4	read_write
DAT_8009C624	8002fbb8	read_write
DAT_8009C624	8002fc24	read_write
DAT_8009C624	8002fca4	read_write
DAT_8009C628	8002fca4	read_write
DAT_8009C628	8002ff64	write
DAT_8009C62A	8002e9c0	read
DAT_8009C62A	8002eca0	read
DAT_8009C62A	80037614	write
DAT_8009C62A	800376b4	write
DAT_8009C62C	8002e9c0	read
DAT_8009C62C	8002eca0	read
DAT_8009C62C	80037614	write
DAT_8009C62C	800376b4	read_write
DAT_8009C630	8002e70c	read_write
DAT_8009C630	8002e9c0	read
DAT_8009C630	80037614	read_write
DAT_8009C634	8002ee0c	write
DAT_8009C638	8002d038	read
DAT_8009C638	8002d0bc	write
DAT_8009C638	8002d62c	write
DAT_8009C638	8002f128	write
DAT_8009C638	8003d2c0	write
DAT_8009C63C	8002e9c0	read_write
DAT_8009C640	8002fbb8	read_write
DAT_8009C644	8002eca0	read_write
DAT_8009C648	8002eca0	read_write
DAT_8009C650	8003048c	write
DAT_8009C650	800304d0	read
DAT_8009C651	8003048c	write
DAT_8009C652	8003048c	write
DAT_8009C654	8003048c	write
DAT_8009C654	800304d0	read
DAT_8009C655	8003048c	write
DAT_8009C656	8003048c	write
DAT_8009C658	8003048c	write
DAT_8009C658	800304d0	read
DAT_8009C65C	8003031c	read
DAT_8009C65C	800303ec	write
DAT_8009C660	800304d0	read
DAT_8009C662	800304d0	read
DAT_8009C664	800304d0	read
DAT_8009C66C	8003048c	write
DAT_8009C66C	800304d0	read_write
DAT_8009C66D	8003048c	write
DAT_8009C66D	800304d0	read
DAT_8009C670	8003048c	write
DAT_8009C670	800304d0	read_write
DAT_8009C672	8003048c	write
DAT_8009C672	800304d0	read_write
DAT_8009C673	800303ec	write
DAT_8009C673	80031388	read_write
DAT_8009C674	8003048c	write
DAT_8009C674	800304d0	read
DAT_8009C678	800303ec	write
DAT_8009C678	80031388	read_write
DAT_8009C679	8003031c	read
DAT_8009C679	80031388	read_write
DAT_8009C67A	800303ec	write
DAT_8009C680	8002d0bc	write
DAT_8009C680	8002d544	read
DAT_8009C680	80033ed0	read
DAT_8009C680	80034190	write
DAT_8009C684	80031b58	read
DAT_8009C684	80033144	read
DAT_8009C684	80033e98	read
DAT_8009C684	800340e8	read
DAT_8009C688	8001d5d0	read_write
DAT_8009C688	80034d30	read
DAT_8009C688	80035b68	write
DAT_8009C68C	80016418	read_write
DAT_8009C68C	80022174	read_write
DAT_8009C68C	80034d30	read
DAT_8009C68C	80035ac8	read_write
DAT_8009C68C	80035b68	write
DAT_8009C690	80016418	write
DAT_8009C690	800341f8	read_write
DAT_8009C690	80034d30	read_write
DAT_8009C690	80035ac8	write
DAT_8009C694	80016418	read_write
DAT_8009C694	800341f8	read_write
DAT_8009C694	80034d30	read
DAT_8009C694	80035ac8	read_write
DAT_8009C698	80016418	read
DAT_8009C698	80035ac8	read
DAT_8009C69C	80016418	read
DAT_8009C69C	80035ac8	read_write
DAT_8009C6A0	80012d60	read
DAT_8009C6A0	80035e4c	write
DAT_8009C6A0	80035eb0	read_write
DAT_8009C6A0	80035f58	write
DAT_8009C6A0	80044084	read
DAT_8009C6A8	80036ef0	read
DAT_8009C6A8	8003712c	read
DAT_8009C6A8	80038bf0	write
DAT_8009C6AC	80038eb8	write
DAT_8009C6B2	8003876c	write
DAT_8009C6B4	800219ac	write
DAT_8009C6B8	8001b100	write
DAT_8009C6B8	800219ac	write
DAT_8009C6B8	80023200	read_write
DAT_8009C6B8	80026384	write
DAT_8009C6B8	8002847c	write
DAT_8009C6B8	8002a484	read_write
DAT_8009C6B8	8002ae34	read_write
DAT_8009C6B8	80032078	read_write
DAT_8009C6B8	80037d3c	read
DAT_8009C6B8	8006aed4	write
DAT_8009C6BC	80038bf0	write
DAT_8009C6BC	80038e10	read
DAT_8009C6BC	800393b8	write
DAT_8009C6C0	80023200	write
DAT_8009C6C1	8002f128	write
DAT_8009C6C1	80036f7c	read
DAT_8009C6C1	80038bf0	write
DAT_8009C6C4	800379f0	read_write
DAT_8009C6C6	800379f0	read_write
DAT_8009C6C8	8002f128	write
DAT_8009C6C8	80036e7c	read
DAT_8009C6C8	8003712c	read
DAT_8009C6C8	80038bf0	write
DAT_8009C6CC	8003868c	write
DAT_8009C6CC	8003876c	write
DAT_8009C6CC	800387d4	write
DAT_8009C6CC	80038adc	write
DAT_8009C6CC	80038bf0	write
DAT_8009C6CC	80038e10	write
DAT_8009C6CC	80038eb8	write
DAT_8009C6CC	800393b8	read_write
DAT_8009C6D0	8001b100	read
DAT_8009C6D0	800242bc	read
DAT_8009C6D0	80026384	read
DAT_8009C6D0	8002f128	read_write
DAT_8009C6D0	80033ed0	read
DAT_8009C6D0	80036e7c	read
DAT_8009C6D0	80036ef0	read
DAT_8009C6D0	80036f7c	read_write
DAT_8009C6D0	8003712c	read_write
DAT_8009C6D0	80038bf0	read_write
DAT_8009C6D0	8003d638	write
DAT_8009C6D0	8003dde0	read
DAT_8009C6D0	8003e5e4	read
DAT_8009C6D0	8003e9a8	read_write
DAT_8009C6D1	800219ac	write
DAT_8009C6D1	80023200	read_write
DAT_8009C6D1	800389ac	read
DAT_8009C6D1	8006b170	write
DAT_8009C6D2	80037614	write
DAT_8009C6D2	800376b4	write
DAT_8009C6D2	800393b8	read_write
DAT_8009C6D6	800393b8	write
DAT_8009C6D6	80039770	read_write
DAT_8009C6D8	800219ac	read_write
DAT_8009C6D8	80023200	read_write
DAT_8009C6D8	80038a18	read
DAT_8009C6D9	80039770	read_write
DAT_8009C6DA	800393b8	read_write
DAT_8009C6DC	80037990	read_write
DAT_8009C6DC	800379f0	read_write
DAT_8009C6DE	8003753c	read_write
DAT_8009C6DF	8003a8f0	read_write
DAT_8009C6E0	8003712c	read_write
DAT_8009C6E0	80038bf0	write
DAT_8009C6E1	80023200	write
DAT_8009C6E1	8002a484	write
DAT_8009C6E1	80037d3c	read
DAT_8009C6E4	80039ab0	write
DAT_8009C6E4	8003a0cc	read_write
DAT_8009C6EA	80024e84	write
DAT_8009C6EA	80031228	write
DAT_8009C6EA	80038504	write
DAT_8009C6EC	80024e84	write
DAT_8009C6EC	8002d0bc	read
DAT_8009C6EC	80038504	write
DAT_8009C6EE	80024e84	write
DAT_8009C6EE	80038504	write
DAT_8009C6F2	80017544	read
DAT_8009C6F2	8001798c	read
DAT_8009C6F2	80019c58	read
DAT_8009C6F2	8001b100	read
DAT_8009C6F2	8001d5d0	read
DAT_8009C6F2	800219ac	read
DAT_8009C6F2	80024e84	write
DAT_8009C6F2	80026384	read
DAT_8009C6F2	80038504	write
DAT_8009C6F3	80017544	read
DAT_8009C6F3	8001798c	read
DAT_8009C6F3	80019c58	read
DAT_8009C6F3	8001bcbc	read
DAT_8009C6F3	80020eb0	read
DAT_8009C6F3	800219ac	read
DAT_8009C6F3	80024444	read
DAT_8009C6F3	80024e84	write
DAT_8009C6F3	8002d0bc	read
DAT_8009C6F3	80038504	read_write
DAT_8009C6F3	80070d3c	read
DAT_8009C6F3	800719ec	read
DAT_8009C6F4	80020eb0	write
DAT_8009C6F4	8002d0bc	read
DAT_8009C6F6	80024e84	write
DAT_8009C6F6	80038504	write
DAT_8009C6F8	8002d4ac	read
DAT_8009C6F9	80017930	read
DAT_8009C6F9	8001798c	read
DAT_8009C6F9	80024a38	read
DAT_8009C6F9	80024e84	write
DAT_8009C6F9	80024f14	read_write
DAT_8009C6F9	8002d354	read
DAT_8009C6F9	80038504	write
DAT_8009C6F9	80071a28	read
DAT_8009C6FA	8002d0bc	read_write
DAT_8009C6FA	8002de14	write
DAT_8009C6FA	80031228	write
DAT_8009C6FA	80038504	write
DAT_8009C6FB	8002d62c	write
DAT_8009C6FC	8001798c	read_write
DAT_8009C6FC	80024e84	write
DAT_8009C6FC	8002d0bc	write
DAT_8009C6FC	80038504	write
DAT_8009C700	8003cb44	write
DAT_8009C700	8003cc58	read
DAT_8009C708	8003cfc4	write
DAT_8009C708	8003d014	read
DAT_8009C70A	8003cfc4	write
DAT_8009C70A	8003d014	read
DAT_8009C70C	8003cd78	write
DAT_8009C70C	8003ce34	read_write
DAT_8009C70C	8003cea4	read_write
DAT_8009C710	80022174	read
DAT_8009C710	800223b0	read
DAT_8009C710	80024078	read
DAT_8009C710	8002416c	read
DAT_8009C710	8002a918	read
DAT_8009C710	800304d0	read
DAT_8009C710	800335b8	read
DAT_8009C710	80033a3c	write
DAT_8009C710	80033bf0	write
DAT_8009C710	8003753c	read
DAT_8009C710	800393b8	read
DAT_8009C710	8003cea4	write
DAT_8009C710	8003cfc4	read_write
DAT_8009C710	8003d014	write
DAT_8009C710	80056620	read
DAT_8009C710	80182408	read
DAT_8009C712	800304d0	read
DAT_8009C712	8003cd78	read
DAT_8009C712	8003cea4	write
DAT_8009C712	8003cfc4	read
DAT_8009C712	80182408	read
DAT_8009C714	8003cd78	write
DAT_8009C714	8003cea4	read_write
DAT_8009C718	8003cd78	write
DAT_8009C718	8003cea4	read_write
DAT_8009C71C	8002cf60	write
DAT_8009C71C	8003cde4	write
DAT_8009C71C	8003cea4	read
DAT_8009C71E	8003cfc4	write
DAT_8009C71E	8003d014	read
DAT_8009C720	80036f7c	read_write
DAT_8009C720	8003cd78	write
DAT_8009C720	8003cea4	read_write
DAT_8009C724	8002cf60	write
DAT_8009C724	8003cde4	write
DAT_8009C724	8003cea4	read
DAT_8009C728	800208e8	read
DAT_8009C728	800219ac	read
DAT_8009C728	80022174	read
DAT_8009C728	800223b0	read
DAT_8009C728	800304d0	read
DAT_8009C728	80031388	read
DAT_8009C728	800335b8	read
DAT_8009C728	80033a3c	read
DAT_8009C728	80033bf0	read
DAT_8009C728	80036f7c	read
DAT_8009C728	8003cea4	write
DAT_8009C728	8003cfc4	read_write
DAT_8009C728	8003d014	write
DAT_8009C728	80056620	read
DAT_8009C728	80180390	read
DAT_8009C728	80181408	read
DAT_8009C728	80182408	read
DAT_8009C72A	800304d0	read
DAT_8009C72A	8003cd78	read
DAT_8009C72A	8003cea4	write
DAT_8009C72A	8003cfc4	read
DAT_8009C72A	80181408	read
DAT_8009C72A	80182408	read
DAT_8009C72C	80016f50	read
DAT_8009C72C	8001b100	read
DAT_8009C72C	8001bcbc	read
DAT_8009C72C	8001d5d0	read
DAT_8009C72C	800208e8	read
DAT_8009C72C	80020eb0	read
DAT_8009C72C	800219ac	read
DAT_8009C72C	80022174	read
DAT_8009C72C	800223b0	read
DAT_8009C72C	80026384	read
DAT_8009C72C	8002847c	read
DAT_8009C72C	8002a918	read
DAT_8009C72C	8002ae34	read
DAT_8009C72C	8002d990	read
DAT_8009C72C	8002f128	read
DAT_8009C72C	800304d0	read
DAT_8009C72C	80031388	read
DAT_8009C72C	80033a3c	read
DAT_8009C72C	80033bf0	read
DAT_8009C72C	80035eb0	read
DAT_8009C72C	8003712c	read
DAT_8009C72C	8003753c	read
DAT_8009C72C	800393b8	read
DAT_8009C72C	80039770	read
DAT_8009C72C	8003ba24	read
DAT_8009C72C	8003cc58	read
DAT_8009C72C	8003cea4	write
DAT_8009C72C	8003cfc4	read_write
DAT_8009C72C	8003d014	write
DAT_8009C72C	8003fbf8	read
DAT_8009C72C	80043cd4	read
DAT_8009C72C	80044084	read
DAT_8009C72C	80056620	read
DAT_8009C72C	80180390	read
DAT_8009C72C	80181408	read
DAT_8009C72C	80182408	read
DAT_8009C72E	8002847c	read
DAT_8009C72E	8002d990	read
DAT_8009C72E	800304d0	read
DAT_8009C72E	8003cd78	read
DAT_8009C72E	8003cea4	write
DAT_8009C72E	8003cfc4	read
DAT_8009C72E	80056620	read
DAT_8009C72E	80181408	read
DAT_8009C72E	80182408	read
DAT_8009C730	8003e9a8	read_write
DAT_8009C734	8003f768	read_write
DAT_8009C738	8003fffc	read_write
DAT_8009C738	80040038	read_write
DAT_8009C738	80180390	write
DAT_8009C739	8003e5e4	write
DAT_8009C739	8003e9a8	write
DAT_8009C739	8003f768	write
DAT_8009C739	8003fa30	read
DAT_8009C73A	8003f69c	write
DAT_8009C73A	8003f768	read
DAT_8009C73A	8003fbf8	read
DAT_8009C73C	8003d208	read
DAT_8009C73C	8003d2c0	write
DAT_8009C73C	8003d484	write
DAT_8009C73C	8003e9a8	read_write
DAT_8009C740	8003e9a8	read
DAT_8009C740	8003f768	read
DAT_8009C744	8003dde0	read_write
DAT_8009C748	8003e5e4	read
DAT_8009C748	8003e9a8	read_write
DAT_8009C748	8003f768	read
DAT_8009C74D	8003e5e4	read
DAT_8009C74D	8003e9a8	read
DAT_8009C74D	8003fa7c	write
DAT_8009C74D	8003fbf8	write
DAT_8009C74E	8003e5c0	read_write
DAT_8009C74E	8003e5e4	read_write
DAT_8009C74E	8003e9a8	read_write
DAT_8009C74E	8003f768	read_write
DAT_8009C74E	8003fa30	write
DAT_8009C74E	8003fa64	write
DAT_8009C750	80028a2c	write
DAT_8009C750	8002d62c	write
DAT_8009C750	8003e5e4	write
DAT_8009C750	8003e9a8	write
DAT_8009C751	8003dde0	read_write
DAT_8009C751	8003fa64	write
DAT_8009C752	8003e5e4	read
DAT_8009C752	8003e9a8	read_write
DAT_8009C752	8003fa7c	write
DAT_8009C754	8003e5e4	read_write
DAT_8009C754	8003e9a8	read_write
DAT_8009C754	8003fa7c	write
DAT_8009C756	8003dde0	read
DAT_8009C757	8003e5c0	write
DAT_8009C757	8003f768	read
DAT_8009C758	8003dde0	read_write
DAT_8009C75A	8003dde0	read_write
DAT_8009C75C	8003e5e4	read
DAT_8009C75C	8003e9a8	read_write
DAT_8009C75C	8003fa7c	write
DAT_8009C760	8003dde0	read_write
DAT_8009C764	8003f69c	write
DAT_8009C764	8003f768	read_write
DAT_8009C764	8003fbf8	read_write
DAT_8009C768	8003e9a8	read
DAT_8009C768	8003fa7c	write
DAT_8009C769	8003dde0	read
DAT_8009C76C	80040138	write
DAT_8009C770	8003f768	read
DAT_8009C770	8003fa64	write
DAT_8009C771	8003e5e4	read_write
DAT_8009C771	8003e9a8	read_write
DAT_8009C774	8003dde0	read
DAT_8009C77A	8003fbf8	read_write
DAT_8009C77A	80040038	write
DAT_8009C77A	80180390	write
DAT_8009C77B	8003fbf8	read
DAT_8009C77B	8003fffc	write
DAT_8009C77B	80040038	write
DAT_8009C780	8002ef08	read_write
DAT_8009C780	8003868c	read_write
DAT_8009C784	8003d208	read_write
DAT_8009C784	8003d2c0	read_write
DAT_8009C784	800401a4	write
DAT_8009C788	8002ef08	read
DAT_8009C788	8003868c	read
DAT_8009C788	8004022c	write
DAT_8009C794	80029280	write
DAT_8009C794	80040c04	write
DAT_8009C794	800418c0	read_write
DAT_8009C7A4	80040530	read_write
DAT_8009C7A4	800406b4	write
DAT_8009C7A6	800403d0	read_write
DAT_8009C7A6	800406b4	write
DAT_8009C7A8	80043e3c	write
DAT_8009C7A8	80044084	read_write
DAT_8009C7B0	80044570	write
DAT_8009C7B0	800445f8	read
DAT_8009C7B0	80044ac4	read
DAT_8009C7B0	80044cf4	read
DAT_8009C7B1	80044570	write
DAT_8009C7B1	80044ac4	read_write
DAT_8009C7B1	80044cf4	read_write
DAT_8009C7B4	8003dde0	read
DAT_8009C7B4	80044ac4	read
DAT_8009C7B4	80045190	read
DAT_8009C7B8	80044570	write
DAT_8009C7B8	80044ac4	read_write
DAT_8009C7BA	80044698	write
DAT_8009C7BA	80044734	write
DAT_8009C7BA	800447a0	write
DAT_8009C7BA	80044cf4	read
DAT_8009C7BC	80044204	write
DAT_8009C7BC	800444f4	read_write
DAT_8009C7BC	80044570	write
DAT_8009C7BC	800445f8	read
DAT_8009C7BC	80044ac4	read_write
DAT_8009C7BC	80044cf4	read_write
DAT_8009C7C0	8003dde0	read
DAT_8009C7C0	80044378	write
DAT_8009C7C0	80044ac4	read_write
DAT_8009C7C0	80044cf4	read
DAT_8009C7C0	80045190	read
DAT_8009C7C4	80044698	write
DAT_8009C7C4	80044734	write
DAT_8009C7C4	800447a0	write
DAT_8009C7C4	80044cf4	read
DAT_8009C7C8	80044698	write
DAT_8009C7C8	800447a0	write
DAT_8009C7C8	80044cf4	read
DAT_8009C7CA	80044378	write
DAT_8009C7CA	80044570	read_write
DAT_8009C7CA	80044ac4	read_write
DAT_8009C7CA	80044cf4	read_write
DAT_8009C7CB	80044378	write
DAT_8009C7CB	80044ac4	read_write
DAT_8009C7CC	80044cf4	read_write
DAT_8009C7CD	80044570	write
DAT_8009C7CD	80044cf4	read_write
DAT_8009C7D4	8003dde0	read
DAT_8009C7D4	80044ac4	write
DAT_8009C7D4	80044cf4	read
DAT_8009C7D8	80046c24	read
DAT_8009C7D8	800474e0	read
DAT_8009C7D8	800498c4	read
DAT_8009C7D8	80049984	write
DAT_8009C7D8	800499d4	read
DAT_8009C7D8	80049a24	read
DAT_8009C7D8	80049a34	read
DAT_8009C7D8	80049a6c	read
DAT_8009C7D8	80049a7c	read
DAT_8009C7D8	80049a90	read
DAT_8009C7D8	80049ad0	read
DAT_8009C7D8	80049b54	read
DAT_8009C7D8	80049bec	read
DAT_8009C7D8	80049c70	read
DAT_8009C7D8	80049d88	read
DAT_8009C7D8	80049db0	read
DAT_8009C7D8	80049ef4	read
DAT_8009C7D8	80049f84	read
DAT_8009C7D8	8004a03c	read
DAT_8009C7D8	8004a0d0	read
DAT_8009C7D8	8004a140	read
DAT_8009C7D8	8004a188	read
DAT_8009C7D8	8004a268	read
DAT_8009C7D8	8004a358	read
DAT_8009C7D8	8004a3a0	read
DAT_8009C7D8	8004a3e0	read
DAT_8009C7D8	8004a58c	read
DAT_8009C7D8	8004a70c	read
DAT_8009C7D8	8004a788	read
DAT_8009C7D8	8004a8cc	read
DAT_8009C7D8	8004a9a8	read
DAT_8009C7D8	8004ab88	read
DAT_8009C7D8	8004abf4	read
DAT_8009C7D8	8004ac50	read
DAT_8009C7D8	8004ace4	read
DAT_8009C7D8	8004ad74	read
DAT_8009C7D8	8004add0	read
DAT_8009C7D8	8004af8c	read
DAT_8009C7D8	8004b174	read
DAT_8009C7D8	8004b278	read
DAT_8009C7D8	8004b804	read
DAT_8009C7D8	8004b92c	read
DAT_8009C7D8	8004bb78	read
DAT_8009C7D8	8004bb9c	read
DAT_8009C7D8	8004bbc4	read
DAT_8009C7D8	8004bce4	read
DAT_8009C7D8	8004bda0	read
DAT_8009C7D8	8004be20	read
DAT_8009C7D8	8004be70	read
DAT_8009C7D8	8004bf74	read
DAT_8009C7D8	8004c04c	read
DAT_8009C7D8	8004c178	read
DAT_8009C7D8	8004c318	read
DAT_8009C7D8	8004c5a4	read
DAT_8009C7D8	8004ca58	read
DAT_8009C7D8	8004cc0c	read
DAT_8009C7D8	8004ccdc	read
DAT_8009C7D8	8004cd58	read
DAT_8009C7D8	8004cef0	read
DAT_8009C7D8	8004cf4c	read
DAT_8009C7DC	800459d0	read_write
DAT_8009C7DC	80046c24	write
DAT_8009C7E0	80045204	read
DAT_8009C7E0	8004525c	read
DAT_8009C7E0	8004527c	read
DAT_8009C7E0	8004534c	read
DAT_8009C7E0	80045414	read
DAT_8009C7E0	800454f8	read
DAT_8009C7E0	80045510	read
DAT_8009C7E0	800455d0	read
DAT_8009C7E0	800456c4	read
DAT_8009C7E0	800457f0	read
DAT_8009C7E0	80045918	read
DAT_8009C7E0	80045940	read
DAT_8009C7E0	800459d0	read
DAT_8009C7E0	800460a4	read
DAT_8009C7E0	80046154	read
DAT_8009C7E0	800463f8	read
DAT_8009C7E0	80046750	read
DAT_8009C7E0	800469ac	read
DAT_8009C7E0	80046c24	read_write
DAT_8009C7E0	80046e4c	read
DAT_8009C7E0	80046ec4	read_write
DAT_8009C7E0	80047278	read
DAT_8009C7E0	80047430	read
DAT_8009C7E0	800474cc	read
DAT_8009C7E0	800474e0	read
DAT_8009C7E0	80047540	read
DAT_8009C7E0	800475d0	read
DAT_8009C7E0	80047660	read
DAT_8009C7E0	80047738	read
DAT_8009C7E0	800477a4	read
DAT_8009C7E0	800477cc	read
DAT_8009C7E0	80047910	read_write
DAT_8009C7E0	80047acc	read_write
DAT_8009C7E0	80047b44	read
DAT_8009C7E0	80047c18	read
DAT_8009C7E0	80047cf4	read
DAT_8009C7E0	80047d7c	read
DAT_8009C7E0	80047ef8	read
DAT_8009C7E0	80047f60	read
DAT_8009C7E0	80047ff8	read
DAT_8009C7E0	80048044	read
DAT_8009C7E0	80048154	read
DAT_8009C7E0	80048240	read
DAT_8009C7E0	80048354	read
DAT_8009C7E0	800483c8	read
DAT_8009C7E0	8004843c	read
DAT_8009C7E0	800484cc	read
DAT_8009C7E0	80048740	read
DAT_8009C7E0	80048ae8	read
DAT_8009C7E0	80048bf8	read
DAT_8009C7E0	80048db0	read
DAT_8009C7E0	80048eb8	read
DAT_8009C7E0	80049198	read
DAT_8009C7E0	800493a4	read
DAT_8009C7E0	800494a0	read
DAT_8009C7E0	80049580	read
DAT_8009C7E0	80049598	read
DAT_8009C7E0	800495b0	read
DAT_8009C7E0	800495c8	read
DAT_8009C7E0	80049690	read
DAT_8009C7E0	800496c0	read
DAT_8009C7E0	80049798	read
DAT_8009C7E0	80049824	read
DAT_8009C7E0	80049888	read
DAT_8009C7E8	80051af4	read_write
DAT_8009C7EA	80051af4	write
DAT_8009C7EC	80051af4	write
DAT_8009C7EE	80051af4	write
DAT_8009C7F0	8005b444	read_write
DAT_8009C7F2	8005b444	write
DAT_8009C7F4	8005b444	write
DAT_8009C7F6	8005b444	write
DAT_8009C7F8	80051904	read
DAT_8009C7F8	80051c54	read
DAT_8009C7F8	800557e8	read
DAT_8009C7F8	8005622c	read_write
DAT_8009C7F8	8005b0bc	read_write
DAT_8009C7F8	8005b5cc	read_write
DAT_8009C7F8	8005c310	read
DAT_8009C7FA	80051904	read
DAT_8009C7FA	80051c54	read
DAT_8009C7FA	800544a4	read
DAT_8009C7FA	8005b0bc	read_write
DAT_8009C7FA	8005b258	read
DAT_8009C7FA	8005b5cc	read_write
DAT_8009C7FA	8005c3b4	read
DAT_8009C7FC	80051904	read_write
DAT_8009C7FC	8005567c	read
DAT_8009C7FC	8005622c	read_write
DAT_8009C7FC	8005b0bc	read_write
DAT_8009C7FC	8005b258	read
DAT_8009C7FC	8005b5cc	read_write
DAT_8009C7FC	8005c3b4	read
DAT_8009C800	80051904	read_write
DAT_8009C800	8005622c	write
DAT_8009C804	80051904	read_write
DAT_8009C804	8005622c	write
DAT_8009C808	800563b0	read
DAT_8009C808	80056620	read
DAT_8009C80A	80056620	read
DAT_8009C80C	80056620	read_write
DAT_8009C80E	800563b0	read
DAT_8009C80E	80056620	read_write
DAT_8009C80F	80056620	read_write
DAT_8009C810	800563b0	read
DAT_8009C810	80056620	read_write
DAT_8009C811	80056620	read_write
DAT_8009C818	80069d90	read_write
DAT_8009C818	8006a354	read
DAT_8009C818	8006a4d8	read
DAT_8009C81C	80069d90	read_write
DAT_8009C81C	8006a4d8	read
DAT_8009C838	800170c4	read_write
DAT_8009C838	800193dc	read_write
DAT_8009C838	8002be90	read_write
DAT_8009C838	8002e9c0	read_write
DAT_8009C838	8002ff64	read_write
DAT_8009C838	80032558	read_write
DAT_8009C83A	800170c4	write
DAT_8009C83A	800193dc	write
DAT_8009C83A	8002be90	write
DAT_8009C83A	8002e9c0	write
DAT_8009C83A	8002ff64	write
DAT_8009C83A	80032558	write
DAT_8009C83C	800170c4	write
DAT_8009C83C	800193dc	write
DAT_8009C83C	8002be90	write
DAT_8009C83C	8002e9c0	write
DAT_8009C83C	8002ff64	write
DAT_8009C83C	80032558	write
DAT_8009C83E	800170c4	write
DAT_8009C83E	800193dc	write
DAT_8009C83E	8002be90	write
DAT_8009C83E	8002e9c0	write
DAT_8009C83E	8002ff64	write
DAT_8009C83E	80032558	write
DAT_8009C840	8002ff64	read_write
DAT_8009C842	8002ff64	read_write
DAT_8009C844	8002ff64	write
DAT_8009C846	8002ff64	write
DAT_8009C858	80016c48	read
DAT_8009C858	800408bc	read
DAT_8009C858	80040b48	read
DAT_8009C858	80040f2c	read
DAT_8009C858	80041048	read
DAT_8009C858	8004110c	read
DAT_8009C858	8004139c	read
DAT_8009C85C	80015400	read
DAT_8009C85C	8002c7d8	read
DAT_8009C85C	8002c89c	read
DAT_8009C85C	801840b8	read
DAT_8009C85C	80184570	read
DAT_8009C85C	80184680	read
DAT_8009C860	80015d18	read
DAT_8009C860	80015e10	read
DAT_8009C860	8002c7d8	read
DAT_8009C860	8002c89c	read
DAT_8009C860	8004fc2c	read
DAT_8009C860	8005721c	read
DAT_8009C860	8005c018	read
DAT_8009C860	8018187c	read
DAT_8009C864	80012d60	read
DAT_8009C864	80029acc	read
DAT_8009C864	8004fc2c	read
DAT_8009C864	80050f78	read
DAT_8009C864	8005721c	read
DAT_8009C868	80012a44	read
DAT_8009C868	8002d8f4	read
DAT_8009C868	800312b8	read
DAT_8009C898	80012f70	read
DAT_8009C898	8013b004	write
DAT_8009C898	80140000	write
DAT_8009C898	80146258	write
DAT_8009C898	801680f4	write
DAT_8009C898	80168160	write
DAT_8009C898	80168254	write
DAT_8009C898	80168344	write
DAT_8009C898	8016866c	write
DAT_8009C898	801686ac	write
DAT_8009C898	80168e1c	write
DAT_8009C898	80168fcc	write
DAT_8009C898	80169024	write
DAT_8009C898	80169a1c	write
DAT_8009C898	80169e64	write
DAT_8009C898	8016a160	write
DAT_8009C898	8016a850	write
DAT_8009C898	8017a004	write
DAT_8009C898	8017b004	write
DAT_8009C898	80180004	write
DAT_8009C898	8018001c	write
DAT_8009C898	8018019c	write
DAT_8009C898	80180e48	write
DAT_8009C898	80181050	write
DAT_8009C898	80181f88	write
DAT_8009C89C	801820c0	write
DAT_8009C89C	80184210	write
DAT_8009C8A0	8002ae34	write
DAT_8009C8A4	800133d0	read
DAT_8009C8A4	8001798c	write
DAT_8009C8A4	8002ae34	write
DAT_8009C8A4	8002c1ac	write
DAT_8009C8A8	80012d60	read
DAT_8009C8A8	80013058	write
DAT_8009C8AC	80013058	write
DAT_8009C8B0	80013058	write
DAT_8009C8B4	80013058	write
DAT_8009C8B8	80013058	write
DAT_800E0EB0	80012a44	read
DAT_800E0EB0	80012d60	read
DAT_800EB170	80013600	write
DAT_800EB174	80013600	write
DAT_800EB176	80013600	write
DAT_800EB178	80013600	write
DAT_800EB17C	80013600	write
DAT_800EB17E	80013600	write
DAT_800EB180	80013600	write
DAT_800EB184	80013600	write
DAT_800EB198	80013600	read
DAT_800EB198	8001385c	read
DAT_800EB1A4	8006a884	read
DAT_800EB1A8	800401a4	read
DAT_800EB1AC	800401a4	read
DAT_800EB1B0	80012a44	read
DAT_800EB1B0	80014b5c	read
DAT_800EB1B0	800401a4	read
DAT_800EB1B8	800142f8	read
DAT_800EB1B8	80014478	read
DAT_800EB1B8	80014d38	read
DAT_800EB1B8	80014e08	read
DAT_800EB1D4	80014478	read
DAT_800EB1D8	80014478	read
DAT_800EB1DC	80014478	read
DAT_800EB1E0	80014478	write
DAT_800EB1E4	800142f8	read
DAT_800EB1E8	800142ac	write
DAT_800EB1E8	80014478	read_write
DAT_800EB1EC	80014478	read
DAT_800EB1F0	80014478	read
DAT_800EB1F1	80014478	read
DAT_800EB1F8	80014478	read_write
DAT_800EB1FE	800142f8	write
DAT_800EB1FE	80014478	write
DAT_800EB1FE	80014978	write
DAT_800EB1FF	800140c4	write
DAT_800EB1FF	80014478	read_write
DAT_800EB1FF	80014978	write
DAT_800EB200	800139b0	read
DAT_800EB200	80013a84	read
DAT_800EB200	800142f8	read
DAT_800EB200	80014b5c	read
DAT_800EB200	80014f94	read
DAT_800EB224	80013a84	write
DAT_800EB22C	800139b0	write
DAT_800EB22C	80013a84	write
DAT_800EB234	80013a84	write
DAT_800EB238	80013a84	write
DAT_800EB239	80013a84	write
DAT_800EB246	800139b0	write
DAT_800EB246	80013a84	write
DAT_800EB248	80015400	read
DAT_800EB248	80015648	write
DAT_800EB248	80015738	write
DAT_800EB248	8001578c	write
DAT_800EB248	80015860	write
DAT_800EB24C	800150cc	write
DAT_800EB24C	800150f4	read_write
DAT_800EB24C	8001522c	write
DAT_800EB24C	80015400	read
DAT_800EB24C	800155f8	write
DAT_800EB24C	8001569c	read
DAT_800EB24C	800157d4	read
DAT_800EB24C	800219ac	write
DAT_800EB24D	800150cc	write
DAT_800EB24D	800150f4	read
DAT_800EB24D	8001569c	write
DAT_800EB24D	800157d4	write
DAT_800EB24D	80015af4	write
DAT_800EB24E	800150cc	write
DAT_800EB24E	8001522c	read_write
DAT_800EB24E	80015400	read
DAT_800EB24E	800155f8	write
DAT_800EB24E	80015648	write
DAT_800EB24E	8001569c	write
DAT_800EB24E	800156f8	read_write
DAT_800EB24E	80015738	read_write
DAT_800EB24E	8001578c	write
DAT_800EB24E	800157d4	write
DAT_800EB24E	80015820	read_write
DAT_800EB24E	80015860	read_write
DAT_800EB24E	800158b4	read
DAT_800EB24E	8001596c	read_write
DAT_800EB24E	800159b0	read_write
DAT_800EB24E	80015a6c	read_write
DAT_800EB24E	80015ab0	read_write
DAT_800EB24E	80015af4	write
DAT_800EB24E	80015b28	read_write
DAT_800EB24E	80015b64	read_write
DAT_800EB24E	80015ba0	read_write
DAT_800EB24E	80015bdc	read_write
DAT_800EB24E	80020eb0	read
DAT_800EB24E	800219ac	read
DAT_800EB24E	8002ae34	read
DAT_800EB24E	8002e70c	read
DAT_800EB24E	8002e9c0	read
DAT_800EB24E	8002f6a4	read
DAT_800EB24E	8003cc58	read
DAT_800EB24E	80051c54	read
DAT_800EB24F	800150cc	write
DAT_800EB24F	800150f4	read
DAT_800EB24F	80015648	write
DAT_800EB24F	8001569c	write
DAT_800EB24F	800156f8	write
DAT_800EB24F	8001578c	write
DAT_800EB24F	800157d4	write
DAT_800EB24F	80015820	write
DAT_800EB24F	8002ae34	write
DAT_800EB24F	8002f6a4	write
DAT_800EB24F	8002f898	write
DAT_800EB24F	800388ac	write
DAT_800EB24F	8003cb44	write
DAT_800EB250	800150f4	read_write
DAT_800EB250	8001569c	write
DAT_800EB250	800157d4	write
DAT_800EB252	800150f4	read
DAT_800EB252	80015400	read
DAT_800EB252	800155d4	read
DAT_800EB271	800150f4	read
DAT_800EB278	80016d8c	read
DAT_800EB278	80017544	read
DAT_800EB278	8001798c	read
DAT_800EB278	8001d5d0	read
DAT_800EB278	80021654	read
DAT_800EB279	80021654	read
DAT_800EB27E	8001f2c4	read
DAT_800EB28A	80016d8c	read
DAT_800EB28C	8001d5d0	read_write
DAT_800EB28C	80071980	read
DAT_800EB290	80016d8c	read
DAT_800EB290	80027e80	read
DAT_800EB291	80023200	read
DAT_800EB291	80025fec	read
DAT_800EB291	80071b14	read
DAT_800EB292	80027e80	read
DAT_800EB297	80017544	read_write
DAT_800EB298	80016d8c	read
DAT_800EB2AA	80016d8c	read
DAT_800EB2AC	8001d5d0	write
DAT_800EB2B0	80016d8c	read
DAT_800EB2B7	80017544	write
DAT_800EB2B8	80017674	read
DAT_800EB2B8	8001b720	read
DAT_800EB2B8	8001b82c	read
DAT_800EB2B8	8001b8ac	read
DAT_800EB2B8	8001ba64	read
DAT_800EB2BC	8001b720	read
DAT_800EB2C1	80017674	read
DAT_800EB2C1	8001b720	read
DAT_800EB370	80019598	read_write
DAT_800EB370	8001b100	read_write
DAT_800EB370	8001d5d0	write
DAT_800EB370	80026384	read_write
DAT_800EB370	8002d990	read_write
DAT_800EB374	80019598	read_write
DAT_800EB374	8001d5d0	read_write
DAT_800EB374	80026384	read_write
DAT_800EB378	80026384	read
DAT_800EB37C	80026384	read
DAT_800EB380	80026384	read
DAT_800EB388	8001d5d0	read
DAT_800EB390	800176ac	read
DAT_800EB390	80022fa8	read
DAT_800EB3A3	800176ac	write
DAT_800EB3A4	800176ac	read
DAT_800EB3CC	8001d5d0	read
DAT_800EB3D4	8001d5d0	read
DAT_800EB3D7	8001d5d0	read
DAT_800EB3D8	8001d5d0	read
DAT_800EB3D9	8001d5d0	read
DAT_800EB3DA	8001d5d0	read
DAT_800EB3DB	8001d5d0	read
DAT_800EB3E0	8001d5d0	read
DAT_800EB3E1	8001b8ac	read
DAT_800EB3E1	8001d5d0	read
DAT_800EB3E8	8001d5d0	read
DAT_800EB3F3	8001d5d0	read
DAT_800EB3F4	8001d5d0	read
DAT_800EB3F5	8001d5d0	read
DAT_800EB3F6	8001d5d0	read
DAT_800EB3FC	8001d5d0	read
DAT_800EB413	800176ac	write
DAT_800EB470	80029354	read
DAT_800EB470	800296c0	read
DAT_800EB470	8002970c	read
DAT_800EB470	8002ae34	read_write
DAT_800EB474	80029354	read
DAT_800EB474	800296c0	read
DAT_800EB474	8002970c	read
DAT_800EB474	8002ae34	read
DAT_800EB478	80028aa0	read
DAT_800EB47A	80028aa0	read
DAT_800EB47C	80028aa0	read
DAT_800EB47E	80028aa0	read
DAT_800EB480	80028aa0	read
DAT_800EB484	80028aa0	read
DAT_800EB486	80028aa0	read
DAT_800EB488	80028aa0	read
DAT_800EB48A	80028aa0	read
DAT_800EB48C	80028aa0	read
DAT_800EB48E	80028aa0	read
DAT_800EB490	80028aa0	read
DAT_800EB494	80028aa0	read
DAT_800EB496	80028aa0	read
DAT_800EB498	8001798c	write
DAT_800EB498	80028aa0	read
DAT_800EB498	80029354	read
DAT_800EB498	8002c1ac	write
DAT_800EB49A	8001798c	write
DAT_800EB49A	80028aa0	read
DAT_800EB49A	80029354	read
DAT_800EB49A	8002c1ac	write
DAT_800EB49C	8001798c	write
DAT_800EB49C	80028aa0	read
DAT_800EB49C	80029354	read
DAT_800EB49C	8002c1ac	write
DAT_800EB49E	8001798c	write
DAT_800EB49E	80028aa0	read
DAT_800EB49E	80029354	read
DAT_800EB49E	8002c1ac	write
DAT_800EB4A0	800292dc	read
DAT_800EB4A0	80029354	read
DAT_800EB4A2	80028c0c	read
DAT_800EB4A2	80029354	read
DAT_800EB4A4	80028c0c	read
DAT_800EB4A4	80029354	read
DAT_800EB4A6	80028c0c	read
DAT_800EB4A6	80029354	read
DAT_800EB4A8	80028c0c	read
DAT_800EB4A8	80029354	read
DAT_800EB4AA	80028c0c	read
DAT_800EB4AA	80029354	read
DAT_800EB4AB	80028c0c	read
DAT_800EB4AB	80029354	read
DAT_800EB4AC	80028c0c	read
DAT_800EB4AC	80029354	read
DAT_800EB4B8	80026384	read_write
DAT_800EB4BA	80026384	write
DAT_800EB4BC	80026384	write
DAT_800EB4BE	80026384	write
DAT_800EB4D8	8001798c	write
DAT_800EB4D8	80026384	read
DAT_800EB4DA	8001798c	write
DAT_800EB4DA	80026384	read
DAT_800EB4DC	8001798c	write
DAT_800EB4DE	8001798c	write
DAT_800EB558	8002847c	write
DAT_800EB55A	8002847c	write
DAT_800EB55C	8002847c	write
DAT_800EB55E	8002847c	write
DAT_800EB570	80029728	read
DAT_800EB570	8002a55c	read
DAT_800EB570	8002bc38	read
DAT_800EB570	8002c1ac	read_write
DAT_800EB578	8002a55c	read_write
DAT_800EB578	8002a638	read
DAT_800EB578	8002c1ac	read_write
DAT_800EB57A	8002a55c	read_write
DAT_800EB57A	8002a638	read
DAT_800EB57A	8002c1ac	read_write
DAT_800EB57C	8002a55c	read_write
DAT_800EB57C	8002a638	write
DAT_800EB57E	8002a55c	read_write
DAT_800EB57E	8002a638	write
DAT_800EB580	80029acc	read
DAT_800EB582	8002a55c	read
DAT_800EB582	8002a638	read_write
DAT_800EB582	8002c1ac	write
DAT_800EB584	8002a55c	read
DAT_800EB584	8002a638	write
DAT_800EB584	8002c1ac	write
DAT_800EB586	8002a55c	read_write
DAT_800EB586	8002a638	write
DAT_800EB587	8002a55c	read_write
DAT_800EB587	8002a638	write
DAT_800EB588	8002a55c	read
DAT_800EB588	8002a638	write
DAT_800EB58C	8002a55c	read
DAT_800EB58C	8002a638	write
DAT_800EB590	8002bc38	read_write
DAT_800EB5B4	8002a55c	read
DAT_800EB5B4	8002c1ac	write
DAT_800EB5B8	8002c1ac	write
DAT_800EB5C4	8002c1ac	write
DAT_800EB5C6	8002c1ac	write
DAT_800EC110	8002c7a0	read
DAT_800EC110	8002c89c	read
DAT_800EC128	8002c76c	read
DAT_800EC12C	8002c89c	read
DAT_800EC210	8001ba64	read
DAT_800EC210	80026e50	write
DAT_800EC210	800270e8	write
DAT_800EC210	800271b4	write
DAT_800EC210	800272b0	write
DAT_800EC210	80027590	write
DAT_800EC210	80070c04	read
DAT_800EC210	80072c08	read
DAT_800EC210	80072cbc	read
DAT_800EC210	800734f4	write
DAT_800EC211	8001ba64	read
DAT_800EC211	80026e50	write
DAT_800EC211	800270e8	write
DAT_800EC211	800271b4	write
DAT_800EC211	800272b0	write
DAT_800EC211	80027590	write
DAT_800EC211	80072c08	read
DAT_800EC211	80072cbc	read
DAT_800EC211	800734f4	write
DAT_800EC212	80026e50	write
DAT_800EC212	800272b0	write
DAT_800EC212	800734f4	write
DAT_800EC213	800734f4	write
DAT_800EC214	800734f4	write
DAT_800EC215	800734f4	write
DAT_800EC216	80026e50	write
DAT_800EC216	800270e8	write
DAT_800EC216	800271b4	read_write
DAT_800EC216	800272b0	write
DAT_800EC216	80027590	write
DAT_800EC216	800735b8	write
DAT_800EC217	8001b100	read
DAT_800EC217	80026e50	write
DAT_800EC217	800270e8	write
DAT_800EC217	800271b4	write
DAT_800EC217	800272b0	write
DAT_800EC217	80027590	write
DAT_800EC217	80073bf4	write
DAT_800EC218	80026e50	write
DAT_800EC218	800270e8	write
DAT_800EC218	800271b4	write
DAT_800EC218	800272b0	write
DAT_800EC218	80027590	write
DAT_800EC218	80071ad8	read
DAT_800EC219	8001d5d0	read
DAT_800EC219	80027a44	write
DAT_800EC219	800714e8	write
DAT_800EC21A	8001d5d0	read
DAT_800EC21A	80027a44	write
DAT_800EC21A	800714e8	read_write
DAT_800EC21B	8001d5d0	read_write
DAT_800EC21B	80027a44	write
DAT_800EC21B	800714e8	write
DAT_800EC220	8002d038	read
DAT_800EC220	8002e70c	read
DAT_800EC220	8002e9c0	read
DAT_800EC220	8002f898	read_write
DAT_800EC220	8002ff64	read
DAT_800EC220	8003012c	read
DAT_800EC234	8002f898	write
DAT_800EC234	8003012c	read
DAT_800EC248	8002f898	write
DAT_800EC25C	8002ff64	write
DAT_800EC260	800304d0	read
DAT_800EC261	800304d0	read
DAT_800EC287	800304d0	read
DAT_800EC290	800380b8	read
DAT_800EC290	8003b990	read
DAT_800EC2A8	8002ee0c	read
DAT_800EC2A8	80038eb8	read
DAT_800EC2A8	8003b89c	read
DAT_800EC2D8	8002ee0c	read
DAT_800EC2D8	80038eb8	read
DAT_800EC2D9	8002ee0c	read
DAT_800EC2D9	80038eb8	read
DAT_800EC2DB	8002ee0c	read
DAT_800EC2DB	80038eb8	read
DAT_800EC2DB	8003b89c	read
DAT_800EC2DC	8002ee0c	read
DAT_800EC2DC	80038eb8	read
DAT_800EC2E4	8002ee0c	read
DAT_800EC2E4	80038eb8	read
DAT_800EC2F4	80038eb8	read
DAT_800EC324	80038eb8	read
DAT_800EC340	8002e60c	read
DAT_800EC340	80038eb8	read
DAT_800EC340	8003a22c	read
DAT_800EC390	80036274	read
DAT_800EC390	800393b8	read
DAT_800EC390	8003a0cc	read
DAT_800EC39F	80036238	read
DAT_800EC39F	800373b0	read
DAT_800EC3A1	800372e0	read
DAT_800EC3A3	80037354	read
DAT_800F0000	800544a4	read
DAT_800F0850	8001b100	read
DAT_800F0850	8002367c	read
DAT_800F0850	80026384	read
DAT_800F0850	80028398	read
DAT_800F0850	8002847c	read
DAT_800F0850	8002ae34	read
DAT_800F0850	8002d990	read
DAT_800F0850	8002de14	read
DAT_800F0850	8002e848	read
DAT_800F0850	80033ed0	read
DAT_800F0850	80035fe8	read
DAT_800F0850	80036148	read
DAT_800F0850	80039770	read
DAT_800F0850	8003f5c4	read
DAT_800F0850	8003f69c	read
DAT_800F0850	8003f768	read
DAT_800F0850	8003fbf8	read
DAT_800F0850	80044084	read
DAT_800F0874	80036298	read
DAT_800F0878	80035f64	read
DAT_800F0880	80028398	write
DAT_800F0880	80039770	read
DAT_800F0884	80028398	read
DAT_800F0884	8002dbe0	read
DAT_800F0884	8002f128	read
DAT_800F0884	8002fca4	read
DAT_800F0884	80033ed0	read
DAT_800F0884	80035fe8	read
DAT_800F0884	8003dde0	read
DAT_800F0884	8003f768	read
DAT_800F0884	8003fbf8	read
DAT_800F0886	80035fe8	read
DAT_800F0888	80035fe8	read
DAT_800F088A	80035fe8	read
DAT_800F088C	80035fb0	read
DAT_800F088E	80035fb0	read
DAT_800F0890	80035fb0	read
DAT_800F0892	80035fb0	read
DAT_800F08A3	80035fe8	read
DAT_800F08A4	80035fe8	read
DAT_800F08A7	80035fe8	read
DAT_800F08A9	80035fe8	read
DAT_800F08AA	80035fe8	read
DAT_800F08AB	80035fe8	read
DAT_800F08AC	80035fe8	read
DAT_800F08AE	80035fe8	read
DAT_800F08B2	80035fe8	read
DAT_800F08B4	8002a484	read
DAT_800F08B4	8002de14	read
DAT_800F08B4	80031388	read
DAT_800F08DC	800302e4	read
DAT_800F08DC	80030300	read
DAT_800F08F0	8003031c	read
DAT_800F08F2	8003031c	read
DAT_800F08F4	8003031c	read
DAT_800F094C	8002f128	read
DAT_800F097C	8002f128	read
DAT_800F097C	80182408	read
DAT_800F09A4	8002ae34	read
DAT_800F09A4	8002f128	read
DAT_800F09B0	800242bc	read
DAT_800F09E0	8002d354	read_write
DAT_800F09E2	8002d354	read
DAT_800F09E4	8002d354	read
DAT_800F09E6	8002d354	read
DAT_800F09E7	8002d354	read
DAT_800F09E8	8002d354	read
DAT_800F09EA	8002d354	read
DAT_800F09EC	8002d354	read
DAT_800F09EE	8002d354	read
DAT_800F09EF	8002d354	read
DAT_800F0A0F	8003cea4	read
DAT_800F0A10	8003cde4	read
DAT_800F0A10	8003ce34	write
DAT_800F0A12	8003ce34	read
DAT_800F0A13	8003ce34	read
DAT_800F0A34	8003cde4	read
DAT_800F0A34	8003ce34	write
DAT_800F0A36	8003ce34	read
DAT_800F0A37	8003ce34	read
DAT_800F0A58	8003e5e4	read
DAT_800F0A58	8003e9a8	read
DAT_800F0CB0	8003e5e4	read
DAT_800F0CB0	8003e9a8	read
DAT_800F0CB0	8003fa7c	read
DAT_800F0CD0	8003dde0	read
DAT_800F0CE0	8003dde0	read
DAT_800F0CE2	8003dde0	read_write
DAT_800F0CE4	8003dde0	read_write
DAT_800F0CE6	8003dde0	read_write
DAT_800F0CEA	8003d638	read
DAT_800F0CEA	8003dde0	read
DAT_800F0CEC	8003dde0	read
DAT_800F0CF8	8003dde0	read
DAT_800F0CF9	8003dde0	read
DAT_800F11C0	800403d0	read
DAT_800F11C0	80040530	read
DAT_800F11C0	800405c4	read
DAT_800F11C0	800406b4	read
DAT_800F11C0	80040fe0	read
DAT_800F11C2	800408bc	read
DAT_800F11C4	80040b48	read
DAT_800F11C6	80040f2c	read
DAT_800F11C8	8004110c	read
DAT_800F11CA	8004139c	read
DAT_800F11CC	80041048	read
DAT_800F11CC	80041674	read
DAT_800F11D0	800403d0	read
DAT_800F11D0	800405c4	read
DAT_800F11D0	800406b4	read
DAT_800F11E0	80013448	read
DAT_800F11E0	80013518	read
DAT_800F11E0	8001704c	write
DAT_800F11E0	80017860	write
DAT_800F11E0	80022174	read_write
DAT_800F11E0	80022e50	read
DAT_800F11E0	8002367c	write
DAT_800F11E0	8002ae34	read_write
DAT_800F11E2	80013448	read
DAT_800F11E2	80013518	read
DAT_800F11E2	8001704c	write
DAT_800F11E2	80017860	write
DAT_800F11E2	8001798c	write
DAT_800F11E2	8001f2c4	read
DAT_800F11E2	800219ac	read_write
DAT_800F11E2	80022174	read_write
DAT_800F11E2	80022e50	read
DAT_800F11E2	8002367c	write
DAT_800F11E2	8002ae34	read_write
DAT_800F11E2	8002bc38	read_write
DAT_800F11E4	80013448	read
DAT_800F11E4	80013518	read
DAT_800F11E4	8001704c	write
DAT_800F11E4	80017860	write
DAT_800F11E4	80022174	read_write
DAT_800F11E4	80022e50	read
DAT_800F11E4	8002367c	write
DAT_800F11E4	8002ae34	read_write
DAT_800F11E6	8001704c	write
DAT_800F11E6	8002ae34	write
DAT_800F11E8	8001704c	write
DAT_800F11E8	8002ae34	write
DAT_800F11EA	8001704c	write
DAT_800F11EA	8002ae34	write
DAT_800F11EC	8001704c	write
DAT_800F11EC	8002ae34	write
DAT_800F11EE	80016418	read
DAT_800F11EE	8001704c	write
DAT_800F11EE	80017860	read
DAT_800F11EE	8001b05c	read
DAT_800F11EE	8002ae34	write
DAT_800F11EE	8002c89c	read
DAT_800F11F0	8002bc38	read
DAT_800F11F4	8002bc38	read
DAT_800F11F8	8002bc38	read
DAT_800F11FC	8001704c	write
DAT_800F11FC	80022174	read_write
DAT_800F11FC	8002ae34	write
DAT_800F11FC	8002bc38	read
DAT_800F1200	8001704c	write
DAT_800F1200	8002ae34	write
DAT_800F1200	8002bc38	read_write
DAT_800F1204	8001704c	write
DAT_800F1204	80022174	read_write
DAT_800F1204	80022e50	read
DAT_800F1204	8002367c	write
DAT_800F1204	8002ae34	write
DAT_800F1204	8002bc38	read
DAT_800F1208	8001704c	write
DAT_800F1208	8002ae34	write
DAT_800F1208	8002bc38	read
DAT_800F120C	8001704c	write
DAT_800F120C	8002ae34	write
DAT_800F120C	8002bc38	read
DAT_800F1210	80040390	read
DAT_800F1210	800403d0	read
DAT_800F1210	80040530	read
DAT_800F1210	800405c4	read
DAT_800F1210	800406b4	read
DAT_800F1210	800408bc	read
DAT_800F1210	80040b48	read
DAT_800F1210	80040f2c	read
DAT_800F1210	80041048	read
DAT_800F1210	8004110c	read
DAT_800F1210	8004139c	read
DAT_800F1210	80042e70	read
DAT_800F1212	800403d0	read
DAT_800F1212	80040530	read
DAT_800F1212	800408bc	read
DAT_800F1212	80040b48	read
DAT_800F1212	80040f2c	read
DAT_800F1212	80040fe0	read
DAT_800F1212	80041048	read
DAT_800F1212	8004110c	read
DAT_800F1212	8004139c	read
DAT_800F1214	800403d0	read
DAT_800F1214	800408bc	read
DAT_800F1214	8004110c	read
DAT_800F1214	8004139c	read
DAT_800F1218	800403d0	read
DAT_800F1218	800408bc	read
DAT_800F1218	80040b48	read
DAT_800F1218	80040f2c	read
DAT_800F1218	80041048	read
DAT_800F1218	8004110c	read
DAT_800F1218	8004139c	read
DAT_800F121A	800403d0	read
DAT_800F121B	800403d0	read
DAT_800F121C	800403d0	read
DAT_800F121C	800408bc	read
DAT_800F1220	800403d0	read
DAT_800F1224	800403d0	read
DAT_800F1224	800408bc	read
DAT_800F1224	80040b48	read
DAT_800F1224	80040f2c	read
DAT_800F1224	8004110c	read
DAT_800F1224	8004139c	read
DAT_800F1226	800403d0	read
DAT_800F1227	800403d0	read
DAT_800F1227	800408bc	read
DAT_800F1227	80040b48	read
DAT_800F1227	80040f2c	read
DAT_800F1227	80041048	read
DAT_800F1227	8004110c	read
DAT_800F1227	8004139c	read
DAT_800F1228	800403d0	read
DAT_800F1228	800408bc	read
DAT_800F1228	8004110c	read
DAT_800F1228	8004139c	read
DAT_800F122A	800403d0	read
DAT_800F122A	800408bc	read
DAT_800F122A	8004110c	read
DAT_800F122A	8004139c	read
DAT_800F122C	800403d0	read
DAT_800F122E	800403d0	read
DAT_800F1230	800403d0	read
DAT_800F1230	8004110c	read
DAT_800F1230	8004139c	read
DAT_800F1232	800408bc	read
DAT_800F1234	800403d0	read
DAT_800F1234	800408bc	read
DAT_800F1234	80040b48	read
DAT_800F1234	80040f2c	read
DAT_800F1234	80040fe0	read
DAT_800F1234	80041048	read
DAT_800F1234	8004110c	read
DAT_800F1234	8004139c	read
DAT_800F1238	80015cd4	read
DAT_800F1238	8004110c	read
DAT_800F1238	8004139c	read
DAT_800F123C	8004110c	read
DAT_800F123C	8004139c	read
DAT_800F1240	800408bc	read
DAT_800F1240	8004110c	read
DAT_800F1240	8004139c	read
DAT_800F1244	8004110c	read
DAT_800F1244	8004139c	read
DAT_800F1248	8004110c	read
DAT_800F1248	8004139c	read
DAT_800F124C	800408bc	read
DAT_800F124C	8004110c	read
DAT_800F124C	8004139c	read
DAT_800F1250	800403d0	read
DAT_800F1250	800408bc	read
DAT_800F1250	8004110c	read
DAT_800F1250	8004139c	read
DAT_800F1254	800403d0	read
DAT_800F1254	800408bc	read
DAT_800F1254	8004110c	read
DAT_800F1254	8004139c	read
DAT_800F1258	800403d0	read
DAT_800F1258	800408bc	read
DAT_800F1258	8004110c	read
DAT_800F1258	8004139c	read
DAT_800F125C	80041048	read
DAT_800F125C	8004110c	read
DAT_800F125C	8004139c	read
DAT_800F1260	8004110c	read
DAT_800F1260	8004139c	read
DAT_800F1264	800403d0	read
DAT_800F1264	8004110c	read
DAT_800F1264	8004139c	read
DAT_800F1268	8004139c	read
DAT_800F126A	8004110c	read
DAT_800F126C	800408bc	read
DAT_800F126C	8004139c	read
DAT_800F126E	800403d0	read
DAT_800F1270	8004139c	read
DAT_800F1274	8004139c	read
DAT_800F1275	800403d0	read
DAT_800F1276	800403d0	read
DAT_800F1276	800408bc	read
DAT_800F1278	8004139c	read
DAT_800F127C	800403d0	read
DAT_800F127C	8004139c	read
DAT_800F127C	80042e70	read
DAT_800F1282	8004139c	read
DAT_800F3C10	80044324	read
DAT_800F3C10	80044378	read_write
DAT_800F3C10	800445ac	read
DAT_800F3C10	800445f8	read
DAT_800F3C10	80044698	read
DAT_800F3C10	80044734	read
DAT_800F3C10	800447a0	read
DAT_800F3C10	8004483c	read
DAT_800F3C10	800448a8	read
DAT_800F3C10	80044ac4	read
DAT_800F3C10	80044cf4	read
DAT_800F3C14	80044378	write
DAT_800F3C18	80044378	write
DAT_800F3C1C	80044378	write
DAT_800F3C20	80044378	write
DAT_800F3C20	800444f4	read
DAT_800F3C20	800445f8	read
DAT_800F3C20	80044ac4	read
DAT_800F3C20	80044cf4	read
DAT_800F3C24	80044378	write
DAT_800F3C28	80044378	write
DAT_800F3C2C	80044378	write
DAT_800F3C30	80044698	read
DAT_800F3C30	800447a0	read
DAT_800F3C30	800448a8	read
DAT_800F3C30	80044cf4	read
DAT_800F3C50	80044ac4	read
DAT_800F3EA8	8004dbb4	read
DAT_800F3EA8	8004e818	read
DAT_800F3EA8	8004ec04	read
DAT_800F3EA8	8004f080	write
DAT_800F3EAA	8004f080	write
DAT_800F3EAC	8004f080	write
DAT_800F3EB0	8004f080	write
DAT_800F3EB2	8004f080	write
DAT_800F3EB4	8004f080	write
DAT_800F3EB8	8004dbb4	read
DAT_800F3EB8	8004e818	read
DAT_800F3EB8	8004f080	write
DAT_800F3EBA	8004dbb4	read
DAT_800F3EBA	8004f080	write
DAT_800F3EBC	8004dbb4	read
DAT_800F3EBC	8004f080	write
DAT_800F3EC8	8004dbb4	read
DAT_800F3EC8	8004ec04	read
DAT_800F3EC8	8004f92c	read
DAT_800F3ECC	8004f92c	read
DAT_800F3ED0	8004f92c	read
DAT_800F3ED4	8004f92c	read
DAT_800F3EE8	8004f92c	read
DAT_800F3EEA	8004f92c	read
DAT_800F3EEC	8004f92c	read
DAT_800F3EEE	8004dbb4	write
DAT_800F3EEE	8004f92c	read
DAT_800F4058	80054b9c	read_write
DAT_800F4058	80055e94	write
DAT_800F4058	8005d980	write
DAT_800F4059	80054b9c	read
DAT_800F4059	800557e8	read_write
DAT_800F4059	80055e94	read_write
DAT_800F4059	8005d980	write
DAT_800F405A	80054b9c	read_write
DAT_800F405A	80055e94	write
DAT_800F405A	8005d1e4	write
DAT_800F405A	8005d980	write
DAT_800F405C	80054b9c	read
DAT_800F405C	800557e8	read_write
DAT_800F405C	80055e94	write
DAT_800F405C	8005d238	write
DAT_800F405E	800557e8	read
DAT_800F405E	80055e94	write
DAT_800F405E	8005d238	write
DAT_800F4060	80054b9c	read_write
DAT_800F4060	80055e94	write
DAT_800F4060	8005d17c	write
DAT_800F4062	80054b9c	read
DAT_800F4062	80055e94	write
DAT_800F4062	8005d17c	write
DAT_800F4064	80054b9c	read_write
DAT_800F4064	80055e94	write
DAT_800F4066	80054b9c	read_write
DAT_800F4066	80055e94	write
DAT_800F4068	80054b9c	read
DAT_800F4068	80055e94	write
DAT_800F406A	80054b9c	read
DAT_800F406A	80055e94	write
DAT_800F406A	8005d0b4	write
DAT_800F406C	80054b9c	read_write
DAT_800F406C	80055e94	read_write
DAT_800F406E	80054b9c	read_write
DAT_800F406E	80055e94	read_write
DAT_800F4070	80054b9c	read_write
DAT_800F4070	80055e94	read_write
DAT_800F4072	80054b9c	read
DAT_800F4072	80055e94	read_write
DAT_800F4072	8005d0b4	write
DAT_800F4074	80054b9c	read_write
DAT_800F4074	80055e94	write
DAT_800F4076	80054b9c	read_write
DAT_800F4076	80055e94	write
DAT_800F4078	80054b9c	read
DAT_800F4078	80055e94	write
DAT_800F407A	80054b9c	read
DAT_800F407A	80055e94	write
DAT_800F407A	8005d118	write
DAT_800F407C	80054b9c	read_write
DAT_800F407C	80055e94	read_write
DAT_800F407E	80054b9c	read_write
DAT_800F407E	80055e94	read_write
DAT_800F4080	80054b9c	read_write
DAT_800F4080	80055e94	read_write
DAT_800F4082	80054b9c	read
DAT_800F4082	800557e8	read
DAT_800F4082	80055e94	read_write
DAT_800F4082	8005d118	write
DAT_800F4088	80055a14	read
DAT_800F4088	80056540	read
DAT_800F4088	8005bad0	read
DAT_800F4178	8004fc2c	read
DAT_800F4178	800506e0	read
DAT_800F4178	800508b0	read
DAT_800F4178	80050a68	read
DAT_800F4178	80051c54	read
DAT_800F4178	800541c0	read
DAT_800F4178	80055a14	read
DAT_800F4178	80056620	read
DAT_800F4178	8005721c	read
DAT_800F4178	80058860	read
DAT_800F4178	80058b4c	read
DAT_800F4178	80059294	read
DAT_800F4178	800593c8	read
DAT_800F4178	800599a0	read
DAT_800F4178	8005ac78	read
DAT_800F4178	8005c8d0	read
DAT_800F4178	8005cee0	read
DAT_800F417C	8005c4d8	read
DAT_800F4358	800593c8	read
DAT_800F4358	800599a0	read
DAT_800F4358	8005ac78	read
DAT_800F4358	8005d570	read
DAT_800F493C	80052f80	read
DAT_800F493C	80054078	read
DAT_800F4A28	80058860	read
DAT_800F4D6C	80052f80	write
DAT_800F4D6C	80058860	read
DAT_800F4D6C	8005ac78	read
DAT_800F4D6D	80052f80	read_write
DAT_800F4D6D	800541c0	read
DAT_800F4D6D	80055a14	read
DAT_800F4D6D	8005721c	read
DAT_800F4D6D	80058860	read
DAT_800F4D6D	80058b4c	read
DAT_800F4D6D	800599a0	read
DAT_800F4D6D	8005bad0	read
DAT_800F4D6D	8005bf70	read
DAT_800F4D6D	8005c8d0	read
DAT_800F4D6E	80052f80	write
DAT_800F4D6E	8005721c	read
DAT_800F4D6E	80058860	read
DAT_800F4D6E	8005ac78	read
DAT_800F4D70	800541c0	read
DAT_800F4D70	80059ef4	read
DAT_800F4D70	8005a92c	read
DAT_800F4E70	80051c54	write
DAT_800F4E70	80054078	read
DAT_800F4E70	80058b4c	read
DAT_800F4E70	80059ef4	read
DAT_800F4E70	8005a92c	write
DAT_800F4E72	80058b4c	read
DAT_800F4E72	80059ef4	read
DAT_800F4E74	8005721c	read
DAT_800F4E74	80059ef4	read
DAT_800F4E74	8005a92c	write
DAT_800F4E74	8005afa4	read
DAT_800F4E74	8005c108	read
DAT_800F4E78	80051c54	read
DAT_800F4E78	80059ef4	read
DAT_800F4E78	8005a92c	write
DAT_800F4E78	8005afa4	read
DAT_800F4E78	8005c108	read
DAT_800F4E78	8005d720	read
DAT_800F4E7C	80059ef4	read
DAT_800F4E7C	8005a92c	write
DAT_800F4E80	80052f80	write
DAT_800F4E80	80059294	read
DAT_800F4E80	80059ef4	read
DAT_800F4E80	8005a92c	write
DAT_800F4E84	80052f80	write
DAT_800F4E84	80059294	read
DAT_800F4E84	80059ef4	read
DAT_800F4E84	8005a92c	write
DAT_800F4E88	80052f80	write
DAT_800F4E88	80058b4c	read
DAT_800F4E88	80059294	read
DAT_800F4E88	800599a0	read
DAT_800F4E88	80059ef4	read
DAT_800F4E88	8005a92c	write
DAT_800F4E8C	8004fc2c	read
DAT_800F4E8C	8005721c	read
DAT_800F4E8C	8005b258	read
DAT_800F4E8C	8005c4d8	read
DAT_800F4E90	8004fc2c	read
DAT_800F4E90	800536d8	read
DAT_800F4E90	8005721c	read
DAT_800F4E90	8005b258	read
DAT_800F4E90	8005c3b4	read
DAT_800F4E94	8004fc2c	read
DAT_800F4E94	8005721c	read
DAT_800F4EE8	8005721c	read
DAT_800F4EE8	8005c23c	read
DAT_800F4EE8	8005c2c8	read
DAT_800F4EEC	8005c23c	read
DAT_800F4EF0	8005c23c	read
DAT_800F4EF4	8005c23c	read
DAT_800F4EF5	8005c23c	read
DAT_800F4EF6	8005c23c	read
DAT_800F4EF8	8005721c	read
DAT_800F4EF8	8005c23c	read
DAT_800F4EFC	8005c23c	read
DAT_800F4F00	8005c23c	read
DAT_800F4F04	8005c23c	read
DAT_800F4F05	8005c23c	read
DAT_800F4F06	8005c23c	read
DAT_800F4F08	8005721c	read
DAT_800F4F08	8005c23c	read
DAT_800F4F0C	8005c23c	read
DAT_800F4F10	8005c23c	read
DAT_800F4F14	8005c23c	read
DAT_800F4F15	8005c23c	read
DAT_800F4F16	8005c23c	read
DAT_800F4F18	8005721c	read
DAT_800F4F18	80059294	read
DAT_800F4F18	8005c6d0	read
DAT_800F4F1C	8005721c	read
DAT_800F4F1C	80059294	read
DAT_800F4F1C	8005c6d0	read
DAT_800F4F20	8005721c	read
DAT_800F4F20	80059294	read
DAT_800F4F20	8005c6d0	read
DAT_800F4F28	8005721c	read
DAT_800F4F28	80059294	read
DAT_800F4F2C	80059294	read
DAT_800F4F30	80059294	read
DAT_800F4F38	80051c54	read
DAT_800F4F38	80052f80	read
DAT_800F4F38	80053924	read_write
DAT_800F4F38	800541c0	read
DAT_800F4F38	800544a4	read
DAT_800F4F38	80055a14	read
DAT_800F4F38	8005721c	read
DAT_800F4F38	80059294	read
DAT_800F4F38	8005c628	read
DAT_800F4F38	8005c698	read
DAT_800F4F3C	8004fc2c	read
DAT_800F4F3C	8005721c	read
DAT_800F4F3C	8005c628	read
DAT_800F4F3D	8004fc2c	read
DAT_800F4F3D	8005721c	read
DAT_800F4F3E	8004fc2c	read
DAT_800F4F3E	8005721c	read
DAT_800F4F3F	8004fc2c	read
DAT_800F4F3F	8005721c	read
DAT_800F4F3F	80058860	read
DAT_800F4F3F	8005c628	read
DAT_800F4F40	8004fc2c	read
DAT_800F4F40	800544a4	read
DAT_800F4F40	8005721c	read
DAT_800F4F40	8005afa4	read
DAT_800F4F40	8005c108	read
DAT_800F4F42	8004fc2c	read
DAT_800F4F42	800544a4	read
DAT_800F4F42	8005721c	read
DAT_800F4F44	8004fc2c	read
DAT_800F4F44	800544a4	read
DAT_800F4F44	8005721c	read
DAT_800F4F44	8005afa4	read
DAT_800F4F44	8005c108	read
DAT_800F4F46	8004fc2c	read
DAT_800F4F46	800544a4	read
DAT_800F4F46	8005721c	read
DAT_800F4F46	8005c8d0	read
DAT_800F4F48	8004fc2c	read
DAT_800F4F48	800541c0	read
DAT_800F4F48	800544a4	read
DAT_800F4F48	80054b9c	read
DAT_800F4F48	80055e94	read
DAT_800F4F48	8005721c	read
DAT_800F4F48	8005c0b8	read
DAT_800F4F48	8005d2fc	read
DAT_800F4F48	8005d3e8	read
DAT_800F4F4A	8004fc2c	read
DAT_800F4F4A	800544a4	read
DAT_800F4F4A	80054b9c	read
DAT_800F4F4A	8005721c	read
DAT_800F4F4A	8005c0b8	read
DAT_800F4F4A	8005d2fc	read
DAT_800F4F4A	8005d3e8	read
DAT_800F4F4C	8004fc2c	read
DAT_800F4F4C	800541c0	read
DAT_800F4F4C	800544a4	read
DAT_800F4F4C	80054b9c	read
DAT_800F4F4C	8005721c	read
DAT_800F4F4C	8005c0b8	read
DAT_800F4F4C	8005d2fc	read
DAT_800F4F4C	8005d3e8	read
DAT_800F4F4E	8004fc2c	read
DAT_800F4F4E	8005721c	read
DAT_800F4F4E	8005c0b8	read
DAT_800F4F50	800506e0	read
DAT_800F4F50	800508b0	read
DAT_800F4F50	80050a68	read
DAT_800F4F50	80058860	read
DAT_800F4F50	8005ac78	read
DAT_800F4F54	800506e0	read
DAT_800F4F54	8005ac78	read
DAT_800F4F58	8004fc2c	read
DAT_800F4F58	800506e0	read
DAT_800F4F58	800593c8	read
DAT_800F4F58	800599a0	read
DAT_800F4F58	8005ac78	read
DAT_800F4F5C	800506e0	read
DAT_800F4F60	8004fc2c	read_write
DAT_800F4F60	80058b4c	read
DAT_800F4F60	800599a0	read
DAT_800F4F64	8004fc2c	read_write
DAT_800F4F64	80051c54	read
DAT_800F4F64	80058b4c	read
DAT_800F4F68	8004fc2c	read
DAT_800F4F68	800506e0	read
DAT_800F4F68	8005721c	read
DAT_800F4F68	800593c8	read
DAT_800F4F68	800599a0	read
DAT_800F4F6C	8004fc2c	read
DAT_800F4F6C	800593c8	read
DAT_800F4F6C	800599a0	read
DAT_800F4F70	800563b0	read
DAT_800F4F70	80056620	read
DAT_800F4F70	80058b4c	read
DAT_800F4F70	8005967c	read
DAT_800F4F70	8005ac78	read
DAT_800F4F72	800563b0	read
DAT_800F4F72	80059294	read
DAT_800F4F72	8005967c	read
DAT_800F4F72	80059ef4	read
DAT_800F4F74	800563b0	read
DAT_800F4F74	80059294	read
DAT_800F4F74	8005967c	read
DAT_800F4F74	80059ef4	read
DAT_800F4F76	80051c54	read
DAT_800F4F76	80054078	read
DAT_800F4F76	800541c0	read
DAT_800F4F76	800563b0	read
DAT_800F4F76	80058b4c	read
DAT_800F4F76	80059294	read
DAT_800F4F76	8005967c	read
DAT_800F4F76	8005ac78	read
DAT_800F4F76	8005d720	read
DAT_800F4F77	800563b0	read
DAT_800F4F77	80058b4c	read
DAT_800F4F77	80059294	read
DAT_800F4F77	8005967c	read
DAT_800F4F78	8004fc2c	read
DAT_800F4F78	8005d9cc	read
DAT_800F4F7A	8004fc2c	read
DAT_800F4F7A	800593c8	read
DAT_800F4F7A	800599a0	read
DAT_800F4F7C	8004fc2c	read
DAT_800F4F7E	800506e0	read
DAT_800F4F7E	80052f80	read
DAT_800F4F7E	800541c0	read
DAT_800F4F7E	80055a14	read
DAT_800F4F7E	80058860	read
DAT_800F4F7E	80058b4c	read
DAT_800F4F7E	800599a0	read
DAT_800F4F7E	8005bad0	read
DAT_800F4F7E	8005c8d0	read
DAT_800F4F80	800506e0	read
DAT_800F4F80	800541c0	read
DAT_800F4F80	80058b4c	read
DAT_800F4F82	80059294	read
DAT_800F4F82	800593c8	read
DAT_800F4F82	800599a0	read
DAT_800F4F84	8004fc2c	read
DAT_800F4F84	80051c54	read
DAT_800F4F84	80052f80	read
DAT_800F4F84	80053924	read
DAT_800F4F84	800541c0	read
DAT_800F4F84	8005721c	read
DAT_800F4F84	80058860	read
DAT_800F4F84	80058b4c	read
DAT_800F4F84	80059294	read
DAT_800F4F84	800593c8	read
DAT_800F4F84	800599a0	read
DAT_800F4F84	8005ac78	read
DAT_800F4F84	8005c7a4	read
DAT_800F4F84	8005c808	read
DAT_800F4F88	8004fc2c	read
DAT_800F4F88	8005721c	read
DAT_800F4F88	80058860	read
DAT_800F4F88	8005ac78	read
DAT_800F4F89	8004fc2c	read
DAT_800F4F89	80051c54	read
DAT_800F4F89	8005721c	read
DAT_800F4F89	8005c1e4	read
DAT_800F4F89	8005c38c	read
DAT_800F4F89	8005c6d0	read
DAT_800F4F8A	8004fc2c	read
DAT_800F4F8A	8005721c	read
DAT_800F4F8A	8005cbb0	read
DAT_800F4F8B	8004fc2c	read
DAT_800F4F8B	80051c54	read
DAT_800F4F8B	8005721c	read
DAT_800F4F8B	80058b4c	read
DAT_800F4F8C	8004fc2c	read
DAT_800F4F8C	80052f80	write
DAT_800F4F8C	800536d8	read
DAT_800F4F8C	80056620	read_write
DAT_800F4F8C	80059294	read
DAT_800F4F8C	8005967c	read
DAT_800F4F8C	800599a0	read
DAT_800F4F8C	80059ef4	read
DAT_800F4F8C	8005a92c	write
DAT_800F4F8C	8005bee0	read
DAT_800F4F8D	8004fc2c	read
DAT_800F4F8D	80051c54	read_write
DAT_800F4F8D	80052f80	read_write
DAT_800F4F8D	800536d8	read
DAT_800F4F8D	80053924	read
DAT_800F4F8E	80051c54	read
DAT_800F4F8E	800541c0	read
DAT_800F4F8E	8005721c	read
DAT_800F4F8E	80058860	read
DAT_800F4F8E	80058b4c	read
DAT_800F4F8E	80059294	read
DAT_800F4F8E	800593c8	read
DAT_800F4F8E	800599a0	read
DAT_800F4F8E	8005c7a4	read
DAT_800F4F8E	8005c808	read
DAT_800F4F8F	8004fc2c	read
DAT_800F4F8F	8005721c	read
DAT_800F4F8F	8005b258	read
DAT_800F4F90	8004fc2c	read
DAT_800F4F90	8005b258	read
DAT_800F4F91	8004fc2c	read
DAT_800F4F92	8004fc2c	read
DAT_800F4F92	8005721c	read
DAT_800F4F92	8005cee0	read
DAT_800F4F93	8004fc2c	read
DAT_800F4F93	800508b0	read
DAT_800F4F93	80050a68	read
DAT_800F4F93	80055a14	read
DAT_800F4F93	8005721c	read
DAT_800F4F93	80058860	read
DAT_800F4F93	80058b4c	read
DAT_800F4F93	800593c8	read
DAT_800F4F93	800599a0	read
DAT_800F4F93	8005ac78	read
DAT_800F4F93	8005c8d0	read
DAT_800F4F93	8005d570	read
DAT_800F4F94	8004fc2c	read
DAT_800F4F95	8004fc2c	read
DAT_800F4F95	80059294	read
DAT_800F4F95	8005967c	read
DAT_800F4F95	800599a0	read
DAT_800F4F95	80059ef4	read
DAT_800F4F96	8004fc2c	read
DAT_800F4F96	800541c0	read
DAT_800F4F96	800599a0	read
DAT_800F4F97	8004fc2c	read
DAT_800F4F97	80051c54	write
DAT_800F4F97	80052f80	read
DAT_800F4F97	800536d8	read
DAT_800F4F97	80053924	read_write
DAT_800F4F97	800541c0	read
DAT_800F4F97	800544a4	write
DAT_800F4F97	80055a14	read
DAT_800F4F97	80056620	write
DAT_800F4F97	8005721c	read
DAT_800F4F97	80058860	read
DAT_800F4F97	80058b4c	read
DAT_800F4F97	80059294	read
DAT_800F4F97	800593c8	read
DAT_800F4F97	800599a0	read
DAT_800F4F97	8005ac78	read
DAT_800F4F97	8005bee0	read
DAT_800F4F97	8005cee0	read
DAT_800F5C90	80051c54	read
DAT_800F5D58	80051c54	read
DAT_800F5D58	80053924	read_write
DAT_800F5D58	800544a4	read
DAT_800F5D60	800544a4	read
DAT_800F5D62	800544a4	read
DAT_800F5D64	800544a4	read
DAT_800F5D66	800544a4	read
DAT_800F5D68	800544a4	read
DAT_800F5D6A	800544a4	read
DAT_800F5D6C	800544a4	read
DAT_800F5D84	80051c54	read
DAT_800F5D90	80051c54	read
DAT_800F5D90	80056620	read
DAT_800F5D97	80051c54	write
DAT_800F5DA4	80051c54	read
DAT_800F5DAB	80051c54	write
DAT_800F5DAC	80056620	read_write
DAT_800F5DAD	80051c54	read_write
DAT_800F5DAD	80052f80	write
DAT_800F5DB7	80051c54	write
DAT_800F5DB7	80053924	write
DAT_800F5DB7	800544a4	write
DAT_800F5DB7	80056620	read_write
DAT_800F6AD0	80050f78	read
DAT_800F6AD0	80056620	read
DAT_800F6AD0	8005721c	read
DAT_800F6B28	80050f78	read
DAT_800F6B38	80050f78	read
DAT_800F6B48	80050f78	read
DAT_800F6B58	80050f78	read_write
DAT_800F6B58	80051c54	read_write
DAT_800F6B58	8005721c	write
DAT_800F6B5C	80050f78	read_write
DAT_800F6B5C	80051c54	read_write
DAT_800F6B5C	8005721c	write
DAT_800F6B60	80050f78	read_write
DAT_800F6B60	80051c54	read_write
DAT_800F6B60	8005721c	write
DAT_800F6BB0	800563b0	read
DAT_800F6BB0	80056620	read
DAT_800F6BCC	80056620	read_write
DAT_800F6BCC	8005a6c0	write
DAT_800F6BD7	80050f78	write
DAT_800F6BD7	80051af4	read
DAT_800F6BD7	80056620	read_write
DAT_800F6BD8	8005622c	write
DAT_800F6BDC	80050f78	read
DAT_800F6BDC	8005622c	read
DAT_800F6BF0	8005622c	write
DAT_800F6BF4	8005622c	write
DAT_800F6BF8	8005622c	write
DAT_800F6C1C	8005622c	read_write
DAT_800F6C1E	8005622c	write
DAT_800F6C20	8005622c	write
DAT_800F6C24	8005622c	write
DAT_800F6C28	800544a4	read
DAT_800F6C28	80054b9c	read_write
DAT_800F6C28	80055e94	read_write
DAT_800F6C28	8005622c	read_write
DAT_800F6C28	8005b0bc	read_write
DAT_800F6C28	8005b5cc	read
DAT_800F6C28	8005b7bc	read
DAT_800F6C28	8005c304	read
DAT_800F6C28	8005cdec	read
DAT_800F6C28	8005d2fc	read
DAT_800F6C28	8005d7b0	read
DAT_800F6C2C	800544a4	read
DAT_800F6C2C	80054b9c	read_write
DAT_800F6C2C	8005567c	read
DAT_800F6C2C	80055e94	read_write
DAT_800F6C2C	8005622c	read_write
DAT_800F6C2C	8005b0bc	write
DAT_800F6C2C	8005d2fc	read
DAT_800F6C30	800544a4	read
DAT_800F6C30	80054b9c	read_write
DAT_800F6C30	80055e94	read_write
DAT_800F6C30	8005622c	read_write
DAT_800F6C30	8005b0bc	write
DAT_800F6C30	8005b7bc	read
DAT_800F6C30	8005d2fc	read
DAT_800F6C30	8005d7b0	read
DAT_800F6C34	80054b9c	read_write
DAT_800F6C34	80055e94	read_write
DAT_800F6C34	8005622c	read_write
DAT_800F6C34	8005b0bc	write
DAT_800F6C34	8005b5cc	read
DAT_800F6C34	8005b7bc	read
DAT_800F6C34	8005d3e8	read
DAT_800F6C34	8005d7b0	read
DAT_800F6C38	80054b9c	read_write
DAT_800F6C38	8005567c	read
DAT_800F6C38	80055e94	read_write
DAT_800F6C38	8005622c	read_write
DAT_800F6C38	8005b0bc	write
DAT_800F6C38	8005d3e8	read
DAT_800F6C3C	80054b9c	read_write
DAT_800F6C3C	80055e94	read_write
DAT_800F6C3C	8005622c	read_write
DAT_800F6C3C	8005b0bc	write
DAT_800F6C3C	8005b7bc	read
DAT_800F6C3C	8005d3e8	read
DAT_800F6C3C	8005d7b0	read
DAT_800F6C40	8005622c	read_write
DAT_800F6C40	8005b0bc	write
DAT_800F6C44	8005622c	read_write
DAT_800F6C44	8005b0bc	write
DAT_800F6C48	8005622c	write
DAT_800F6C4C	8005622c	write
DAT_800F6C50	8005622c	write
DAT_800F6C54	8005622c	write
DAT_800F6C58	8005622c	write
DAT_800F6C5C	8005622c	write
DAT_800F6C60	8005622c	write
DAT_800F6C64	8005622c	write
DAT_800F6C88	80068bb0	read
DAT_800F6C88	80068c10	read
DAT_800F6C8C	80068bb0	read
DAT_800F6F08	8006a960	read
DAT_800F6F0C	8006a960	read
DAT_800F6F20	80070c04	read
DAT_800F6F20	80070fec	read
DAT_800F6F20	8007106c	read
DAT_800F6F20	800710ec	read
DAT_800F6F20	80071168	read
DAT_800F6F20	800711e4	read
DAT_800F6F20	8007128c	read
DAT_800F6F20	80071480	read
DAT_800F6F20	800714e8	read
DAT_800F6F20	800715d4	read
DAT_800F6F20	8007175c	read
DAT_800F6F20	80071810	read
DAT_800F6F20	8007187c	read
DAT_800F6F20	800718e8	read
DAT_800F6F20	80071980	read
DAT_800F6F20	800719ec	read
DAT_800F6F20	80071a28	read
DAT_800F6F20	80071a64	read
DAT_800F6F20	80071ad8	read
DAT_800F6F20	80071b14	read
DAT_800F6F20	80071b8c	read
DAT_800F6F20	80071c14	read
DAT_800F6F20	80071c50	read
DAT_800F6F20	80071c8c	read
DAT_800F6F20	80071cc8	read
DAT_800F6F20	80071eec	read
DAT_800F6F20	8007212c	read
DAT_800F6F20	80072278	read
DAT_800F6F20	80072480	read
DAT_800F6F20	80072590	read
DAT_800F6F20	80072714	read
DAT_800F6F20	80072894	read
DAT_800F6F20	80072a64	read
DAT_800F6F20	80072b8c	read
DAT_800F6F20	80072c08	read
DAT_800F6F20	80072cbc	read
DAT_800F6F20	80073010	read
DAT_800F6F20	80073388	read
DAT_800F6F20	800734f4	read
DAT_800F6F20	800735b8	read
DAT_800F6F20	800735f4	read
DAT_800F6F20	80073878	read
DAT_800F6F20	80073910	read
DAT_800F6F20	800739e8	read
DAT_800F6F20	80073a44	read
DAT_800F6F20	80073b08	read
DAT_800F6F20	80073b44	read
DAT_800F6F20	80073b8c	read
DAT_800F6F20	80073bf4	read
DAT_800F6F20	80076de8	read
DAT_800F6F70	80070c04	read_write
DAT_800F6F70	80070e9c	read
DAT_800F6F70	80070ef0	read
DAT_800F6F70	80071b8c	read
DAT_800F6F70	80072d88	read
DAT_800F6F70	80073010	read
DAT_800F6F70	80073388	read
DAT_800F6F70	80073878	read
DAT_800F6F70	80073910	read
DAT_800F6F71	80070ef0	read
DAT_800F6F71	80071b8c	read
DAT_800F6F71	80072d88	read
DAT_800F6F71	80073010	read
DAT_800F6F71	80073388	read
DAT_800F6F71	80073910	read
DAT_800F6F74	80070c04	write
DAT_800F6F74	80070fb4	read
DAT_800F6F74	80070fec	read
DAT_800F6F74	8007106c	read
DAT_800F6F74	800710ec	read
DAT_800F6F74	80071168	read
DAT_800F6F74	800711e4	read
DAT_800F6F74	8007128c	read
DAT_800F6F74	8007132c	read
DAT_800F6F78	80070bb8	read_write
DAT_800F6F78	80070bd8	read_write
DAT_800F6F78	80070c04	write
DAT_800F6F78	80070c7c	read
DAT_800F6F78	80070fb4	write
DAT_800F6F78	80070fec	write
DAT_800F6F78	8007106c	write
DAT_800F6F78	800710ec	write
DAT_800F6F78	80071168	write
DAT_800F6F78	800711e4	write
DAT_800F6F78	8007128c	write
DAT_800F6F78	8007132c	read_write
DAT_800F6F7C	80070c7c	write
DAT_800F6F84	8007132c	read_write
DAT_800F6F88	8007132c	read
DAT_800F6FA8	80073010	read_write
DAT_800F6FA9	80072d88	read
DAT_800F6FA9	80073010	write
DAT_800F7008	80071c14	read
DAT_800F7008	800735f4	read_write
DAT_800F700A	80071c50	read
DAT_800F700A	800735f4	write
DAT_800F700B	80071c8c	read
DAT_800F700B	800735f4	write
DAT_800F700C	80072d88	read
DAT_800F700C	80073010	read_write
DAT_800F700C	80073388	read_write
DAT_800F700D	80072d88	read
DAT_800F700D	80073010	read_write
DAT_800F700D	80073388	write
DAT_800F700E	80072d88	read
DAT_800F700E	80073010	write
DAT_800F700E	80073388	write
DAT_800F7010	80072d88	read_write
DAT_800F7010	80073010	read_write
DAT_800F7010	80073388	write
DAT_800F7012	80072d88	read_write
DAT_800F7012	80073010	read_write
DAT_800F7012	80073388	write
DAT_800F7013	80072d88	read_write
DAT_800F7013	80073010	write
DAT_800F7013	80073388	write
DAT_800F7014	80072d88	read
DAT_800F7014	80073010	read
DAT_800F701A	80073010	read
DAT_800F7048	80074008	write
DAT_800F7048	800741a4	read
DAT_800F7050	80074008	read
DAT_800F7050	800741a4	read
DAT_800F7078	80074424	read_write
DAT_800F707C	80074424	write
DAT_800F7080	80074424	write
DAT_800F7084	80074424	write
DAT_800F7088	800745c0	write
DAT_800F7090	80074598	read
DAT_800F7090	800745c0	write
DAT_800F7094	800745c0	write
DAT_800F7098	80074648	write
DAT_800F70A8	80075558	read
DAT_800F70A8	80077468	read_write
DAT_800F70AA	80077468	read_write
DAT_800F70AC	80077468	read_write
DAT_800F70AE	80077468	read_write
DAT_800F70C0	800789d8	write
DAT_800F70C0	80078c38	read_write
DAT_800F70C4	800789d8	write
DAT_800F70C4	80078c38	read
DAT_800F70C8	80078808	write
DAT_800F70C8	800789d8	write
DAT_800F70C8	80078c38	read_write
DAT_800F70CC	80078c38	read_write
DAT_800F70D0	80078b58	read
DAT_800F70D0	80078c18	write
DAT_800F70D0	80078c38	read_write
DAT_800F70D4	80078808	write
DAT_800F70D4	800788e8	read
DAT_800F70D4	80078c38	read_write
DAT_800F70D8	80078808	write
DAT_800F70D8	800788e8	read_write
DAT_800F70D8	80078c38	read_write
DAT_800F70DC	80078808	write
DAT_800F70DC	80078a68	write
DAT_800F70DC	80078b58	read_write
DAT_800F70E0	80078c38	read_write
DAT_800F70E4	80078758	write
DAT_800F70E4	800788e8	read
DAT_800F70E4	80078a68	read
DAT_800F70E4	80078b18	read
DAT_800F70E4	80078b58	read
DAT_800F70E4	80078c38	read
DAT_800F70E8	800789d8	write
DAT_800F70E8	80078c38	read_write
DAT_800F70EC	80078808	write
DAT_800F70EC	800789d8	write
DAT_800F70EC	80078c38	read_write
DAT_800F70F0	80078758	write
DAT_800F70F0	80078808	read
DAT_800F70F0	80078a68	read
DAT_800F70F0	80078b58	read
DAT_800F70F0	80078c38	read
DAT_800F70F4	80078808	write
DAT_800F70F4	80078c38	write
DAT_800F70F8	80078c18	write
DAT_800F70F8	80078c38	read
DAT_800F70FC	80078c18	write
DAT_800F70FC	80078c38	write
DAT_800F7100	80078808	write
DAT_800F7100	800788e8	write
DAT_800F7100	80078c38	read_write
DAT_800F7104	800789d8	write
DAT_800F7104	80078c38	write
DAT_800F7108	800788e8	write
DAT_800F7108	80078974	read
DAT_800F710C	800788e8	write
DAT_800F710C	80078974	read
DAT_800F7118	800788e8	read
DAT_800F7118	800789d8	write
DAT_800F711C	800789d8	write
DAT_800F711C	80078c38	read
DAT_800F7120	80078c38	read_write
DAT_800F7130	80079728	read
DAT_800F7130	80079c8c	read
DAT_800F7130	80079f0c	read
DAT_800F7130	8007a1d4	read
DAT_800F7130	8007abcc	read
DAT_800F7138	80079728	read
DAT_800F7138	80079c8c	read
DAT_800F7138	80079f0c	read
DAT_800F7138	8007a1d4	read
DAT_800F7138	8007abcc	read
DAT_800F7140	80079728	read
DAT_800F7140	80079f0c	read
DAT_800F7148	80079c8c	read_write
DAT_800F7148	80079f0c	read_write
DAT_800F7148	8007a1d4	read_write
DAT_800F7148	8007aa58	read_write
DAT_800F714C	80079c8c	read_write
DAT_800F714C	80079f0c	read_write
DAT_800F714C	8007a1d4	read_write
DAT_800F714C	8007aa58	read_write
DAT_800F7150	80079c8c	read_write
DAT_800F7150	80079f0c	read_write
DAT_800F7150	8007a1d4	read_write
DAT_800F7150	8007aa58	read_write
DAT_800F7160	80078974	write
DAT_800F7160	80078c38	write
DAT_800F7160	8007d888	write
DAT_800F7168	8007bdd4	read_write
DAT_800F716C	8007bdd4	write
DAT_800F7170	8007bdd4	write
DAT_800F7174	8007bdd4	write
DAT_800F7178	8007b28c	write
DAT_800F7178	8007b53c	write
DAT_800F7178	8007b680	write
DAT_800F717C	8007b28c	write
DAT_800F717C	8007b53c	write
DAT_800F717C	8007b680	write
DAT_800F717D	8007b28c	read
DAT_800F717D	8007b53c	read
DAT_800F717D	8007b680	read
DAT_800F7188	8007b53c	write
DAT_800F7188	8007b680	write
DAT_800F7188	8007bfc4	read_write
DAT_800F7188	8007c10c	read
DAT_800F718C	8007b53c	write
DAT_800F718C	8007b680	write
DAT_800F718D	8007b53c	read
DAT_800F718D	8007b680	read
DAT_800F7198	8007b53c	write
DAT_800F7198	8007b680	write
DAT_800F7198	8007bfc4	read
DAT_800F7198	8007c10c	read
DAT_800F719C	8007b53c	write
DAT_800F719C	8007b680	write
DAT_800F719D	8007b53c	read
DAT_800F719D	8007b680	read
DAT_800F71A8	8007ae58	read
DAT_800F71A8	8007af44	read
DAT_800F71A8	8007afa4	read
DAT_800F71A8	8007b02c	read
DAT_800F71A8	8007b21c	read
DAT_800F71A8	8007b28c	read
DAT_800F71A8	8007b53c	read
DAT_800F71A8	8007b680	read
DAT_800F71A8	8007b78c	read
DAT_800F71A8	8007ba34	read
DAT_800F71A8	8007c068	read
DAT_800F71AC	8007ae58	read
DAT_800F71AC	8007b21c	read
DAT_800F71AC	8007b28c	read
DAT_800F71AC	8007c068	read
DAT_800F71B4	8007ae58	read
DAT_800F71B4	8007b21c	read
DAT_800F71B4	8007b28c	read
DAT_800F71B4	8007c068	read
DAT_800F71B8	8007ae58	read
DAT_800F71B8	8007b02c	read
DAT_800F71B8	8007b28c	read
DAT_800F71BC	8007ae58	read
DAT_800F71BC	8007b28c	read
DAT_800F7268	8007ae58	read_write
DAT_800F7268	8007af44	write
DAT_800F7268	8007afa4	read
DAT_800F7268	8007b02c	read_write
DAT_800F7268	8007b28c	read
DAT_800F7268	8007b53c	write
DAT_800F7268	8007b680	write
DAT_800F726C	8007ae58	read_write
DAT_800F726C	8007af44	write
DAT_800F726C	8007b02c	write
DAT_800F726C	8007b21c	read
DAT_800F726C	8007b28c	read_write
DAT_800F726C	8007b53c	write
DAT_800F726C	8007b680	write
DAT_800F726C	8007b78c	read
DAT_800F726C	8007ba34	read
DAT_800F726C	8007c068	read
DAT_800F7270	8007ae58	read_write
DAT_800F7270	8007af44	write
DAT_800F7270	8007afa4	read
DAT_800F7270	8007b02c	read_write
DAT_800F7270	8007b28c	read
DAT_800F7270	8007b53c	write
DAT_800F7270	8007b680	write
DAT_800F7270	8007b78c	read_write
DAT_800F7270	8007ba34	read_write
DAT_800F7270	8007c058	read
DAT_800F7270	8007c068	read
DAT_800F7278	8007b4b0	read
DAT_800F7278	8007b53c	read
DAT_800F7278	8007b680	read
DAT_800F7278	8007bdd4	read
DAT_800F727C	8007b4b0	read
DAT_800F727C	8007bdd4	read
DAT_800F7280	8007bdd4	read
DAT_800F72F8	8007b4b0	read_write
DAT_800F72F8	8007b53c	write
DAT_800F72F8	8007b680	write
DAT_800F72F8	8007bdd4	read
DAT_800F7308	8007c218	write
DAT_800F7308	8007c454	write
DAT_800F7308	8007c720	read
DAT_800F730C	8007c218	write
DAT_800F730C	8007c460	write
DAT_800F730C	8007cb88	read
DAT_800F730C	8007cd6c	read_write
DAT_800F730C	8007cff4	read
DAT_800F7310	8007c218	write
DAT_800F7310	8007c46c	write
DAT_800F7310	8007cd6c	read
DAT_800F7310	8007d0e0	read
DAT_800F7314	8007c478	write
DAT_800F7314	8007cd6c	read_write
DAT_800F7318	8007d988	read
DAT_800F7318	8007dff0	read
DAT_800F7319	8007dff0	read
DAT_800F731A	8007dff0	read
DAT_800F731C	8007dff0	read
DAT_800F7320	8007d988	read
DAT_800F7320	8007dff0	read_write
DAT_800F7338	8007dff0	write
DAT_800F733A	8007dff0	write
DAT_800F78F4	8007dff0	read
DAT_800F7918	8007dc88	read
DAT_800F791C	8007dc88	read
DAT_800F791C	8007df4c	read
DAT_800F7920	8007dc88	read
DAT_800F7924	8007dc88	read
DAT_800F7924	8007df4c	read
DAT_800F8F18	8007dc88	read
DAT_800F8F18	8007dff0	read
DAT_800F8F19	8007dc88	read
DAT_800F8FA4	8007dc88	read
DAT_800F9718	8007b28c	read
DAT_800F9718	8007b53c	write
DAT_800F9718	8007b680	write
DAT_800F9718	8007dc88	read
DAT_800F971C	8007b53c	write
DAT_800F971C	8007b680	write
DAT_800F971C	8007c10c	read
DAT_800F971C	8007edf8	read_write
DAT_800F9720	8007b53c	write
DAT_800F9720	8007b680	write
DAT_800F9720	8007c1e0	read
DAT_800F9720	8007ee18	read_write
DAT_800F9728	8007ef48	read
DAT_800F9B30	8007ef48	read
DAT_800FDB30	8007eea8	write
DAT_800FDB30	8007ef48	read
DAT_800FDB32	8007eea8	write
DAT_800FDB32	8007ef48	read
DAT_800FDB38	800811fc	read_write
DAT_800FDB3C	800811fc	write
DAT_800FDB40	800811fc	write
DAT_800FDB44	800811fc	write
DAT_800FDB48	800811fc	write
DAT_800FDB4C	800811fc	write
DAT_800FDB50	800811fc	write
DAT_800FDB54	800811fc	write
DAT_800FDB58	800811fc	write
DAT_800FDB60	800811fc	write
DAT_800FDB64	800811fc	write
DAT_800FDB68	800811fc	write
DAT_800FDB6C	800811fc	write
DAT_800FDB88	800819e0	read
DAT_800FDB88	80081c90	read
DAT_800FDB88	80081ef0	read
DAT_800FDB8C	800819e0	read
DAT_800FDB8C	80081c90	read
DAT_800FDB90	800819e0	read
DAT_800FDB90	80081c90	read
DAT_800FDB94	800819e0	read
DAT_800FF388	80082ff8	read_write
DAT_800FF39B	80084f50	write
DAT_800FF39F	80084f50	write
DAT_800FF3AB	80084f50	write
DAT_800FF3AF	80084f50	write
DAT_800FF3B8	800852b8	read
DAT_800FF3B8	800853c8	read
DAT_800FF3B8	80085488	read
DAT_800FF3B8	80085628	write
DAT_800FF3BA	800852b8	read
DAT_800FF3BA	80085628	write
DAT_800FF3BC	800852b8	read
DAT_800FF3BC	800853c8	read
DAT_800FF3BC	80085488	read
DAT_800FF3BC	80085628	write
DAT_800FF3BE	800852b8	read
DAT_800FF3BE	80085628	write
DAT_800FF3C0	80084f50	write
DAT_800FF3C0	80085628	write
DAT_800FF3C2	80084f50	write
DAT_800FF3C2	80085628	write
DAT_800FF3C4	80084f50	write
DAT_800FF3C4	80085628	write
DAT_800FF3C6	80084f50	write
DAT_800FF3C6	80085628	write
DAT_800FF3C8	80084f50	write
DAT_800FF3C8	800852b8	read
DAT_800FF3C8	80085538	write
DAT_800FF3C8	800856c8	write
DAT_800FF3CA	80084f50	write
DAT_800FF3CA	800852b8	read
DAT_800FF3CA	80085538	write
DAT_800FF3CA	800856c8	write
DAT_800FF3D0	80084dcc	read
DAT_800FF3D0	800852b8	read
DAT_800FF3D0	800853c8	write
DAT_800FF3D2	800853c8	write
DAT_800FF3D4	800853c8	write
DAT_800FF3D6	800853c8	write
DAT_800FF3D8	80084dcc	write
DAT_800FF3D8	800852b8	write
DAT_800FF3DA	80084dcc	write
DAT_800FF3DA	800852b8	write
DAT_800FF3DC	80084dcc	write
DAT_800FF3DE	80084dcc	write
DAT_800FF3E0	80084dcc	write
DAT_800FF3E2	80084dcc	write
DAT_800FF3E4	80084dcc	write
DAT_800FF3E4	80084ee8	write
DAT_800FF3E6	80012d60	write
DAT_800FF3E6	80013058	write
DAT_800FF3E6	80084dcc	write
DAT_800FF3E6	80084ee8	write
DAT_800FF3E7	80084dcc	write
DAT_800FF3E7	80084ee8	write
DAT_800FF3E8	80012d60	write
DAT_800FF3E8	80013058	write
DAT_800FF3E8	80084dcc	write
DAT_800FF3E8	80084ee8	write
DAT_800FF3E9	80012d60	write
DAT_800FF3E9	80013058	write
DAT_800FF3EA	80012d60	write
DAT_800FF3EA	80013058	write
DAT_800FF3EB	80012d60	write
DAT_800FF3EB	80013058	write
DAT_800FF430	80013058	read
DAT_800FF430	80084dcc	write
DAT_800FF430	80085488	write
DAT_800FF432	80084dcc	write
DAT_800FF432	80085488	write
DAT_800FF434	80013058	read
DAT_800FF434	80084dcc	read
DAT_800FF434	80084ee8	read
DAT_800FF438	80013058	read_write
DAT_800FF438	80069d90	read
DAT_800FF438	8006a07c	read
DAT_800FF438	80084dcc	read
DAT_800FF43C	80013058	read_write
DAT_800FF43C	80069d90	read
DAT_800FF43C	8006a07c	read
DAT_800FF43C	80084dcc	read
DAT_800FF440	80013058	read
DAT_800FF440	80084dcc	read
DAT_800FF440	80084ee8	read
DAT_800FF444	80083a08	read
DAT_800FF444	80083ccc	read
DAT_800FF444	80083f38	read
DAT_800FF444	800840b8	read
DAT_800FF444	800841c8	read
DAT_800FF444	800842a8	read
DAT_800FF444	80084478	read
DAT_800FF444	80084978	read
DAT_800FF444	80084af8	read
DAT_800FF444	800852b8	write
DAT_800FF444	80086038	write
DAT_800FF446	80083a08	read
DAT_800FF446	80083ccc	read
DAT_800FF446	80083f38	read
DAT_800FF446	800840b8	read
DAT_800FF446	800841c8	read
DAT_800FF446	800842a8	read
DAT_800FF446	80084478	read
DAT_800FF446	80084978	read
DAT_800FF446	80084af8	read
DAT_800FF446	800852b8	write
DAT_800FF446	80086038	write
DAT_800FF448	80084f50	write
DAT_800FF448	800853c8	read
DAT_800FF44A	80084f50	write
DAT_800FF44A	800853c8	read
DAT_800FF44C	80084f50	write
DAT_800FF44C	800853c8	read
DAT_800FF44E	80084f50	write
DAT_800FF44E	800853c8	read
DAT_800FF450	80084f50	write
DAT_800FF450	80085488	read_write
DAT_800FF450	80086258	read
DAT_800FF450	8008a428	read
DAT_800FF450	8008a6e8	read
DAT_800FF450	8008a9b8	read
DAT_800FF454	80069d90	write
DAT_800FF454	8006a07c	write
DAT_800FF454	80084d58	write
DAT_800FF454	800852a8	read
DAT_800FF454	800852b8	read_write
DAT_800FF454	800853c8	read
DAT_800FF454	80085488	read_write
DAT_800FF456	80084dcc	write
DAT_800FF456	80084ee8	write
DAT_800FF456	800852b8	write
DAT_800FF456	80085628	read
DAT_800FF458	800856c8	write
DAT_800FF45C	80069d90	read
DAT_800FF45C	8006a07c	read
DAT_800FF45C	80084f50	read_write
DAT_800FF45C	800856c8	read
DAT_800FF460	80069d90	read
DAT_800FF460	8006a07c	read
DAT_800FF460	80084f50	read_write
DAT_800FF460	800856c8	read
DAT_800FF464	800856c8	write
DAT_800FF468	800856c8	write
DAT_800FF470	80084f50	write
DAT_800FF470	80085588	read
DAT_800FF470	80085768	read_write
DAT_800FF474	80084f50	write
DAT_800FF474	80085588	read
DAT_800FF474	80085768	read_write
DAT_800FF478	80084f50	write
DAT_800FF478	80085588	read
DAT_800FF478	80085768	read_write
DAT_800FF47C	80084f50	write
DAT_800FF47C	80085588	read
DAT_800FF47C	80085768	read_write
DAT_800FF480	80084f50	read_write
DAT_800FF480	80085588	read
DAT_800FF480	80085768	read_write
DAT_800FF484	80084f50	write
DAT_800FF484	80085588	read
DAT_800FF484	80085768	read_write
DAT_800FF488	80084f50	write
DAT_800FF488	80085588	read
DAT_800FF488	80085768	read_write
DAT_800FF48C	80084f50	write
DAT_800FF48C	80085588	read
DAT_800FF48C	80085768	read_write
DAT_800FF490	80084f50	write
DAT_800FF490	80085c20	write
DAT_800FF490	80085c84	read
DAT_800FF494	80084f50	write
DAT_800FF494	80085c20	write
DAT_800FF494	80085c84	read
DAT_800FF498	80084f50	write
DAT_800FF498	80085c20	write
DAT_800FF498	80085c84	read
DAT_800FF49C	80084f50	write
DAT_800FF49C	80085c20	write
DAT_800FF49C	80085c84	read
DAT_800FF4A0	80084f50	write
DAT_800FF4A0	80085c20	write
DAT_800FF4A0	80085c84	read
DAT_800FF4A4	80084f50	write
DAT_800FF4A4	80085c20	write
DAT_800FF4A4	80085c84	read
DAT_800FF4A8	80084f50	write
DAT_800FF4A8	80085c20	write
DAT_800FF4A8	80085c84	read
DAT_800FF4AC	80084f50	write
DAT_800FF4AC	80085c20	write
DAT_800FF4AC	80085c84	read
DAT_800FF4B0	8008acd8	write
DAT_800FF4B4	8008acd8	write
DAT_800FF4B8	8008acd8	write
DAT_800FF4BC	8008acd8	write
DAT_800FF4C0	8008acd8	write
DAT_800FF4C4	8008acd8	write
DAT_800FF4C8	8008acd8	write
DAT_800FF4CC	8008acd8	write
DAT_800FF4D0	80015c34	read
DAT_800FF4D0	80015d18	read
DAT_800FF4D0	80015e10	read
DAT_800FF4D0	80017860	read
DAT_800FF4D0	8001b05c	read
DAT_800FF4D0	80029acc	read
DAT_800FF4D0	8005c328	read
DAT_800FF4D0	80086258	read
DAT_800FF4D0	8008a6e8	read
DAT_800FF4D0	8008a9b8	read
DAT_800FF4D0	8008acd8	read_write
DAT_800FF4D4	8008acd8	read_write
DAT_800FF4D8	8008acd8	read_write
DAT_800FF4DC	8008acd8	read_write
DAT_800FF4E0	8008acd8	read_write
DAT_800FF4E4	8008acd8	read_write
DAT_800FF4E8	8008acd8	read_write
DAT_800FF4EC	8008acd8	read_write
DAT_800FF4F0	80083178	read
DAT_800FF4F0	80084478	read
DAT_800FF4F0	80084f50	write
DAT_800FF4F0	80086178	read
DAT_800FF4F4	80083178	read
DAT_800FF4F4	80084478	read
DAT_800FF4F4	80084f50	write
DAT_800FF4F4	80086178	read
DAT_800FF4F8	80083178	read
DAT_800FF4F8	80084478	read
DAT_800FF4F8	80084f50	write
DAT_800FF4F8	80086178	read
DAT_800FF4FC	80083178	read
DAT_800FF4FC	80084478	read
DAT_800FF4FC	80084f50	write
DAT_800FF4FC	80086178	read
DAT_800FF500	80083178	read
DAT_800FF500	80084478	read
DAT_800FF500	80084f50	read_write
DAT_800FF500	80086178	read
DAT_800FF504	80083178	read
DAT_800FF504	80084478	read
DAT_800FF504	80084f50	write
DAT_800FF504	80086178	read
DAT_800FF508	80083178	read
DAT_800FF508	80084478	read
DAT_800FF508	80084f50	write
DAT_800FF508	80086178	read
DAT_800FF50C	80083178	read
DAT_800FF50C	80084478	read
DAT_800FF50C	80084f50	write
DAT_800FF50C	80086178	read
DAT_800FF510	80084f50	write
DAT_800FF510	8008acd8	read
DAT_800FF514	80084f50	write
DAT_800FF514	8008acd8	read
DAT_800FF518	80084f50	write
DAT_800FF518	8008acd8	read
DAT_800FF51C	80084f50	write
DAT_800FF51C	8008acd8	read
DAT_800FF520	80084f50	write
DAT_800FF520	8008acd8	read
DAT_800FF524	80084f50	write
DAT_800FF524	8008acd8	read
DAT_800FF528	80084f50	write
DAT_800FF528	8008acd8	read
DAT_800FF52C	80084f50	write
DAT_800FF52C	80086258	read
DAT_800FF52C	8008acd8	read
DAT_800FF530	80086258	read
DAT_800FF5C4	80034d30	write
DAT_800FF5C4	800424b8	read_write
DAT_800FF5C4	8004cf9c	read_write
DAT_800FF5C4	8004d260	read_write
DAT_800FF5C4	8004d5b8	read_write
DAT_800FF5C4	8005d9cc	read
DAT_800FF5C4	80083178	read_write
DAT_800FF5C4	80083f38	read_write
DAT_800FF5C4	800840b8	read_write
DAT_800FF5C4	800841c8	read_write
DAT_800FF5C4	800842a8	read_write
DAT_800FF5C4	80084478	read_write
DAT_800FF5C4	80084978	read_write
DAT_800FF5C4	80084af8	read_write
DAT_800FF5C4	80086248	write
DAT_800FF5C4	80089f08	read
DAT_800FF5C4	8008a0d8	read
DAT_800FF5E0	80089aa8	write
DAT_800FF5F0	80089cb8	read_write
DAT_800FF5F4	80089cb8	read_write
DAT_800FF5F8	80089cb8	read_write
DAT_800FF5FC	8008a428	read
DAT_800FF5FC	8008a6e8	read
DAT_800FF5FC	8008a9b8	read
DAT_800FF600	8008a428	read
DAT_800FF600	8008a6e8	read
DAT_800FF600	8008a9b8	read
DAT_800FF680	8008b498	write
DAT_800FF680	8008b574	write
DAT_800FF680	8008b608	write
DAT_800FF690	8008b6b8	write
DAT_800FF6A0	8008b8fc	read_write
DAT_800FF6A4	8008b8fc	read_write
DAT_800FF6A8	8008bc80	write
DAT_800FF6AC	8008bc80	read_write
DAT_800FF6B0	8008bc80	write
DAT_800FF6B4	8008bc80	read_write
DAT_800FF6B8	8008bc80	write
DAT_800FF6C0	8008cc70	read
DAT_800FF6C0	8008cf50	write
DAT_800FF6C4	8008cc70	read
DAT_800FF6C4	8008cf50	write
DAT_800FF6D0	8008b7e4	write
DAT_800FF6D0	8008b854	read
DAT_800FF6D0	8008b894	read_write
DAT_800FF6D0	8008bc18	read_write
DAT_800FF6D0	8008bf28	read_write
DAT_800FF6D0	8008c0f4	read_write
DAT_800FF6D0	8008c35c	read_write
DAT_800FF6D0	8008c5c0	read_write
DAT_800FF6D0	8008c7e0	read_write
DAT_800FF6D0	8008ca00	read_write
DAT_800FF6D0	8008cc70	read
DAT_800FF6D0	8008cd8c	write
DAT_800FF6D0	8008ce88	write
DAT_800FF6D0	8008cf50	read_write
DAT_800FF6D4	8008b7e4	write
DAT_800FF6D4	8008b894	write
DAT_800FF6D4	8008b8fc	write
DAT_800FF6D4	8008bc18	write
DAT_800FF6D4	8008bc80	read_write
DAT_800FF6D4	8008bf28	write
DAT_800FF6D4	8008c0f4	write
DAT_800FF6D4	8008c1ac	read_write
DAT_800FF6D4	8008c35c	write
DAT_800FF6D4	8008c414	read_write
DAT_800FF6D4	8008c5c0	write
DAT_800FF6D4	8008c6d8	read_write
DAT_800FF6D4	8008c7e0	write
DAT_800FF6D4	8008c8f8	read_write
DAT_800FF6D4	8008ca00	write
DAT_800FF6D4	8008cc70	read
DAT_800FF6D4	8008cf50	read_write
DAT_800FF6D8	8008b7e4	write
DAT_800FF6D8	8008b894	write
DAT_800FF6D8	8008bc18	write
DAT_800FF6D8	8008bf28	write
DAT_800FF6D8	8008c0f4	write
DAT_800FF6D8	8008c35c	write
DAT_800FF6D8	8008c5c0	write
DAT_800FF6D8	8008c7e0	write
DAT_800FF6D8	8008ca00	write
DAT_800FF6D8	8008cc70	read_write
DAT_800FF6D8	8008cf50	write
DAT_800FF6DC	8008b7e4	write
DAT_800FF6DC	8008b8fc	read
DAT_800FF6DC	8008bc80	read_write
DAT_800FF6DC	8008ca00	read_write
DAT_800FF6DC	8008cd8c	read_write
DAT_800FF6E0	8008b894	write
DAT_800FF6E0	8008b8fc	read
DAT_800FF6E0	8008bc18	write
DAT_800FF6E0	8008bc80	read
DAT_800FF6E0	8008bf28	write
DAT_800FF6E0	8008c1ac	read
DAT_800FF6E0	8008c414	read
DAT_800FF6E0	8008c5c0	write
DAT_800FF6E0	8008c7e0	write
DAT_800FF6E0	8008ca00	write
DAT_800FF6E4	8008b7e4	write
DAT_800FF6E4	8008bf28	read_write
DAT_800FF6E4	8008c0b0	read_write
DAT_800FF6E4	8008c0f4	read
DAT_800FF6E4	8008c1ac	read
DAT_800FF6E4	8008c35c	read
DAT_800FF6E4	8008c414	read
DAT_800FF6E4	8008c5c0	read
DAT_800FF6E4	8008c6d8	read_write
DAT_800FF6E4	8008c7e0	read
DAT_800FF6E4	8008c8f8	read_write
DAT_800FF6E8	8008c0f4	write
DAT_800FF6E8	8008c1ac	read
DAT_800FF6E8	8008c35c	write
DAT_800FF6E8	8008c414	read
DAT_800FF6E8	8008c5c0	write
DAT_800FF6E8	8008c7e0	write
DAT_800FF6EC	8008c0f4	write
DAT_800FF6EC	8008c1ac	read
DAT_800FF6EC	8008c35c	write
DAT_800FF6EC	8008c414	read
DAT_800FF6EC	8008c5c0	write
DAT_800FF6EC	8008c7e0	write
DAT_800FF6F0	8008c0f4	write
DAT_800FF6F0	8008c1ac	read
DAT_800FF6F0	8008c35c	write
DAT_800FF6F0	8008c414	read
DAT_800FF6F0	8008c5c0	write
DAT_800FF6F0	8008c7e0	write
DAT_800FF6F4	8008bf28	read
DAT_800FF6F4	8008c5c0	read
DAT_800FF6F4	8008c6d8	read
DAT_800FF6F4	8008c7e0	read
DAT_800FF6F4	8008c8f8	read
DAT_800FF714	8008b7e4	write
DAT_800FF714	8008cc5c	read_write
DAT_800FF714	8008cf50	read
DAT_800FF718	8008b7e4	write
DAT_800FF718	8008b8fc	read
DAT_800FF71C	8008b7e4	write
DAT_800FF720	8008b7e4	write
DAT_800FF720	8008b8fc	read
DAT_800FF720	8008cf50	read_write
DAT_800FF724	8008b7e4	write
DAT_800FF724	8008cf50	read_write
DAT_800FF728	8008b788	write
DAT_800FF728	8008b7b0	read
DAT_800FF728	8008bf28	read_write
DAT_800FF728	8008ca00	read_write
DAT_800FF73C	8008d068	read
DAT_800FF770	8008d068	read
DAT_800FF770	8008d0e4	read
DAT_800FF780	8008d238	read_write
DAT_800FF780	8008d434	read
DAT_800FF780	8008d4e8	read
DAT_800FF780	8008d6c8	read
DAT_800FF784	8008d238	read_write
DAT_800FF784	8008d434	read
DAT_800FF784	8008d4e8	read
DAT_800FF784	8008d6c8	read
DAT_800FF788	8008d238	read_write
DAT_800FF788	8008d434	read
DAT_800FF788	8008d4e8	read
DAT_800FF788	8008d6c8	read
DAT_800FF78C	8008d238	read_write
DAT_800FF78C	8008d434	read
DAT_800FF78C	8008d4e8	read
DAT_800FF78C	8008d6c8	read
DAT_800FF790	8008d238	read_write
DAT_800FF790	8008d434	read
DAT_800FF790	8008d4e8	read
DAT_800FF790	8008d5f0	read
DAT_800FF794	8008d238	read_write
DAT_800FF794	8008d434	read
DAT_800FF794	8008d4e8	read
DAT_800FF794	8008d5f0	read
DAT_800FF798	8008d238	read_write
DAT_800FF798	8008d434	read
DAT_800FF798	8008d4e8	read
DAT_800FF798	8008d5f0	read
DAT_800FF79C	8008d238	read_write
DAT_800FF79C	8008d434	read
DAT_800FF79C	8008d4e8	read
DAT_800FF79C	8008d5f0	read
DAT_800FF7A0	8008d4e8	write
DAT_800FF7A0	8008d5f0	read_write
DAT_800FF7A0	8008d7a0	read
DAT_800FF7A4	8008d4e8	write
DAT_800FF7A4	8008d5f0	read_write
DAT_800FF7A4	8008d7a0	read
DAT_800FF7A8	8008d4e8	write
DAT_800FF7A8	8008d5f0	read_write
DAT_800FF7A8	8008d7a0	read
DAT_800FF7AC	8008d4e8	write
DAT_800FF7AC	8008d5f0	read_write
DAT_800FF7AC	8008d7a0	read
DAT_800FF7B0	8008d4e8	write
DAT_800FF7B0	8008d6c8	read_write
DAT_800FF7B0	8008d7dc	read
DAT_800FF7B4	8008d4e8	write
DAT_800FF7B4	8008d6c8	read_write
DAT_800FF7B4	8008d7dc	read
DAT_800FF7B8	8008d4e8	write
DAT_800FF7B8	8008d6c8	read_write
DAT_800FF7B8	8008d7dc	read
DAT_800FF7BC	8008d4e8	write
DAT_800FF7BC	8008d6c8	read_write
DAT_800FF7BC	8008d7dc	read
DAT_800FF7C0	8008d818	read
DAT_800FF7C0	8008dbe8	read
DAT_800FF7C4	8008d818	read
DAT_800FF7C4	8008dbe8	read
DAT_800FF7C8	8008d818	read
DAT_800FF7C8	8008dbe8	read
DAT_800FF980	8008dbe8	read
DAT_800FF9A0	8008d818	read
DAT_800FF9F0	8008dbe8	read
DAT_800FFA00	8008d818	read_write
DAT_800FFA00	8008dbe8	read_write
DAT_800FFA01	8008dbe8	write
DAT_800FFA02	8008d818	read
DAT_800FFA04	8008d818	write
DAT_800FFA04	8008dbe8	read_write
DAT_800FFA08	8008d818	write
DAT_800FFA08	8008dbe8	read_write
DAT_800FFA0C	8008d818	write
DAT_800FFA0C	8008dbe8	read_write
DAT_800FFA10	8008d818	write
DAT_800FFA10	8008dbe8	read_write
DAT_800FFA14	8008d818	write
DAT_800FFA14	8008dbe8	read_write
DAT_800FFA18	8008d818	write
DAT_800FFA18	8008dbe8	read_write
DAT_800FFA1C	8008d818	write
DAT_800FFA1C	8008dbe8	read_write
DAT_800FFA80	8008e408	read
DAT_800FFA84	8008e408	read
DAT_800FFA90	8008e2a8	write
DAT_800FFA90	8008e434	write
DAT_800FFA90	8008e7e0	read
DAT_800FFA94	8008e2a8	write
DAT_800FFA94	8008e434	write
DAT_800FFA98	8008e434	write
DAT_800FFAA4	8008e2a8	write
DAT_800FFAA4	8008e434	write
DAT_800FFAA4	8008e7e0	read
DAT_800FFAA8	8008e2a8	write
DAT_800FFAB0	8008e7e0	read
DAT_800FFAB1	8008f04c	write
DAT_800FFB48	8008e7e0	read_write
DAT_800FFBE0	8008e2a8	write
DAT_800FFBE0	8008e434	write
DAT_800FFBE0	8008e5e8	read
DAT_800FFBE0	8008e7e0	read
DAT_800FFBE0	8008f04c	read_write
DAT_800FFBE4	8008e7e0	read
DAT_800FFBEC	8008e790	write
DAT_800FFBEC	8008e7e0	read_write
DAT_800FFBF0	8008ee44	read_write
DAT_800FFBF4	8008ed40	write
DAT_800FFBF4	8008ed74	read
DAT_800FFBF4	8008ee44	read_write
DAT_800FFBF8	8008ed40	write
DAT_800FFBF8	8008ed74	read
DAT_800FFBF8	8008ee44	read_write
DAT_800FFBFC	8008ed40	write
DAT_800FFBFC	8008ed74	read_write
DAT_800FFBFC	8008ee44	read_write
DAT_800FFC00	8008f708	read_write
DAT_800FFC00	8008f738	write
DAT_800FFC10	800901a8	read
DAT_800FFC10	800902a4	read
DAT_800FFC10	800902e0	read
DAT_800FFC30	800128cc	read
DAT_8015C410	8003a8f0	read
DAT_8015C414	8003a22c	read
DAT_8015C424	800193dc	read_write
DAT_8015C424	8001f030	read
DAT_8015C424	800247f0	read
DAT_8015C424	800248e0	read
DAT_8015C426	800193dc	write
DAT_8015C538	800193dc	write
DAT_8015C53A	800193dc	write
DAT_8015C53C	800193dc	write
DAT_8015C652	800193dc	write
DAT_8016A9D4	800193dc	write
DAT_8016AAEA	800193dc	write
DAT_8016AAEC	800193dc	write
DAT_8016AAEE	800193dc	write
DAT_8016AC00	800193dc	write
DAT_8016AC02	800193dc	write
DAT_80177EA4	80024a9c	read
DAT_80177EA6	80024a9c	read
DAT_80177EA8	80024a9c	read
DAT_80177EAA	80024a9c	read
DAT_80177F94	8002465c	read
DAT_80177F94	800248e0	read
DAT_80177FBC	8002465c	read
DAT_80177FE8	8002465c	read
DAT_80177FE8	800247f0	read
DAT_80178038	8002465c	read
DAT_8017808C	8001f030	read
DAT_8017808C	800247f0	read
DAT_80178096	8001f030	write
DAT_80178130	800247f0	read
DAT_80178130	800248e0	read
DAT_801781D8	8001798c	read
DAT_801781D8	80020eb0	read
DAT_801781D8	800244b0	read
DAT_8017878C	800218cc	read
DAT_801798A8	80021614	read
DAT_801799D8	800170c4	read
DAT_801799D8	80020eb0	read
DAT_801799D8	800219ac	read
DAT_801799D8	8002c9bc	read
DAT_8017A1D8	800170c4	read
DAT_8017A1D8	80019998	read
DAT_8017C2D8	800170c4	read
DAT_8017C2D8	800199f0	read
DAT_8017C2D9	800199f0	read
DAT_80184784	8013b004	read_write
DAT_80184784	80140000	read_write
DAT_80184784	80146258	read_write
DAT_80184784	801680f4	read_write
DAT_80184784	80168160	read_write
DAT_80184784	80168254	read_write
DAT_80184784	80168344	read_write
DAT_80184784	8016866c	read_write
DAT_80184784	801686ac	read_write
DAT_80184784	80168e1c	read_write
DAT_80184784	80168fcc	read_write
DAT_80184784	80169024	read_write
DAT_80184784	80169a1c	read_write
DAT_80184784	80169e64	read_write
DAT_80184784	8016a160	read_write
DAT_80184784	8016a850	read_write
DAT_80184784	8017a004	read_write
DAT_80184784	8017b004	read_write
DAT_80184784	80180004	read_write
DAT_80184784	8018001c	read_write
DAT_80184784	80180e48	read_write
DAT_80184788	8013b004	read_write
DAT_80184788	80140000	read_write
DAT_80184788	80146258	read_write
DAT_80184788	801680f4	read_write
DAT_80184788	80168160	read_write
DAT_80184788	80168254	read_write
DAT_80184788	80168344	read_write
DAT_80184788	8016866c	read_write
DAT_80184788	801686ac	read_write
DAT_80184788	80168e1c	read_write
DAT_80184788	80168fcc	read_write
DAT_80184788	80169024	read_write
DAT_80184788	80169a1c	read_write
DAT_80184788	80169e64	read_write
DAT_80184788	8016a160	read_write
DAT_80184788	8016a850	read_write
DAT_80184788	8017a004	read_write
DAT_80184788	8017b004	read_write
DAT_80184788	80180004	read_write
DAT_80184788	8018001c	read_write
DAT_80184788	80180e48	read_write
DAT_8018478C	8013b004	read_write
DAT_8018478C	80140000	read_write
DAT_8018478C	80146258	read_write
DAT_8018478C	801680f4	read_write
DAT_8018478C	80168160	read_write
DAT_8018478C	80168254	read_write
DAT_8018478C	80168344	read_write
DAT_8018478C	8016866c	read_write
DAT_8018478C	801686ac	read_write
DAT_8018478C	80168e1c	read_write
DAT_8018478C	80168fcc	read_write
DAT_8018478C	80169024	read_write
DAT_8018478C	80169a1c	read_write
DAT_8018478C	80169e64	read_write
DAT_8018478C	8016a160	read_write
DAT_8018478C	8016a850	read_write
DAT_8018478C	8017a004	read_write
DAT_8018478C	8017b004	read_write
DAT_8018478C	80180004	read_write
DAT_8018478C	8018001c	read_write
DAT_8018478C	8018019c	read
DAT_8018478C	80180390	read_write
DAT_8018478C	80180e48	read_write
DAT_80184794	8013b004	read
DAT_80184794	80140000	read
DAT_80184794	80146258	read
DAT_80184794	801680f4	read
DAT_80184794	80168160	read
DAT_80184794	80168254	read
DAT_80184794	80168344	read
DAT_80184794	8016866c	read
DAT_80184794	801686ac	read
DAT_80184794	80168e1c	read
DAT_80184794	80168fcc	read
DAT_80184794	80169024	read
DAT_80184794	80169a1c	read
DAT_80184794	80169e64	read
DAT_80184794	8016a160	read
DAT_80184794	8016a850	read
DAT_80184794	8017a004	read
DAT_80184794	8017b004	read
DAT_80184794	80180004	read
DAT_80184794	8018001c	read
DAT_80184794	8018019c	read
DAT_80184794	80180390	read
DAT_80184794	80180da4	read
DAT_80184794	80180e48	read
DAT_801847C0	8013b004	read_write
DAT_801847C0	80140000	read_write
DAT_801847C0	80146258	read_write
DAT_801847C0	801680f4	read_write
DAT_801847C0	80168160	read_write
DAT_801847C0	80168254	read_write
DAT_801847C0	80168344	read_write
DAT_801847C0	8016866c	read_write
DAT_801847C0	801686ac	read_write
DAT_801847C0	80168e1c	read_write
DAT_801847C0	80168fcc	read_write
DAT_801847C0	80169024	read_write
DAT_801847C0	80169a1c	read_write
DAT_801847C0	80169e64	read_write
DAT_801847C0	8016a160	read_write
DAT_801847C0	8016a850	read_write
DAT_801847C0	8017a004	read_write
DAT_801847C0	8017b004	read_write
DAT_801847C0	80180004	read_write
DAT_801847C0	8018001c	read_write
DAT_801847C0	8018019c	read
DAT_801847C0	80180390	read_write
DAT_801847C1	8013b004	write
DAT_801847C1	80140000	write
DAT_801847C1	80146258	write
DAT_801847C1	801680f4	write
DAT_801847C1	80168160	write
DAT_801847C1	80168254	write
DAT_801847C1	80168344	write
DAT_801847C1	8016866c	write
DAT_801847C1	801686ac	write
DAT_801847C1	80168e1c	write
DAT_801847C1	80168fcc	write
DAT_801847C1	80169024	write
DAT_801847C1	80169a1c	write
DAT_801847C1	80169e64	write
DAT_801847C1	8016a160	write
DAT_801847C1	8016a850	write
DAT_801847C1	8017a004	write
DAT_801847C1	8017b004	write
DAT_801847C1	80180004	write
DAT_801847C1	8018001c	write
DAT_801847C1	8018019c	write
DAT_801847C1	80180390	write
DAT_801847C2	8013b004	write
DAT_801847C2	80140000	write
DAT_801847C2	80146258	write
DAT_801847C2	801680f4	write
DAT_801847C2	80168160	write
DAT_801847C2	80168254	write
DAT_801847C2	80168344	write
DAT_801847C2	8016866c	write
DAT_801847C2	801686ac	write
DAT_801847C2	80168e1c	write
DAT_801847C2	80168fcc	write
DAT_801847C2	80169024	write
DAT_801847C2	80169a1c	write
DAT_801847C2	80169e64	write
DAT_801847C2	8016a160	write
DAT_801847C2	8016a850	write
DAT_801847C2	8017a004	write
DAT_801847C2	8017b004	write
DAT_801847C2	80180004	write
DAT_801847C2	8018001c	write
DAT_801847C2	8018019c	write
DAT_801847C2	80180390	read
DAT_801847C2	80180da4	write
DAT_801847C3	8013b004	write
DAT_801847C3	80140000	write
DAT_801847C3	80146258	write
DAT_801847C3	801680f4	write
DAT_801847C3	80168160	write
DAT_801847C3	80168254	write
DAT_801847C3	80168344	write
DAT_801847C3	8016866c	write
DAT_801847C3	801686ac	write
DAT_801847C3	80168e1c	write
DAT_801847C3	80168fcc	write
DAT_801847C3	80169024	write
DAT_801847C3	80169a1c	write
DAT_801847C3	80169e64	write
DAT_801847C3	8016a160	write
DAT_801847C3	8016a850	write
DAT_801847C3	8017a004	write
DAT_801847C3	8017b004	write
DAT_801847C3	80180004	write
DAT_801847C3	8018001c	write
DAT_801847C3	8018019c	write
DAT_801847C3	80180390	read_write
DAT_801847C4	8013b004	write
DAT_801847C4	80140000	write
DAT_801847C4	80146258	write
DAT_801847C4	801680f4	write
DAT_801847C4	80168160	write
DAT_801847C4	80168254	write
DAT_801847C4	80168344	write
DAT_801847C4	8016866c	write
DAT_801847C4	801686ac	write
DAT_801847C4	80168e1c	write
DAT_801847C4	80168fcc	write
DAT_801847C4	80169024	write
DAT_801847C4	80169a1c	write
DAT_801847C4	80169e64	write
DAT_801847C4	8016a160	write
DAT_801847C4	8016a850	write
DAT_801847C4	8017a004	write
DAT_801847C4	8017b004	write
DAT_801847C4	80180004	write
DAT_801847C4	8018001c	write
DAT_801847C4	8018019c	write
DAT_801847C4	80180390	read_write
DAT_801847C5	8013b004	write
DAT_801847C5	80140000	write
DAT_801847C5	80146258	write
DAT_801847C5	801680f4	write
DAT_801847C5	80168160	write
DAT_801847C5	80168254	write
DAT_801847C5	80168344	write
DAT_801847C5	8016866c	write
DAT_801847C5	801686ac	write
DAT_801847C5	80168e1c	write
DAT_801847C5	80168fcc	write
DAT_801847C5	80169024	write
DAT_801847C5	80169a1c	write
DAT_801847C5	80169e64	write
DAT_801847C5	8016a160	write
DAT_801847C5	8016a850	write
DAT_801847C5	8017a004	write
DAT_801847C5	8017b004	write
DAT_801847C5	80180004	write
DAT_801847C5	8018001c	write
DAT_801847C5	8018019c	write
DAT_801847C5	80180390	write
DAT_801847C5	80180da4	write
DAT_801847C6	8013b004	write
DAT_801847C6	80140000	write
DAT_801847C6	80146258	write
DAT_801847C6	801680f4	write
DAT_801847C6	80168160	write
DAT_801847C6	80168254	write
DAT_801847C6	80168344	write
DAT_801847C6	8016866c	write
DAT_801847C6	801686ac	write
DAT_801847C6	80168e1c	write
DAT_801847C6	80168fcc	write
DAT_801847C6	80169024	write
DAT_801847C6	80169a1c	write
DAT_801847C6	80169e64	write
DAT_801847C6	8016a160	write
DAT_801847C6	8016a850	write
DAT_801847C6	8017a004	write
DAT_801847C6	8017b004	write
DAT_801847C6	80180004	write
DAT_801847C6	8018001c	write
DAT_801847C6	8018019c	write
DAT_801847C6	80180390	read_write
DAT_801847C7	8013b004	write
DAT_801847C7	80140000	write
DAT_801847C7	80146258	write
DAT_801847C7	801680f4	write
DAT_801847C7	80168160	write
DAT_801847C7	80168254	write
DAT_801847C7	80168344	write
DAT_801847C7	8016866c	write
DAT_801847C7	801686ac	write
DAT_801847C7	80168e1c	write
DAT_801847C7	80168fcc	write
DAT_801847C7	80169024	write
DAT_801847C7	80169a1c	write
DAT_801847C7	80169e64	write
DAT_801847C7	8016a160	write
DAT_801847C7	8016a850	write
DAT_801847C7	8017a004	write
DAT_801847C7	8017b004	write
DAT_801847C7	80180004	write
DAT_801847C7	8018001c	write
DAT_801847C7	8018019c	write
DAT_801847C7	80180390	read_write
DAT_801847C8	8013b004	write
DAT_801847C8	80140000	write
DAT_801847C8	80146258	write
DAT_801847C8	801680f4	write
DAT_801847C8	80168160	write
DAT_801847C8	80168254	write
DAT_801847C8	80168344	write
DAT_801847C8	8016866c	write
DAT_801847C8	801686ac	write
DAT_801847C8	80168e1c	write
DAT_801847C8	80168fcc	write
DAT_801847C8	80169024	write
DAT_801847C8	80169a1c	write
DAT_801847C8	80169e64	write
DAT_801847C8	8016a160	write
DAT_801847C8	8016a850	write
DAT_801847C8	8017a004	write
DAT_801847C8	8017b004	write
DAT_801847C8	80180004	write
DAT_801847C8	8018001c	write
DAT_801847C8	8018019c	write
DAT_801847C8	80180390	read_write
DAT_801847C9	8013b004	write
DAT_801847C9	80140000	write
DAT_801847C9	80146258	write
DAT_801847C9	801680f4	write
DAT_801847C9	80168160	write
DAT_801847C9	80168254	write
DAT_801847C9	80168344	write
DAT_801847C9	8016866c	write
DAT_801847C9	801686ac	write
DAT_801847C9	80168e1c	write
DAT_801847C9	80168fcc	write
DAT_801847C9	80169024	write
DAT_801847C9	80169a1c	write
DAT_801847C9	80169e64	write
DAT_801847C9	8016a160	write
DAT_801847C9	8016a850	write
DAT_801847C9	8017a004	write
DAT_801847C9	8017b004	write
DAT_801847C9	80180004	write
DAT_801847C9	8018001c	write
DAT_801847C9	8018019c	write
DAT_801847C9	80180390	read_write
DAT_801847CC	80181050	read_write
DAT_801847CC	80181f88	read_write
DAT_801847D0	80181050	read_write
DAT_801847D0	80181f88	read_write
DAT_801847DC	80181050	read_write
DAT_801847DC	80181408	read
DAT_801847DC	8018187c	read
DAT_801847DC	80181f88	read_write
DAT_801847DC	80182078	read
DAT_801847E0	80181050	read_write
DAT_801847E0	80181408	read
DAT_801847E0	8018187c	read
DAT_801847E0	80181f88	read_write
DAT_801847E4	80181050	read_write
DAT_801847E4	8018187c	read
DAT_801847E4	80181f88	read_write
DAT_801847E8	80181050	write
DAT_801847E8	80181408	read_write
DAT_801847E8	8018187c	read
DAT_801847E9	80181050	write
DAT_801847E9	80181408	read_write
DAT_801847E9	8018187c	read
DAT_801847EA	80181050	write
DAT_801847EA	80181408	read_write
DAT_801847EA	8018187c	write
DAT_801847EA	80181f88	read
DAT_801847EC	80181050	write
DAT_801847EC	80181408	read_write
DAT_801847EC	80181f88	read
DAT_801847EE	80181050	write
DAT_801847EE	80181408	read_write
DAT_801847EE	8018187c	read
DAT_801847F0	80181050	write
DAT_801847F0	80181f88	write
DAT_801847F8	80181050	write
DAT_801847F8	80181408	read_write
DAT_801847F8	80181f88	read
DAT_801847FA	80181050	write
DAT_801847FA	80181408	read_write
DAT_801847FA	8018187c	read
DAT_801847FC	80181050	write
DAT_801847FC	80181f88	write
DAT_80184804	80181050	write
DAT_80184804	80181f88	write
DAT_80184808	801820c0	read_write
DAT_80184808	80184210	read_write
DAT_8018480C	801820c0	read_write
DAT_8018480C	80182408	read
DAT_8018480C	80184210	read_write
DAT_8018480C	80184704	read
DAT_80184818	801820c0	read
DAT_80184818	80182408	read
DAT_80184818	80183d58	read
DAT_80184820	80182408	read
DAT_80184820	80183d58	read
DAT_80184828	80182408	read
DAT_80184828	801835b8	read
DAT_80184828	80184324	read
DAT_80184828	80184704	read
DAT_8018482A	80182408	read
DAT_8018482A	801835b8	read
DAT_80185370	80182408	read
DAT_80185372	80182408	read
DAT_80185EB8	801820c0	read
DAT_80185EB8	80182408	read_write
DAT_80185EB8	80184704	read
DAT_80185EBA	80182408	read_write
DAT_80185EBC	80182408	read_write
DAT_80185EBE	80182408	read_write
DAT_80185EC8	801820c0	read
DAT_80185EC8	80182408	read_write
DAT_80185EC8	80183d58	read
DAT_80185EC8	8018425c	read
DAT_80185EDE	80182408	read_write
DAT_80185EDE	80183d58	read
DAT_80185EF4	801820c0	read
DAT_80185EF4	80182408	read_write
DAT_80185EF4	80183d58	write
DAT_80185EF5	80182408	read_write
DAT_80185EF5	80183d58	write
DAT_80185EF6	801820c0	read
DAT_80185EF6	80182408	read_write
DAT_80185EF7	80182408	read_write
DAT_80185EF8	801820c0	read
DAT_80185EF8	80182408	read_write
DAT_80185EF8	801835b8	read
DAT_80185EF9	80182408	read_write
DAT_80185EFA	801820c0	write
DAT_80185EFA	80182408	read_write
DAT_80185EFB	801820c0	write
DAT_80185EFB	80182408	read_write
DAT_80185EFC	801820c0	write
DAT_80185EFC	80182408	read_write
DAT_80185EFD	801820c0	write
DAT_80185EFD	80182408	read_write
DAT_8018C2D8	800248e0	read
DAT_8018C2D8	80024a9c	read
DAT_8018C2D8	80026384	read
DAT_801A7AD8	800166a0	read
DAT_801A7AD8	80017730	read
DAT_801A7AD8	80019598	read
DAT_801A7AD8	8001b100	read
DAT_801A7AD8	8001b8ac	read
DAT_801A7AD8	8001ba64	read
DAT_801A7AD8	8001d5d0	read
DAT_801A7AD8	8001ef34	read
DAT_801A7AD8	8001f030	read
DAT_801A7AD8	8001f2c4	read
DAT_801A7AD8	8002314c	read
DAT_801A7AD8	80023200	read
DAT_801A7AD8	8002416c	read
DAT_801A7AD8	80024a9c	read
DAT_801A7AD8	80024f14	read
DAT_801A7AD8	800250d8	read
DAT_801A7AD8	8002543c	read
DAT_801A7AD8	800256ac	read
DAT_801A7AD8	80025850	read
DAT_801A7AD8	80025a1c	read
DAT_801A7AD8	80025c9c	read
DAT_801A7AD8	80025de0	read
DAT_801A7AD8	80025fec	read
DAT_801A7AD8	80026384	read
DAT_801A7AD8	80026c94	read
DAT_801A7AD8	80026cf4	read
DAT_801A7AD8	80026da0	read
DAT_801A7AD8	80027814	read
DAT_801A7AD8	80027928	read
DAT_801A7AD8	80027a44	read
DAT_801A7AD8	8002c9bc	read
DAT_801A7AD8	8002cb88	read
DAT_801A7ADC	80017d44	read
DAT_801A7ADC	8001b100	read
DAT_801A7ADC	8001b8ac	read
DAT_801A7ADC	80024a9c	read
DAT_801A7ADC	80024df0	read
DAT_801A7ADC	80026384	read
DAT_801A7AE0	8001b100	read
DAT_801A7AE0	8001d5d0	read
DAT_801A7AE2	8001d5d0	read
DAT_801A7AE4	80019598	read
DAT_801A7AE4	8001b100	read
DAT_801A7AE4	8001d5d0	read
DAT_801A7AE4	8001f030	read
DAT_801A7AE4	80023200	read
DAT_801A7AE4	80024a9c	read
DAT_801A7AE4	800250d8	read
DAT_801A7AE4	80026384	read
DAT_801A7AE4	80026cf4	read
DAT_801A7AE4	80026da0	read
DAT_801A7AE4	80027590	read
DAT_801A7AE6	80024a9c	read
DAT_801A7AE8	8001b100	read
DAT_801A7AE8	80024a9c	read
DAT_801A7AEA	8001b100	read
DAT_801A7AEA	8001d5d0	read
DAT_801A7AEA	80024a9c	read
DAT_801A7AEA	80025de0	read
DAT_801A7AEA	80026180	read
DAT_801A7AEC	80017d44	read
DAT_801A7AEC	8001b100	read
DAT_801A7AEC	8001d5d0	read
DAT_801A7AEC	80024a9c	read
DAT_801A7AEC	80024f14	read
DAT_801A7AEC	800256ac	read
DAT_801A7AEC	80025c9c	read
DAT_801A7AEC	80025fec	read
DAT_801A7AEC	80027a44	read
DAT_801A7AEE	80017730	read
DAT_801A7AEE	80017dcc	read
DAT_801A7AEE	80018010	read
DAT_801A7AEE	80019b60	read
DAT_801A7AEE	8001b100	read
DAT_801A7AEE	8001d1a0	read
DAT_801A7AEE	8001d5d0	read
DAT_801A7AEE	8001ef34	read
DAT_801A7AEE	8001f030	read
DAT_801A7AEE	80022730	read
DAT_801A7AEE	80022ab0	read
DAT_801A7AEE	80023200	read
DAT_801A7AEE	80024a9c	read
DAT_801A7AEE	800250d8	read
DAT_801A7AEE	8002543c	read
DAT_801A7AEE	800256ac	read
DAT_801A7AEE	80025850	read
DAT_801A7AEE	80025a1c	read
DAT_801A7AEE	80025bd8	read
DAT_801A7AEE	80025de0	read
DAT_801A7AEE	80026180	read
DAT_801A7AEE	80026384	read
DAT_801A7AEE	80026adc	read
DAT_801A7AEE	80027814	read
DAT_801A7AEE	80027928	read
DAT_801A7AF0	8001b100	read
DAT_801A7AF0	80024a9c	read
DAT_801A7AF0	80027590	read
DAT_801A7AF0	80027a44	read
DAT_801A7B64	80016418	read
DAT_801A7B64	8002367c	read
DAT_801A7B64	80025850	read
DAT_801A7B64	80027a44	read
DAT_801A7B64	80027e80	read
DAT_801A7B64	8002cb88	read
DAT_801A7B70	80027e80	read
DAT_801A7B80	800223b0	read
DAT_801A7B9C	800223b0	read
DAT_801A7BF0	80027e80	read
DAT_801A7BFC	80027e80	read
DAT_801A7D08	80016418	read
DAT_801A7D08	80025850	read
DAT_801A7D08	8002cb88	read
DAT_801A7E20	80018c88	read
DAT_801A7E20	8001ba64	read
DAT_801A7E20	800248e0	read
DAT_801A7E20	80024a9c	read
DAT_801A7E20	80027e80	read
DAT_801A7E22	8001ba64	read
DAT_801A7E23	800248e0	read
DAT_801A7E24	8001ba64	read
DAT_801A8000	800170c4	read
DAT_801A8000	8002ebac	read
DAT_801A8000	8002fc24	read
DAT_801A8000	8002fca4	read
DAT_801A8000	8002fdc8	read
DAT_801A8000	8003c010	read
DAT_801A8000	800599a0	read
DAT_801A8000	80059ef4	read
DAT_801A8000	8005a92c	read
DAT_801A8000	8006aed4	read
DAT_801A8000	8006b080	read
DAT_801A8000	801835b8	read
DAT_801A8004	8006aed4	read
DAT_801A8004	8006b080	write
DAT_801A8006	8006aed4	read
DAT_801A8006	8006b080	read_write
DAT_801A8008	8006ab9c	read
DAT_801A8008	8006aed4	read
DAT_801A800A	8006ab9c	read
DAT_801A8020	8006b080	write
DAT_801A8022	8006b080	write
DAT_801A9800	800170c4	read
DAT_801A9800	8001d5d0	read
DAT_801AB000	80070e9c	read
DAT_801AB000	8007187c	read
DAT_801AB000	800718e8	read
DAT_801AB000	80071cc8	read
DAT_801AB000	80071eec	read
DAT_801AB000	8007212c	read
DAT_801AB000	80072480	read
DAT_801AB000	80072590	read
DAT_801AB000	80072714	read
DAT_801AB000	80072894	read
DAT_801AB000	80072c08	read
DAT_801AB000	80072cbc	read
DAT_801AB000	80072d88	read
DAT_801AB000	80073010	read
DAT_801AB002	8007212c	read
DAT_801AB002	80072278	read
DAT_801AB002	80073010	read
DAT_801AB004	8007212c	read
DAT_801AB004	80073010	read
DAT_801AB006	800718e8	read
DAT_801AB006	800739e8	read
DAT_801AB008	80070ef0	read
DAT_801AB008	80072c08	read
DAT_801AB008	80072cbc	read
DAT_801AB009	8007212c	read
DAT_801AB00B	8001ba64	read
DAT_801AB00C	800282a8	read
DAT_801AB00C	80072278	read
DAT_801AB00C	80072a64	read
DAT_801AB00C	800735f4	write
DAT_801AB00E	800735f4	read
DAT_801AB012	800735f4	read
DAT_801AB015	800735f4	read
DAT_801AB084	80071a64	read
DAT_801AB2A0	800282a8	read
DAT_801AB2A0	80072278	read
DAT_801AB2A0	800735f4	read
DAT_801AC000	800403d0	read
DAT_801AF000	80020b44	read
DAT_801AF000	80020cb0	read
DAT_801AF000	80020eb0	read
DAT_801AF000	800219ac	read
DAT_801AF000	8002f724	read
DAT_801AF000	8002f898	read
DAT_801AF000	8003a57c	read
DAT_801AF000	8003a8f0	read
DAT_801AF000	8003baf4	read
DAT_801AF000	8003c200	read
DAT_801AF000	8003c424	read
DAT_801AF000	8003c5c4	read
DAT_801AF000	8003c76c	read
DAT_801AF000	8003c96c	read
DAT_801AF000	8003cb44	read
DAT_801AF000	800438d4	read
DAT_801AF000	80043a78	read
DAT_801AF000	80043e3c	read
DAT_801AF800	8003a57c	read
DAT_801AF800	8003a8f0	read
DAT_801AF800	8006b350	read
DAT_801AF800	8013b004	read
DAT_801AF800	80140000	read
DAT_801AF800	80146258	read
DAT_801AF800	801680f4	read
DAT_801AF800	80168160	read
DAT_801AF800	80168254	read
DAT_801AF800	80168344	read
DAT_801AF800	8016866c	read
DAT_801AF800	801686ac	read
DAT_801AF800	80168e1c	read
DAT_801AF800	80168fcc	read
DAT_801AF800	80169024	read
DAT_801AF800	80169a1c	read
DAT_801AF800	80169e64	read
DAT_801AF800	8016a160	read
DAT_801AF800	8016a850	read
DAT_801AF800	8017a004	read
DAT_801AF800	8017b004	read
DAT_801AF800	80180004	read
DAT_801AF800	8018001c	read
DAT_801AF800	8018019c	read
DAT_801AF800	80180ee4	read
DAT_801AF800	80181050	read
DAT_801B0004	80037d3c	read
DAT_801B0004	800393b8	read
DAT_801BF800	80040038	read
DAT_801BF814	80040038	read
DAT_801BF848	8003d2c0	read
DAT_801BF870	8003b990	read
DAT_801BF88C	80021654	read
DAT_801BF88C	80023200	write
DAT_801BF88C	8002847c	read_write
DAT_801BF88C	8002a484	write
DAT_801BF88C	8002c1ac	read_write
DAT_801BF88C	8002dbe0	write
DAT_801BF88C	80032230	write
DAT_801BF88C	8003e9a8	write
DAT_801BF88C	8006aed4	write
DAT_801BF890	80023200	write
DAT_801BF890	8002dbe0	write
DAT_801BF890	80032230	write
DAT_801BF890	8003e9a8	write
DAT_801BF890	8006aed4	write
DAT_801BF894	80023200	read_write
DAT_801BF8CC	8003e5e4	write
DAT_801BF8CC	8003e9a8	write
DAT_801BF8CC	80040038	write
DAT_801BF904	80021654	read
DAT_801BF92C	800219ac	write
DAT_801BF98C	800219ac	read_write
DAT_801BF98C	8006b260	read_write
DAT_801BF98D	800219ac	write
DAT_801BF98D	8006b260	write
DAT_801BF98E	8006b260	write
DAT_801BF990	8006aed4	write
DAT_801C0000	80037d3c	read
DAT_801C0000	800393b8	read
DAT_801D0200	8001798c	read
DAT_801D0200	8002c11c	read
DAT_801D0200	8002c6b0	read
DAT_801D0200	8002d0bc	read
DAT_801D0200	8002d544	read
DAT_801D0200	8002f0f0	read
DAT_801D0200	8003fb34	read
DAT_801D0200	8003fba0	read
DAT_801D024F	80021950	read
DAT_801D024F	8002c6ec	read
DAT_801D024F	8003279c	read
DAT_801D0250	8002c11c	read
DAT_801D0534	80028a2c	write
DAT_801D0534	8002dbe0	read
DAT_801D05DE	8002dbe0	read_write
DAT_801D0618	8002ce7c	read
DAT_801D0618	8002ceb8	read
DAT_801D07BC	80021950	write
DAT_801D07BC	8003279c	read
DAT_801D07D8	80021950	read
DAT_801D07DA	8003279c	read
DAT_801D07DA	80032824	read
DAT_801D07DC	8002d62c	read_write
DAT_801D07DC	8002dbe0	write
DAT_801D07DC	8002f128	write
DAT_801D1200	8001798c	read
DAT_801D1200	8003fbf8	read
DAT_801D1200	80040038	read
DAT_801D1200	80182408	read
DAT_801D1250	801835b8	read
DAT_801D160C	80040038	read
DAT_801D1880	80040138	read
DAT_801D1880	80182408	read
DAT_801D18D0	80182408	read
DAT_801D2200	8001798c	read
DAT_801D2200	8003fbf8	read
DAT_801D2200	80040038	read
DAT_801D2200	80182408	read
DAT_801D260C	80040038	read
DAT_801D2880	80040138	read
DAT_801D2880	80182408	read
DAT_801D28D0	80182408	read
DAT_801D3000	8003fba0	read
DAT_801D3200	8003faf8	read
DAT_801D3200	8003fb34	read
DAT_801D3200	8003fba0	read
DAT_801D4000	8003d208	read
DAT_801D4000	8003dde0	read
DAT_801D4200	800142f8	write
DAT_801D4204	800142f8	write
DAT_801D4208	800142f8	write
DAT_801D420C	800142f8	write
DAT_801D420C	80014a4c	read
DAT_801D4210	800142f8	write
DAT_801D4210	80014a4c	read
DAT_801D4214	800142f8	write
DAT_801D4214	80014a4c	read
DAT_801D4218	800142f8	write
DAT_801D4218	80014a4c	read
DAT_801D421C	800142f8	write
DAT_801D4220	800142f8	read
DAT_801D4220	80014b5c	write
DAT_801D4224	800142f8	read
DAT_801D4224	80014b5c	write
DAT_801D4228	800142f8	read
DAT_801D4228	80014b5c	write
DAT_801D422C	800142f8	read
DAT_801D422C	80014b5c	write
DAT_801D4230	800142f8	read
DAT_801D4230	80014b5c	write
DAT_801D4234	800142f8	read
DAT_801D4234	80014b5c	write
DAT_801D4238	800142f8	read
DAT_801D4238	80014b5c	write
DAT_801D423C	800142f8	read
DAT_801D423C	80014b5c	write
DAT_801D4240	80024a9c	read
DAT_801D4240	8002ae34	read
DAT_801D4240	80032078	read
DAT_801D4244	80017e94	read
DAT_801D4244	8001b8ac	read
DAT_801D4244	8001d5d0	read
DAT_801D4244	8001eda4	read
DAT_801D4244	80023200	read
DAT_801D4244	80024a9c	read
DAT_801D4244	80024cd8	read
DAT_801D4244	80026cf4	read
DAT_801D4244	80026da0	read
DAT_801D4244	80027590	read
DAT_801D4244	80027e80	read
DAT_801D4244	8002847c	read
DAT_801D4244	80029354	read
DAT_801D4244	8002ae34	read
DAT_801D4244	8002c1ac	read
DAT_801D4244	8002cdc8	read
DAT_801D4244	800317cc	read
DAT_801D4244	80032490	read
DAT_801D4244	80032824	read
DAT_801D4244	80033144	read
DAT_801D4244	80037d3c	read
DAT_801D4244	80051c54	read
DAT_801D4244	80058b4c	read
DAT_801D4244	8006ab9c	read
DAT_801D4244	8006aed4	read
DAT_801D4244	800715d4	read
DAT_801D4244	8007175c	read
DAT_801D4244	80071810	read
DAT_801D4244	80183740	read
DAT_801D4244	80183920	read
DAT_801D4244	80183ab0	read
DAT_801D4244	80183c40	read
DAT_801D4244	80184570	read
DAT_801D4D8E	80183740	read
DAT_801D4D8E	80183920	read
DAT_801D4D8E	80183ab0	read
DAT_801D4D8E	80183c40	read
DAT_801D4D8E	80184398	read
DAT_801D4D8E	80184480	read
DAT_801D5332	80029354	read
DAT_801D5804	80037d3c	read
DAT_801D5804	800393b8	read
DAT_801D9000	800393b8	read
DAT_801D9000	8003bf3c	read
DAT_801D9002	80039770	read
DAT_801DC000	80013600	read
DAT_801DC000	8003e9a8	read
DAT_801DD000	80059ef4	read
DAT_801DD000	8005a6c0	read
DAT_801DD000	8005a92c	read
DAT_801DD000	8006b350	read
DAT_801DD100	80059ef4	read
DAT_801DD104	80059ef4	read
DAT_801DD104	8005a92c	read
DAT_801DD108	80059ef4	read
DAT_801DD108	8005a92c	read
DAT_801DD10C	80059ef4	read
DAT_801DD10C	8005a92c	read
DAT_801DD110	80059ef4	read
DAT_801DD114	80059ef4	read
DAT_801DD118	80059ef4	read
DAT_801DD800	8005a6c0	read
DAT_801DE000	80059ef4	read
DAT_801E0000	80046c24	read
DAT_801E27F8	80046ec4	write
DAT_801E27F9	80046ec4	write
DAT_801E27FA	80046ec4	write
DAT_801E27FB	80046ec4	write
DAT_801E27FC	80046ec4	write
DAT_801E27FD	80046ec4	write
DAT_801E27FE	80046ec4	write
DAT_801E27FF	80046ec4	read
DAT_801E6800	80046ec4	read
DAT_801E6800	80047c18	read
DAT_801E6804	80046ec4	read
DAT_801E8FF8	80046ec4	write
DAT_801E8FF9	80046ec4	write
DAT_801E8FFA	80046ec4	write
DAT_801E8FFB	80046ec4	write
DAT_801E8FFC	80046ec4	write
DAT_801E8FFD	80046ec4	write
DAT_801E8FFE	80046ec4	write
DAT_801E8FFF	80046ec4	read
DAT_801EA800	80046c24	read
DAT_801EA800	800493a4	read_write
DAT_801EA800	80049824	read
DAT_801EA800	80049888	read_write
DAT_8021007A	8003dde0	write
DAT_8021007B	8003dde0	write
DAT_8021007C	8003dde0	write
DAT_8021007D	8003dde0	write
DAT_8021007E	8003dde0	write
DAT_8021007F	8003dde0	read_write
PTR_DAT_80010008	800599a0	read
PTR_DAT_80010008	8005a6c0	read
PTR_DAT_8001000C	80058b4c	read
PTR_DAT_8001000C	800599a0	read
PTR_DAT_8001000C	80059ef4	read
PTR_DAT_80010010	80058b4c	read
PTR_DAT_80010010	800599a0	read
PTR_DAT_80010010	80059ef4	read
PTR_DAT_80010014	80052f80	read
PTR_DAT_80010014	80058b4c	read
PTR_DAT_80010014	80059ef4	read
PTR_DAT_80010014	8005a92c	read
PTR_DAT_80010018	80052f80	read
PTR_DAT_80010018	80058b4c	read
PTR_DAT_80010018	80059ef4	read
PTR_DAT_80010018	8005a92c	read
PTR_DAT_8001001C	8004fc2c	read
PTR_DAT_80010020	8004fc2c	read
PTR_DAT_80010024	8004fc2c	read
PTR_DAT_80010024	80052f80	read
PTR_DAT_80010028	8004fc2c	read
PTR_DAT_80010028	80052f80	read
PTR_DAT_8001002C	8006b350	read
PTR_DAT_80010030	80053924	read
PTR_DAT_80010034	80053924	read
PTR_DAT_800101D8	8003baf4	read
PTR_DAT_800101D8	8003bd0c	read
PTR_DAT_800101D8	8003c010	read
PTR_DAT_800101D8	8003c200	read
PTR_DAT_800101D8	8003c424	read
PTR_DAT_800101D8	8003c5c4	read
PTR_DAT_800101D8	8003c76c	read
PTR_DAT_800101D8	800438d4	read
PTR_DAT_800101DC	800170c4	read
PTR_DAT_800101E0	80043658	read
PTR_DAT_800101E4	80043658	read
PTR_DAT_800101E8	80043658	read
PTR_DAT_80094440	80077fe8	read
PTR_DAT_80094BF0	8007a878	read
PTR_DAT_8009C2A8	80013b44	read_write
PTR_DAT_8009C318	80050f78	read
PTR_DAT_8009C318	80051904	read
PTR_DAT_8009C318	80051af4	read_write
PTR_DAT_8009C318	80051c54	read
PTR_DAT_8009C318	800563b0	write
PTR_DAT_8009C318	80056620	read
PTR_DAT_8009C318	8005721c	read
