caller	site	target
800128cc	80012960	80012a44
8001296c	800129b4	80100000
8001296c	800129b4	80140000
800129dc	80012a1c	80100000
800129dc	80012a1c	80140000
80012a44	80012a4c	8001296c
80012a44	80012a54	800753a8
80012a44	80012a5c	80073df8
80012a44	80012a64	800748d8
80012a44	80012a6c	80085448
80012a44	80012a74	80073e08
80012a44	80012a7c	800749cc
80012a44	80012a84	80073d98
80012a44	80012a8c	8007fbcc
80012a44	80012a94	80015c28
80012a44	80012aec	80013058
80012a44	80012af4	80040714
80012a44	80012afc	800150cc
80012a44	80012b04	800133d0
80012a44	80012b0c	80035f58
80012a44	80012b14	80035f64
80012a44	80012b1c	8003b990
80012a44	80012b2c	80046c24
80012a44	80012b38	80074968
80012a44	80012b40	800401a4
80012a44	80012b4c	8008f738
80012a44	80012b54	8007fbcc
80012a44	80012b5c	8002cf60
80012a44	80012b64	8002cf60
80012a44	80012b6c	80043e3c
80012a44	80012b78	80090d58
80012a44	80012b80	8002cf60
80012a44	80012b90	8006b560
80012a44	80012b98	80013700
80012a44	80012ba0	80044084
80012a44	80012ba8	8002d62c
80012a44	80012bbc	8002df60
80012c50	80012c58	80012f70
80012c50	80012c60	80012cb8
80012c50	80012c68	80012d60
80012c50	80012c70	8003cea4
80012c88	80012c98	80012c50
80012cb8	80012ccc	8007fc64
80012cb8	80012d40	800746b8
80012d60	80012db8	80085488
80012d60	80012dd4	80080494
80012d60	80012ddc	8007f8e8
80012d60	80012dfc	80035eb0
80012d60	80012e3c	80085d98
80012d60	80012e68	80085d98
80012d60	80012e7c	80085d98
80012d60	80012e88	80085d08
80012d60	80012e90	800852a8
80012d60	80012f08	80086248
80012d60	80012f44	80085d38
80012f70	80012f7c	80015400
80012f70	80012f84	80041674
80012f70	80012fa4	unresolved
80012f70	80012fcc	unresolved
80012f70	80013034	80014978
80012f70	8001303c	800135f0
80013058	80013078	8007f8e8
80013058	80013090	80084d58
80013058	800130a4	80085628
80013058	80013188	80085d38
80013058	80013218	80086d50
80013058	80013220	800856c8
80013058	8001322c	80085538
80013058	80013234	80087858
80013058	8001323c	8008b738
80013058	80013244	8003cde4
80013058	8001324c	80013600
80013058	80013254	8008f738
800133fc	80013430	8008acd8
80013448	80013470	800866f8
80013448	80013490	80086628
80013448	800134b0	80086628
80013448	800134d0	800866f8
80013448	800134f4	800133fc
80013518	80013540	800866f8
80013518	80013560	80086628
80013518	80013584	80086628
80013518	800135a8	800866f8
80013518	800135cc	800133fc
80013600	8001361c	800137b4
80013600	800136b0	80013810
80013600	800136d0	8008fa78
80013700	80013750	80014f54
80013700	80013758	80012c50
80013700	80013788	80012c50
800137b4	800137f0	8007b53c
80013810	8001382c	8007d988
80013810	8001383c	8007eca8
800138b4	800138f0	8001385c
800139b0	800139e0	8001385c
80013a84	80013aec	80014f2c
80013b44	80013be8	8007e968
80013b44	80013c60	8007e36c
80013b44	80013c68	8007edf8
80013b44	80013cb0	unresolved
80013b44	80013d14	8007e968
80013b44	80013d78	8007e36c
80013b44	80013d80	8007edf8
80013b44	80013da4	80082380
80013b44	80013e7c	8007e968
80013b44	80013ef0	8007e36c
80013b44	80013ef8	8007edf8
80013b44	80013f0c	80077748
80013b44	80013f18	800776e8
80013b44	80013f68	unresolved
80013fbc	80013ff4	8007ba00
80013fbc	80014010	8007e3d0
80013fbc	80014020	8007e2e8
80014050	80014088	8007ba00
800140c4	800140f8	8007b78c
8001413c	80014170	8007b78c
800141b0	800141e4	8007b78c
80014224	8001425c	8007ba00
800142ac	800142c0	8007eca8
800143d4	8001440c	800142f8
800143d4	8001444c	80014f2c
80014478	800144b8	8007b78c
80014478	800145dc	8007b78c
80014478	8001462c	800143d4
80014478	80014670	8007b78c
80014478	80014694	8007eb98
80014478	800146b4	8007ba00
80014478	80014704	unresolved
80014478	80014768	unresolved
80014478	800147a8	8007e36c
80014478	800147b0	8007edf8
80014478	800147c8	8007b78c
80014478	800147e4	8007e36c
80014478	800147ec	8007edf8
80014478	80014834	8007eb98
80014478	80014874	8007ba00
80014478	800148cc	unresolved
80014478	800148f4	800777d8
80014478	80014938	8007ba00
80014978	800149d8	800142f8
80014978	80014a24	80014478
80014a4c	80014b44	unresolved
80014b5c	80014bbc	800139b0
80014b5c	80014c18	80013a84
80014b5c	80014ccc	80014f2c
80014b5c	80014cf8	800138b4
80014d38	80014d9c	unresolved
80014d38	80014dd4	800138b4
80014e08	80014e60	unresolved
80014e08	80014e98	800138b4
80014ec0	80014f0c	80014f2c
80014f54	80014f7c	80014f2c
80014f94	80014fec	80014f2c
80014f94	80015024	800138b4
80015058	800150a8	unresolved
8001522c	80015270	80015c18
8001522c	800152bc	80015c18
8001522c	80015314	80015c28
8001522c	8001537c	80015c18
8001522c	800153ac	800150f4
80015400	80015424	8001522c
80015400	800154bc	800841c8
80015400	800155ac	800841c8
800155f8	80015608	800157d4
800155f8	80015630	80015c28
8001569c	800156d4	800155d4
8001569c	800156e0	80015648
800156f8	80015700	8001569c
800156f8	80015720	80015648
80015738	80015760	8001569c
80015738	80015774	80015648
800157d4	800157fc	800155d4
800157d4	80015808	8001578c
80015820	80015828	800157d4
80015820	80015848	8001578c
80015860	80015888	800157d4
80015860	8001589c	8001578c
800158b4	800158c8	80012c50
800158f4	800158fc	8001569c
800158f4	80015904	800158b4
8001591c	80015924	800156f8
8001591c	8001592c	800158b4
80015944	8001594c	80015738
80015944	80015954	800158b4
8001596c	80015974	8001569c
8001596c	80015990	80015648
8001596c	80015998	800158b4
800159b0	800159b8	8001569c
800159b0	800159d4	80015648
800159b0	800159dc	800158b4
800159f4	800159fc	800157d4
800159f4	80015a04	800158b4
80015a1c	80015a24	80015820
80015a1c	80015a2c	800158b4
80015a44	80015a4c	80015860
80015a44	80015a54	800158b4
80015a6c	80015a74	800157d4
80015a6c	80015a90	8001578c
80015a6c	80015a98	800158b4
80015ab0	80015ab8	800157d4
80015ab0	80015ad4	8001578c
80015ab0	80015adc	800158b4
80015b28	80015b30	8001569c
80015b28	80015b4c	80015648
80015b64	80015b6c	8001569c
80015b64	80015b88	80015648
80015ba0	80015ba8	800157d4
80015ba0	80015bc4	8001578c
80015bdc	80015be4	800157d4
80015bdc	80015c00	8001578c
80015c34	80015c44	80087858
80015c34	80015c50	80087838
80015c34	80015c5c	80085558
80015c34	80015cbc	80087838
80015cd4	80015d00	80015c34
80015d18	80015d2c	80085558
80015d18	80015dec	800166a0
80015d18	80015df8	80087838
80015e10	80015f24	80088bd8
80015e10	80015f58	800875f8
80015e10	80015fbc	80085558
80015e10	80015fd8	80089c48
80015e10	80015ff4	80089c48
80015e10	80016010	80089c48
80015e10	8001602c	80089c48
80015e10	800160f0	80085588
80015e10	800160fc	80085558
80015e10	80016124	80087bf8
80015e10	80016158	80087bf8
80015e10	8001618c	80087bf8
80015e10	800161c0	80087bf8
80015e10	80016214	80087928
80015e10	80016280	80082da8
80015e10	800162c4	80082da8
80015e10	80016330	800842a8
80015e10	800163e0	800842a8
80016418	80016440	80087858
80016418	8001644c	80087838
80016418	8001645c	80087818
80016418	8001646c	80086798
80016418	80016474	8005721c
80016418	800165bc	80015d18
80016418	800165dc	80015e10
80016418	80016630	80015d18
80016418	80016650	80015e10
80016418	8001666c	80087838
800166a0	80016790	800422c0
800166a0	80016878	800424b8
800166a0	80016954	800424b8
800166a0	80016988	800424b8
800166a0	800169bc	800424b8
800166a0	80016a08	800424b8
800166a0	80016a2c	80016fe4
800166a0	80016a44	80035ce8
800166a0	80016a54	80035ce8
800166a0	80016a7c	800424b8
800166a0	80016ab4	800424b8
800166a0	80016b80	800424b8
800166a0	80016be8	800424b8
80016c20	80016c30	800166a0
80016c48	80016c78	80035ce8
80016c48	80016cbc	80084978
80016d8c	80016db4	80016cf8
80016d8c	80016dbc	80016cf8
80016d8c	80016e48	80016c48
80016d8c	80016e80	80016c48
80016d8c	80016ecc	80016c48
80016d8c	80016f00	80016c48
8001704c	8001708c	80085748
8001704c	800170ac	80013448
800170c4	800171e4	80082380
800170c4	80017240	80082380
800170c4	80017314	80082380
80017500	80017508	8005622c
80017500	80017510	80056540
80017500	8001752c	800593c8
80017860	8001786c	8001704c
80017860	80017880	80087858
80017860	8001788c	80087838
80017860	800178a8	80013448
80017860	800178b4	80085558
80017860	8001790c	80087838
80017860	80017914	8001704c
80017930	8001796c	80014d38
80017930	80017974	80013700
8001798c	8001799c	80047acc
8001798c	800179a4	80047f60
8001798c	800179ac	80012c88
8001798c	800179b4	80013700
8001798c	800179f0	80014d38
8001798c	800179f8	80013700
8001798c	80017a74	80014d38
8001798c	80017a84	80017730
8001798c	80017a8c	800176ac
8001798c	80017a94	80017544
8001798c	80017ac4	80017860
8001798c	80017adc	80013448
8001798c	80017ae4	80017674
8001798c	80017aec	8002c76c
8001798c	80017af4	8002970c
8001798c	80017b14	8002970c
8001798c	80017b34	80035b68
8001798c	80017b3c	80017500
8001798c	80017b44	80013700
8001798c	80017b70	80040350
8001798c	80017b7c	800403d0
8001798c	80017bb4	80040800
8001798c	80017bbc	80042c48
8001798c	80017be0	80040350
8001798c	80017bec	800403d0
8001798c	80017c18	80040800
8001798c	80017c20	80042c48
8001798c	80017c5c	80040350
8001798c	80017c68	800403d0
8001798c	80017c74	80042c48
8001798c	80017c80	80042c1c
8001798c	80017d24	8002465c
80017e94	80017eb4	80040350
80017e94	80017ec0	800403d0
80017e94	80017f50	80042c48
80017e94	80017f64	80017dcc
80017e94	80017f6c	80017d44
80017f94	80017fa0	80017e94
80018010	800180ac	80017d44
800180e0	800180f8	80040390
800180e0	80018104	800403d0
800180e0	80018138	80040800
800180e0	80018140	80042c48
800180e0	8001814c	80042c1c
80018bc4	80018bd0	80042ec8
80018bc4	80018c24	800434a8
80018bc4	80018c40	80043560
800193dc	800193f0	8008288c
800193dc	8001944c	8008246c
800193dc	800194d8	80082380
800194f4	80019504	80040350
800194f4	80019510	800403d0
800194f4	80019548	80040844
800194f4	80019568	80042c48
80019598	800195fc	800292dc
80019598	8001962c	800249d0
80019598	800196cc	80029354
80019598	800196f4	80042c1c
80019598	80019754	80040690
80019598	80019800	80026c2c
80019598	80019838	800193dc
80019598	80019840	800194f4
80019598	80019870	800194f4
80019598	80019880	80042c1c
80019598	800198b4	800296c0
80019598	80019930	80040690
80019598	8001993c	80040690
80019598	80019968	80026c2c
80019b60	80019b6c	80042ec8
80019c58	80019c90	8002ceb8
8001b05c	8001b074	80087858
8001b05c	8001b080	80087838
8001b05c	8001b08c	80085558
8001b05c	8001b0e4	80087838
8001b100	8001b1e4	800434a8
8001b100	8001b260	800434bc
8001b100	8001b32c	800361d8
8001b100	8001b338	80039770
8001b100	8001b3bc	800360d8
8001b100	8001b3d8	80036f7c
8001b100	8001b400	80040204
8001b100	8001b43c	8001b05c
8001b100	8001b44c	800434a8
8001b100	8001b478	80043560
8001b100	8001b504	80024df0
8001b100	8001b554	80040690
8001b100	8001b570	80018010
8001b100	8001b580	800434a8
8001b100	8001b59c	80043560
8001b100	8001b5cc	80040204
8001b100	8001b5ec	800250d8
8001b100	8001b648	8001f2c4
8001b100	8001b658	8002c860
8001b100	8001b688	80040204
8001b720	8001b76c	80040350
8001b720	8001b778	800403d0
8001b720	8001b7c8	80040844
8001b720	8001b7d0	80042c48
8001b720	8001b7f0	80042c1c
8001b720	8001b80c	80040204
8001ba64	8001bc0c	80024a9c
8001ba64	8001bc28	80017f94
8001ba64	8001bc34	80040690
8001d1a0	8001d1ac	80042ec8
8001d324	8001d330	80042ec8
8001d324	8001d36c	800434a8
8001d324	8001d3d8	800434bc
8001d478	8001d494	80040350
8001d478	8001d4a0	800403d0
8001d478	8001d4c8	8004078c
8001d478	8001d4dc	80042c1c
8001d514	8001d538	80024144
8001d5d0	8001d72c	800282a8
8001d5d0	8001d738	80070c04
8001d5d0	8001d794	80070c7c
8001d5d0	8001d824	8001d514
8001d5d0	8001d8c4	80017dcc
8001d5d0	8001d98c	80017dcc
8001d5d0	8001d99c	80042e70
8001d5d0	8001d9b8	80017dcc
8001d5d0	8001da6c	80042e70
8001d5d0	8001dad8	80042e70
8001d5d0	8001dae8	8002411c
8001d5d0	8001db68	80016f28
8001d5d0	8001db7c	8001d478
8001d5d0	8001db94	80040690
8001d5d0	8001dbe4	8001bcbc
8001d5d0	8001dc68	80016f28
8001d5d0	8001dc8c	80040204
8001d5d0	8001dce4	80016f50
8001d5d0	8001ddcc	80040204
8001d5d0	8001ddd8	80040690
8001d5d0	8001dedc	800235a0
8001d5d0	8001df30	80022e50
8001d5d0	8001df58	80042d08
8001d5d0	8001dfe8	80023548
8001d5d0	8001e094	8001d514
8001d5d0	8001e10c	80040690
8001d5d0	8001e134	8002411c
8001d5d0	8001e1b8	80022e50
8001d5d0	8001e1e0	80042d08
8001d5d0	8001e2b8	80016f50
8001d5d0	8001e414	80040204
8001d5d0	8001e424	80040204
8001d5d0	8001e4d4	80017e94
8001d5d0	8001e4e4	80042c1c
8001d5d0	8001e4fc	800249d0
8001d5d0	8001e570	80017e94
8001d5d0	8001e58c	800249d0
8001d5d0	8001e64c	80017e94
8001d5d0	8001e77c	80042e70
8001d5d0	8001e7fc	80042e70
8001d5d0	8001e860	80040690
8001d5d0	8001e8a4	80024a10
8001d5d0	8001e8c4	800208e8
8001d5d0	8001e8f0	80040204
8001d5d0	8001e9a0	80040204
8001d5d0	8001ea8c	80040690
8001d5d0	8001eb4c	80040690
8001d5d0	8001eb60	80040204
8001ebd0	8001ebdc	80042ec8
8001ebd0	8001ebec	800434a8
8001ebd0	8001ec08	800434bc
8001ec80	8001ec8c	80042ec8
8001ec80	8001ec9c	800434a8
8001ec80	8001ed08	800434bc
8001eda4	8001ee64	8002cd54
8001ee7c	8001ee90	80016fe4
8001ee7c	8001eea0	8001eda4
8001eed8	8001eeec	80016fe4
8001eed8	8001eefc	8001eda4
8001ef34	8001ef6c	80016fe4
8001ef34	8001ef94	80016fe4
8001ef34	8001efcc	8001eed8
8001ef34	8001efdc	8001ee7c
8001f030	8001f150	80016fe4
8001f2c4	8001f358	80022e50
8001f2c4	8001f3c4	8002c860
8001f2c4	8001f404	80024a10
8001f2c4	8001f40c	80040204
8001f2c4	8001f438	80022e50
800208e8	80020914	80040350
800208e8	80020920	800403d0
800208e8	80020960	80040800
800208e8	80020968	80042c48
800208e8	80020974	80042c1c
800208e8	80020990	80040350
800208e8	8002099c	800403d0
800208e8	800209d0	80040800
800208e8	800209d8	80042c48
800208e8	800209e4	80042c1c
800208e8	80020ae0	80040690
800208e8	80020aec	80040690
80020b44	80020c5c	80082380
80020cb0	80020d0c	80040350
80020cb0	80020d18	800403d0
80020cb0	80020d60	80042bd8
80020cb0	80020da0	80042c1c
80020cb0	80020dd0	800866f8
80020cb0	80020e04	80086628
80020e4c	80020e58	80042ec8
80020e4c	80020e98	80040690
80020eb0	80020ee8	80040258
80020eb0	80020f44	80014d38
80020eb0	80021098	80014d38
80020eb0	800210a4	80047738
80020eb0	800210e0	8004022c
80020eb0	800212b8	80040350
80020eb0	800212c4	800403d0
80020eb0	80021308	80042bd8
80020eb0	80021360	80042c48
80020eb0	8002136c	8008f708
80020eb0	80021380	80035dfc
80020eb0	800213e4	80042e70
80020eb0	80021460	800474cc
80020eb0	800214d0	80042e70
80021538	80021550	80040734
80021538	800215f4	80036184
80021538	800215fc	800399f0
80021654	8002171c	80021614
80021654	8002173c	80021614
80021654	80021774	80021614
80021654	800217ac	80021614
80021654	800217d8	80021614
80021654	800217f8	80021614
80021654	80021818	80021614
80021654	80021844	80021614
80021654	80021864	80021614
80021654	80021884	80021614
800218cc	800218fc	8008f708
800219ac	800219d8	80013448
800219ac	800219fc	80015ba0
800219ac	80021a08	80015af4
800219ac	80021a98	8004022c
800219ac	80021ae8	80021654
800219ac	80021b64	80040350
800219ac	80021b70	800403d0
800219ac	80021ba8	80040800
800219ac	80021bb0	80042c48
800219ac	80021bc4	80040350
800219ac	80021bd0	800403d0
800219ac	80021bf8	80040800
800219ac	80021c00	80042c48
800219ac	80021c14	80040350
800219ac	80021c20	800403d0
800219ac	80021c60	80042bd8
800219ac	80021c68	80042c48
800219ac	80021c74	80042c1c
800219ac	80021d1c	800218cc
800219ac	80021d58	80040350
800219ac	80021d64	800403d0
800219ac	80021d98	80040800
800219ac	80021da0	80042c48
800219ac	80021df8	80040350
800219ac	80021e04	800403d0
800219ac	80021e48	80042bd8
800219ac	80021e50	80042c48
800219ac	80021e5c	80042c1c
800219ac	80021e74	80040350
800219ac	80021e80	800403d0
800219ac	80021eb8	80042bd8
800219ac	80021ec0	80042c48
800219ac	80021ecc	80042c1c
800219ac	80021f18	80015820
800219ac	80021f28	800155d4
800219ac	80021fd0	80021950
800219ac	80022104	80040204
800219ac	80022118	80021538
800219ac	80022148	80015af4
800219ac	80022150	80040204
80022174	80022204	80013448
80022174	80022398	80013448
800223b0	800223cc	80022174
800223b0	80022420	800296c0
800223b0	8002242c	80040690
800223b0	80022438	80040690
800223b0	8002247c	800292dc
800223b0	80022484	80013700
800223b0	80022494	80029354
800223b0	800224b0	80012c88
800223b0	800224b8	800193dc
800223b0	800224d4	80017e94
800223b0	800224f4	80017e94
800223b0	80022508	80017e94
800223b0	80022618	8002c7d8
800226d4	800226dc	800223b0
800226d4	800226f0	8007f520
800226d4	80022718	8007f520
80022730	80022760	80042ec8
80022730	80022854	80017dcc
80022ab0	80022ae0	80042ec8
80022ab0	80022bd8	80018010
80022fa8	80022ff4	80040690
800230ac	800230e4	80023054
800230ac	800230f4	80023054
800230ac	80023100	80023054
8002314c	800231d0	8001eda4
80023200	800232d8	80016fe4
80023200	80023450	8002314c
80023200	80023508	80036184
80023200	80023524	800399f0
80023548	80023588	80023200
800235a0	800235c8	80040350
800235a0	800235d4	800403d0
800235a0	80023608	8004078c
8002367c	8002371c	80022e50
8002367c	80023758	80022e50
8002367c	80023764	80040690
8002367c	80023838	800180e0
8002367c	80023858	80040734
8002367c	80023880	80042c1c
8002367c	80023894	800434a8
8002367c	80023924	800230ac
8002367c	80023954	800434a8
8002367c	80023970	800230ac
8002367c	80023a4c	80043560
8002367c	80023ab0	80043560
8002367c	80023af8	800360d8
8002367c	80023b00	80040690
8002367c	80023b30	80040690
8002367c	80023b58	80040690
8002367c	80023bc0	80039910
8002367c	80023be0	80042e70
8002367c	80023d64	80013448
8002367c	80023d88	800235a0
8002367c	80023d90	80023548
80023dc4	80023e04	80023548
80023dc4	80023e18	80040204
80023dc4	80023ec8	80022e50
80023dc4	80023ee4	80042d08
80023dc4	80023fb8	80042d08
80024078	80024104	80023dc4
8002411c	80024128	80024078
80024144	80024150	80023dc4
8002416c	800241f4	8002411c
8002416c	8002424c	80016f50
800242bc	800242d0	8002367c
800242bc	800242d8	8002c89c
800242bc	80024308	80026bbc
800242bc	80024318	800289a4
800242bc	80024344	80040204
800242bc	80024370	800361d8
800242bc	8002437c	80039770
800242bc	8002439c	80039770
800242bc	800243c0	800360d8
800242bc	80024414	unresolved
80024444	80024478	8003cfc4
80024444	80024480	800242bc
80024444	80024488	8003d014
80024444	80024498	800242bc
800244b0	80024514	8008f708
800244b0	800245d4	80035dfc
800244b0	800245e0	80035dfc
8002465c	8002467c	800244b0
8002465c	8002468c	800244b0
800247f0	8002480c	80035ba0
800247f0	80024824	8008f578
800247f0	800248a8	80014e08
800248e0	80024984	80035ba0
800249d0	800249f4	80040690
80024a10	80024a1c	800249d0
80024a9c	80024bdc	80024a38
80024a9c	80024c70	8007ff10
80024a9c	80024cac	8007ff10
80024cd8	80024cf4	80040350
80024cd8	80024d00	800403d0
80024df0	80024e00	80024a9c
80024df0	80024e60	80024cd8
80024f14	80024f24	80024ee0
80024f14	80024f64	8002c7d8
80024f14	80024f74	80040204
80024f14	80024fe8	80014d38
80024f14	80025034	80040734
80024f14	8002509c	80024a38
80025178	8002518c	80024ee0
80025178	8002519c	800250d8
80025178	800251b0	8002c860
80025178	800251d0	80040204
80025178	80025270	8001f2c4
80025178	80025290	8002c860
8002543c	80025450	80024ee0
8002543c	80025460	8002c860
8002543c	80025478	80040204
8002543c	80025530	80016fe4
8002543c	8002562c	8002c860
8002543c	80025674	8001817c
8002543c	80025680	80024a10
8002543c	80025688	80040204
800256ac	800256b4	80024ee0
800256ac	8002575c	80019b30
800256ac	800257dc	8002c7d8
800256ac	80025828	80040204
80025850	80025864	80024ee0
80025850	80025874	800402ac
80025850	800258b4	8002c860
80025850	80025980	80024a10
80025850	800259c4	80024a10
80025850	800259e0	80024a10
80025a1c	80025a28	80024ee0
80025a1c	80025a3c	8002c7d8
80025a1c	80025ad0	80040204
80025a1c	80025b3c	8002c7d8
80025a1c	80025ba4	8001817c
80025a1c	80025bb0	80024a10
80025a1c	80025bbc	80040204
80025bd8	80025c84	80018010
80025c9c	80025ca4	80024ee0
80025c9c	80025cb4	8002c7d8
80025c9c	80025cd0	80040204
80025c9c	80025d10	80040204
80025c9c	80025dbc	80042e70
80025de0	80025dec	80024ee0
80025de0	80025ebc	8002c7d8
80025de0	80025f40	80040204
80025f90	80025f98	80024ee0
80025f90	80025fa8	8002c860
80025f90	80025fc8	80040204
80025fec	80025ff4	80024ee0
80025fec	80026004	8002c7d8
80025fec	80026050	80040204
80025fec	80026124	80042e70
80026180	8002618c	80024ee0
80026180	80026220	8002c7d8
80026180	8002628c	80040204
800262dc	800262e4	80024ee0
800262dc	800262f8	8002c9bc
800262dc	80026310	8002c860
800262dc	80026330	80040204
800262dc	8002633c	800292dc
80026384	80026394	80024ee0
80026384	800263a8	8002c9bc
80026384	800263c4	80019c58
80026384	800263cc	8002c7d8
80026384	800263e4	800402ac
80026384	8002646c	800249d0
80026384	80026490	800249d0
80026384	800264b4	800249d0
80026384	800264ec	80029354
80026384	80026538	80042d08
80026384	8002654c	80040204
80026384	80026554	80042d58
80026384	80026614	800193dc
80026384	8002661c	800194f4
80026384	80026658	800194f4
80026384	80026668	80042c1c
80026384	8002669c	800296c0
80026384	80026714	80040690
80026384	80026720	80040690
80026384	800267d0	8007ff70
80026384	800267ec	80024df0
80026384	80026834	8008f708
80026384	80026864	80017e94
80026384	800268d0	80042e70
80026384	80026934	800361d8
80026384	80026940	80039770
80026384	8002697c	80036f7c
80026384	800269a4	80040204
80026384	80026a14	800360d8
80026384	80026a34	80042e70
80026384	80026a44	80040690
80026384	80026a7c	800434a8
80026384	80026a98	80043560
80026adc	80026aec	80024ee0
80026adc	80026afc	8002c860
80026adc	80026b88	80024a10
80026bbc	80026c10	unresolved
80026e50	80026e78	80026da0
80026e50	80026e8c	80026da0
80026e50	80026ec4	80019998
80026e50	80026ef8	80026c94
80026e50	8002705c	80026cf4
80026e50	80027090	80019998
800270e8	800270f8	80026da0
800270e8	80027108	80026c94
800271b4	800271d0	80026da0
800271b4	8002723c	80026c94
800271b4	80027250	8008f708
800272b0	800272d8	80026cf4
800272b0	800272f0	80035dfc
800272b0	800272f8	8008f708
800272b0	80027310	80026da0
800272b0	80027348	800199f0
800272b0	8002737c	80026c94
800272b0	800274c4	8008f708
800272b0	800274e4	80026cf4
800272b0	8002752c	800199f0
80027590	800275a0	8008f708
80027590	800275b4	80026e50
80027590	800275c4	8008f708
80027590	800275d8	800270e8
80027590	800275e8	8008f708
80027590	800275fc	800271b4
80027590	8002760c	800272b0
80027590	8002761c	80035dfc
80027590	80027684	80026c94
80027590	80027698	80035dfc
80027590	80027710	8008f708
80027590	80027724	80026c94
80027590	80027738	80035dfc
80027590	800277b4	8008f708
80027814	800278a0	8001ef34
80027928	800279bc	8001ef34
80027a44	80027a70	8008f708
80027a44	80027a90	80026da0
80027a44	80027aa0	80026da0
80027a44	80027ad8	80019998
80027a44	80027b18	80026da0
80027a44	80027b30	80035dfc
80027a44	80027c8c	80027928
80027a44	80027d28	8008f708
80027a44	80027d3c	80027814
80027a44	80027dac	8008f708
80027a44	80027e2c	80035dfc
80027e80	80027f04	80016fe4
80027e80	80027fe4	80016fe4
800282a8	800282c0	80027e80
800282a8	800282d0	80027e80
80028398	800283a0	80028370
80028398	800283c8	80036184
80028398	800283d8	80039770
80028398	80028414	8003748c
80028398	80028434	8003ba24
80028398	80028444	80040204
80028398	8002844c	800360d8
8002847c	80028488	80028370
8002847c	800284a4	8002970c
8002847c	800284d4	800292dc
8002847c	800284e4	80029354
8002847c	8002850c	800434a8
8002847c	80028518	80042c48
8002847c	80028524	80042c1c
8002847c	80028530	80040350
8002847c	8002853c	800403d0
8002847c	80028574	80040800
8002847c	8002858c	80042c48
8002847c	80028598	80042c1c
8002847c	800285a0	800434a8
8002847c	80028630	80036184
8002847c	80028648	800399f0
8002847c	8002866c	80015af4
8002847c	8002868c	80040204
8002847c	800286d8	80043560
8002847c	80028708	80043560
8002847c	8002874c	80039910
8002847c	80028784	80043560
8002847c	800287b4	80043560
8002847c	80028854	80040690
8002847c	8002885c	800296c0
8002847c	80028874	800360d8
8002847c	8002894c	800434a8
8002847c	8002895c	800434a8
8002847c	80028970	80015af4
8002847c	80028978	80040204
800289a4	800289fc	unresolved
80028a2c	80028a34	80028370
80028a2c	80028a44	8008f708
80028a2c	80028a68	8003fba0
80028a2c	80028a70	8003fa30
80028aa0	80028b30	8007ff10
80028aa0	80028b64	8007ff10
80028aa0	80028bbc	8007ff10
80028aa0	80028bf4	8007ff10
80028c0c	80028ce8	800422c0
80028c0c	80028d88	800424b8
80028c0c	80028e58	800424b8
80028c0c	80028f4c	800424b8
80028c0c	80028fa0	800424b8
80028c0c	80028fd4	80035ce8
80028c0c	80029004	80035ce8
80028c0c	80029090	800424b8
80028c0c	8002911c	800424b8
80028c0c	80029190	800424b8
80028c0c	800291dc	800424b8
80028c0c	80029248	800424b8
80029280	800292b0	80040734
80029280	800292b8	80042090
800292dc	80029328	80014e08
80029354	80029388	80040350
80029354	80029394	800403d0
80029354	800293f0	80040844
80029354	800295dc	80042c48
80029354	800295e4	80040350
80029354	800295f0	800403d0
80029354	80029620	80040800
80029354	80029660	80042c48
80029354	8002966c	80042c1c
800296c0	800296e0	80040690
800296c0	800296ec	80040690
80029728	80029748	80040350
80029728	80029754	800403d0
80029728	800297a8	80040800
80029728	800297e0	80042c6c
80029728	800297ec	80042c1c
8002981c	800298c4	800879d8
8002981c	80029928	800879d8
8002981c	8002993c	8004d5b8
80029974	80029a1c	800879d8
80029974	80029a80	800879d8
80029974	80029a94	8004d5b8
80029acc	80029b00	80087838
80029acc	80029b08	80087858
80029acc	80029b34	80085558
80029acc	80029bf4	800866f8
80029acc	80029c2c	80086628
80029acc	80029c94	8002981c
80029acc	80029cbc	8002981c
80029acc	80029d00	8002981c
80029acc	80029d28	8002981c
80029acc	80029d70	80029974
80029acc	80029da0	80029974
80029acc	80029dec	80029974
80029acc	80029e1c	80029974
80029acc	80029e84	800866f8
80029acc	80029eb0	800866f8
80029acc	80029ed8	80086628
80029acc	80029f00	80086628
80029acc	80029fa8	8004d5b8
80029acc	8002a000	8005721c
80029acc	8002a008	80058b4c
80029acc	8002a010	80058860
8002a484	8002a49c	8002a848
8002a484	8002a4c8	8002a048
8002a484	8002a500	80036184
8002a484	8002a53c	80039a3c
8002a55c	8002a5f4	80040204
8002a55c	8002a5fc	8002a484
8002a918	8002a928	8002a55c
8002a918	8002a950	8002a848
8002a918	8002a960	8002a048
8002a918	8002ab2c	8002a638
8002a918	8002ab34	8002a7f0
8002ab50	8002ab8c	80040690
8002ab50	8002abd4	800422c0
8002ab50	8002acd4	80087a38
8002ab50	8002acec	8004d5b8
8002ab50	8002ad1c	8004d5b8
8002ad44	8002ad5c	80040350
8002ad44	8002ad68	800403d0
8002ad44	8002adc8	80042c48
8002ad44	8002ade0	80042c1c
8002ae34	8002ae88	8005622c
8002ae34	8002ae90	80056540
8002ae34	8002aec8	80085748
8002ae34	8002aee8	80013448
8002ae34	8002aef4	800292dc
8002ae34	8002aefc	80015ba0
8002ae34	8002af18	80039770
8002ae34	8002afa8	8005967c
8002ae34	8002afc4	800599a0
8002ae34	8002afcc	8005bee0
8002ae34	8002afdc	80040350
8002ae34	8002afe8	800403d0
8002ae34	8002b01c	80040800
8002ae34	8002b030	80042c48
8002ae34	8002b03c	80042c1c
8002ae34	8002b090	800434a8
8002ae34	8002b0dc	800434a8
8002ae34	8002b128	80043560
8002ae34	8002b13c	80039910
8002ae34	8002b198	80029354
8002ae34	8002b204	800434a8
8002ae34	8002b210	80040204
8002ae34	8002b22c	80040350
8002ae34	8002b238	800403d0
8002ae34	8002b26c	80040800
8002ae34	8002b290	80042c48
8002ae34	8002b29c	80042c1c
8002ae34	8002b304	80036184
8002ae34	8002b328	8002ad44
8002ae34	8002b384	800434bc
8002ae34	8002b480	80040204
8002ae34	8002b4c4	8005c2c8
8002ae34	8002b4e0	800866f8
8002ae34	8002b500	80086628
8002ae34	8002b524	80086628
8002ae34	8002b548	800866f8
8002ae34	8002b5d0	8005c2c8
8002ae34	8002b62c	8005c6d0
8002ae34	8002b63c	8005c0b8
8002ae34	8002b678	8004f1c8
8002ae34	8002b688	8005cbb0
8002ae34	8002b690	8005cbe8
8002ae34	8002b6a0	8005ac78
8002ae34	8002b6b0	8005c8d0
8002ae34	8002b6dc	800434a8
8002ae34	8002b6e8	80040204
8002ae34	8002b6f0	80015b28
8002ae34	8002b798	800434bc
8002ae34	8002b81c	80040734
8002ae34	8002b844	80015ba0
8002ae34	8002b858	80040204
8002ae34	8002b864	800434a8
8002ae34	8002b8b4	800434bc
8002ae34	8002b924	80048354
8002ae34	8002b944	80040734
8002ae34	8002b994	80040690
8002ae34	8002b99c	80014ec0
8002ae34	8002b9a4	80040204
8002ae34	8002ba6c	800434a8
8002ae34	8002bacc	80015b28
8002ae34	8002bae4	80040204
8002ae34	8002bb04	8002ad44
8002ae34	8002bb68	800434bc
8002ae34	8002bb8c	800296c0
8002ae34	8002bbcc	80040690
8002ae34	8002bbdc	800360d8
8002bc38	8002bca0	8002bc24
8002bc38	8002bcb0	8002a918
8002bc38	8002bcc0	8002ae34
8002bc38	8002bcd0	8005bee0
8002bc38	8002bce4	8005bf70
8002bc38	8002bcf8	8005c0b8
8002bc38	8002bdd0	8008f708
8002bc38	8002bdf0	8005ac78
8002bc38	8002be0c	80013448
8002bc38	8002be14	8005c304
8002bc38	8002be5c	8005b0bc
8002bc38	8002be6c	8002bc30
8002be90	8002bf88	80082380
8002be90	8002bfcc	80082380
8002be90	8002c078	80082380
8002be90	8002c0fc	80049198
8002c11c	8002c148	8002ceb8
8002c11c	8002c180	8002ceb8
8002c1ac	8002c1dc	80035b68
8002c1ac	8002c1e4	8002970c
8002c1ac	8002c250	80014d38
8002c1ac	8002c258	80013700
8002c1ac	8002c260	8002c11c
8002c1ac	8002c274	80029728
8002c1ac	8002c38c	8002a7f0
8002c1ac	8002c394	80040350
8002c1ac	8002c3a0	800403d0
8002c1ac	8002c3d4	80040800
8002c1ac	8002c3e4	80042c48
8002c1ac	8002c3fc	80040350
8002c1ac	8002c408	800403d0
8002c1ac	8002c434	80040800
8002c1ac	8002c4f8	8002ce7c
8002c1ac	8002c518	8002c6ec
8002c1ac	8002c56c	800361d8
8002c1ac	8002c578	800399f0
8002c1ac	8002c584	80042c6c
8002c1ac	8002c5a0	8002a484
8002c1ac	8002c5a8	8004022c
8002c6ec	8002c71c	8002c6b0
8002c7d8	8002c7e4	8002c7a0
8002c860	8002c868	8002c7d8
8002c89c	8002c950	80146258
8002c89c	8002c95c	80087838
8002c89c	8002c968	80087858
8002cb88	8002cc70	80016fe4
8002cdc8	8002ce44	80024a38
8002cf1c	8002cf2c	8002ce7c
8002cf1c	8002cf40	8002ceb8
8002cf60	8002cf70	80040714
8002cf60	8002cf78	80035f64
8002cf60	8002cf80	8003a22c
8002cf60	8002cf88	800133d0
8002cfbc	8002cfc4	8002cf60
8002d354	8002d364	80087838
8002d354	8002d36c	80087858
8002d354	8002d39c	8005622c
8002d354	8002d3a4	80056540
8002d354	8002d3d4	8005cd2c
8002d354	8002d400	800563b0
8002d354	8002d428	800563b0
8002d354	8002d438	800563b0
8002d354	8002d440	800158f4
8002d354	8002d458	8005cd90
8002d354	8002d468	80056620
8002d354	8002d478	80048354
8002d354	8002d480	80040258
8002d354	8002d494	8005cdec
8002d62c	8002d668	8003bef4
8002d62c	8002d670	8016a850
8002d62c	8002d718	80034190
8002dbe0	8002dbf4	80087838
8002dbe0	8002dbfc	80087858
8002dbe0	8002dc1c	8001569c
8002dbe0	8002dc38	8002ceb8
8002dbe0	8002dcac	8003fba0
8002dbe0	8002dcb4	8003fa30
8002dbe0	8002dd60	800361d8
8002dbe0	8002dd68	80039770
8002dbe0	8002dd8c	800360d8
8002dbe0	8002ddb0	80035f64
8002dbe0	8002ddb8	8003a22c
8002dbe0	8002ddc8	8005622c
8002dbe0	8002ddd0	80056540
8002dbe0	8002ddd8	8005cda4
8002dbe0	8002dde8	8005cdd8
8002dbe0	8002ddf0	80039770
8002dbe0	8002ddf8	8005cdec
8002df60	8002df68	8002cfbc
8002df60	8002df78	80012c50
8002df60	8002df9c	8002cf60
8002df60	8002dfbc	unresolved
8002df60	8002dfd8	80015a1c
8002e11c	8002e274	80014e08
8002e2a4	8002e2c8	80040690
8002e2f8	8002e318	80040350
8002e2f8	8002e324	800403d0
8002e2f8	8002e34c	80040800
8002e2f8	8002e35c	80042c1c
8002e3c0	8002e3f4	80040350
8002e3c0	8002e400	800403d0
8002e3c0	8002e440	80040844
8002e3c0	8002e4c0	8002e2f8
8002e3c0	8002e500	8002e2f8
8002e3c0	8002e56c	8002e2f8
8002e3c0	8002e5c0	8002e2f8
8002e3c0	8002e5d8	8002e2f8
8002e678	8002e680	8002e650
8002e698	8002e6a0	80040390
8002e698	8002e6ac	800403d0
8002e698	8002e6dc	80040800
8002e698	8002e6f0	80042c48
8002e70c	8002e714	8002e650
8002e70c	8002e738	8002e2a4
8002e70c	8002e7b8	8002e11c
8002e70c	8002e808	8002e3c0
8002e70c	8002e810	800156f8
8002e848	8002e854	8002e650
8002e848	8002e8a4	80036184
8002e848	8002e8b0	8002e60c
8002e848	8002e924	800360d8
8002e9c0	8002e9cc	8002e650
8002e9c0	8002ea10	8007ffd0
8002e9c0	8002ea74	80040390
8002e9c0	8002ea80	800403d0
8002e9c0	8002eac0	80040844
8002e9c0	8002eae4	8002e2a4
8002e9c0	8002eb14	80015ba0
8002e9c0	8002eb24	8002e11c
8002e9c0	8002eb44	80040690
8002e9c0	8002eb54	8002e3c0
8002e9c0	8002eb84	80015b28
8002ebac	8002ebe0	8002ceb8
8002ebac	8002ec04	8002ce7c
8002eca0	8002eca8	8002e650
8002ee0c	8002ee24	8002e650
8002ee0c	8002ee88	8003a364
8002ee0c	8002ee90	8003a22c
8002ee0c	8002ee98	8003a2d4
8002ee0c	8002eec4	8003b89c
8002ef08	8002ef10	8002e650
8002ef08	8002ef60	80040204
8002ef08	8002ef80	8004022c
8002ef08	8002efa0	8004022c
8002f044	8002f04c	8002e650
8002f044	8002f07c	80040258
8002f044	8002f08c	8004027c
8002f128	8002f134	8002e650
8002f128	8002f19c	80036184
8002f128	8002f1c0	8003fa30
8002f128	8002f1fc	80039770
8002f128	8002f234	800372e0
8002f128	8002f254	8002f0f0
8002f128	8002f274	80040204
8002f128	8002f29c	80036184
8002f128	8002f2a8	8002e60c
8002f128	8002f2c0	80039770
8002f128	8002f2dc	800434a8
8002f128	8002f344	80036184
8002f128	8002f350	8002e60c
8002f128	8002f368	80039770
8002f128	8002f3a8	800360d8
8002f128	8002f440	800361d8
8002f128	8002f448	8002e60c
8002f128	8002f46c	80040204
8002f128	8002f4b8	800434a8
8002f128	8002f4ec	800360d8
8002f128	8002f550	80039910
8002f128	8002f568	80043560
8002f128	8002f578	80039910
8002f128	8002f588	80036f7c
8002f128	8002f608	80040204
8002f128	8002f614	8003fba0
8002f128	8002f628	80040204
8002f128	8002f630	80034190
8002f128	8002f654	80040204
8002f128	8002f668	80040204
8002f6a4	8002f6ac	8002e650
8002f6a4	8002f6d0	800157d4
8002f724	8002f844	80082380
8002f898	8002f8b0	8002e650
8002f898	8002f918	80014d38
8002f898	8002f920	80013700
8002f898	8002f984	8002e2a4
8002f898	8002f98c	80040350
8002f898	8002f998	800403d0
8002f898	8002f9d8	80042bd8
8002f898	8002f9e4	80042c1c
8002f898	8002fa0c	80040350
8002f898	8002fa18	800403d0
8002f898	8002fa58	80040844
8002f898	8002fa64	80042c1c
8002f898	8002fa70	80040350
8002f898	8002fa7c	800403d0
8002f898	8002fa8c	80042b0c
8002f898	8002faec	800156f8
8002f898	8002faf8	800158b4
8002f898	8002fb08	800474cc
8002f898	8002fb1c	80015a1c
8002f898	8002fb48	80040690
8002f898	8002fb54	8002e2a4
8002fbb8	8002fbc0	8002e650
8002fc24	8002fc48	8002f0f0
8002fca4	8002fcac	8008f708
8002fca4	8002fcc8	80039770
8002fca4	8002fd80	8002e678
8002fdc8	8002fed8	80082380
8002ff64	8002ffbc	80014d38
8002ff64	8002ffc4	8003a22c
8002ff64	8002ffec	80013700
8002ff64	8002fff4	8008288c
8002ff64	8003005c	80082380
8002ff64	80030068	80082380
8002ff64	800300fc	8002e698
8003012c	8003016c	80086628
80030228	80030274	unresolved
800303ec	80030424	80036184
800303ec	8003042c	800399f0
800303ec	80030434	80040350
800303ec	80030440	800403d0
800303ec	80030454	80042b0c
800303ec	8003046c	8003031c
800303ec	80030474	8001591c
800304d0	80030998	8007f520
800304d0	800309bc	8007f520
800304d0	800309d0	8007f520
80031228	80031250	80024e84
80031268	80031270	80034190
800312b8	800312c0	800159f4
800312b8	800312c8	80040714
800312b8	800312d0	80035f64
800312b8	800312e0	80090d94
80031388	80031394	8008f708
80031388	800313e0	unresolved
80031388	800313f4	8007f520
80031388	80031558	8003031c
80031388	8003158c	8003031c
80031388	800315dc	80036184
80031388	800315e8	800399f0
80031640	8003164c	80042ec8
80031640	80031680	80040204
80031640	800316c8	80042d08
80031640	80031770	80040690
80031640	80031780	80042da8
800317cc	800317f4	80040350
800317cc	80031800	800403d0
800317cc	80031844	80040844
800317cc	800318d4	80042c48
800317cc	800318e0	80042c1c
80031948	800319a4	80084978
800319dc	80031a30	80084978
80031a68	80031b10	80084978
80031b58	80031cc4	80031a68
80031b58	80031d7c	80035da0
80031b58	80031d90	800319dc
80031b58	80031e1c	80084978
80031b58	80031e6c	80035da0
80031b58	80031e80	800319dc
80031b58	80031ec0	80084978
80031b58	80031ee4	80084978
80031b58	80031f08	80035ce8
80031b58	80031f1c	80031948
80031b58	80031f44	80035ce8
80031b58	80031f58	80031948
80031b58	80031f98	80035ce8
80031b58	80031fac	80031948
80031b58	80032000	80035ce8
80031b58	80032014	80031948
80032078	80032120	80036184
80032078	800321bc	800399f0
800321d8	80032200	80032078
80032230	8003227c	800361d8
80032230	80032288	800399f0
800322b8	80032314	80033144
80032350	800323b8	80033144
80032490	80032520	80033144
80032490	80032528	800323f0
80032558	80032650	80082380
80032558	80032734	80082380
80032754	8003277c	80014d38
80032754	80032784	80013700
80032824	8003285c	80032754
80032824	80032864	8004022c
80032824	8003287c	8003279c
80032824	80032a08	80033144
80032824	80032a10	800323f0
80032824	80032b34	80033144
80032824	80032b54	80040350
80032824	80032b60	800403d0
80032824	80032b90	80040800
80032824	80032b98	80040350
80032824	80032ba4	800403d0
80032824	80032bc4	80040350
80032824	80032bd0	800403d0
80032824	80032bfc	80040800
80032824	80032c04	80040350
80032824	80032c10	800403d0
80032824	80032c30	80040350
80032824	80032c3c	800403d0
80032824	80032c64	80040800
80032824	80032c7c	80042c1c
80032824	80032c84	80040350
80032824	80032c90	800403d0
80032824	80032cb8	80040800
80032824	80032cd0	80042c1c
80032824	80032cd8	80040350
80032824	80032ce4	800403d0
80032824	80032d10	80040800
80032824	80032d28	80042c1c
80032824	80032d30	80040350
80032824	80032d3c	800403d0
80032824	80032d6c	80040800
80032824	80032d84	80042c1c
80032824	80032d8c	80040350
80032824	80032d98	800403d0
80032824	80032dc4	80040800
80032824	80032ddc	80042c1c
80032824	80032de4	80040350
80032824	80032df0	800403d0
80032824	80032e1c	80040800
80032824	80032e34	80042c1c
80032824	80032e3c	80040350
80032824	80032e48	800403d0
80032824	80032e70	80040800
80032824	80032e88	80042c1c
80032824	80032e90	80040350
80032824	80032e9c	800403d0
80032824	80032ec4	80040800
80032824	80032edc	80042c1c
80032824	80032ee4	80040350
80032824	80032ef0	800403d0
80032824	80032f00	80042b0c
80032824	80032f1c	80042c1c
80032824	80032f50	80040350
80032824	80032f5c	800403d0
80032824	80032f6c	80042b0c
80032824	80032f84	80042c1c
80032824	80032fb0	80040350
80032824	80032fbc	800403d0
80032824	80032fe8	80040800
80032824	80032ff4	80042c1c
80032824	80032ffc	80032230
80033144	80033554	80035dfc
80033144	80033584	8008f578
80033144	80033590	800321d8
800335b8	80033720	80040204
800335b8	80033758	80040204
800335b8	8003381c	80040204
800335b8	80033834	800321d8
800335b8	80033910	80040204
800335b8	800339ac	80040204
800335b8	800339e0	80033144
80033a3c	80033a84	80033034
80033a3c	80033a8c	800335b8
80033a3c	80033ab4	80033a00
80033a3c	80033b54	80033a00
80033a3c	80033b68	80040204
80033a3c	80033b88	80033144
80033a3c	80033b90	800323f0
80033a3c	80033b9c	800322b8
80033a3c	80033ba4	80032230
80033a3c	80033bc0	800317cc
80033a3c	80033bd0	80040204
80033bf0	80033c34	80033034
80033bf0	80033c3c	800335b8
80033bf0	80033c64	80033a00
80033bf0	80033d08	80033a00
80033bf0	80033d7c	80040204
80033bf0	80033d88	80032490
80033bf0	80033d94	80032350
80033bf0	80033d9c	80032230
80033bf0	80033db8	800317cc
80033bf0	80033dc8	80040204
80033de4	80033df0	80033034
80033de4	80033e2c	80040204
80033ed0	80033ee0	80033034
80033ed0	80033ef0	80040204
80033ed0	80033ef8	80033e98
80033ed0	80033f44	800361d8
80033ed0	80033f7c	800361d8
80033ed0	80033f90	80039770
80033ed0	80033fac	80015af4
80033ed0	80033fe0	80039770
80033ed0	80034004	800360d8
80033ed0	80034050	80015af4
80033ed0	800340c8	8003279c
800340e8	800340f0	8008f708
800340e8	80034140	800289a4
800340e8	80034174	unresolved
800341f8	80034228	80086dd8
800341f8	8003423c	80089928
80034d30	80034d6c	8004d260
80034d30	80034ec0	800341f8
80035ac8	80035b0c	8008f578
80035da0	80035db4	80035ce8
80035dfc	80035e08	8008f708
80035e4c	80035e58	80013700
80035e4c	80035e60	80045414
80035e4c	80035e98	8006a884
80035eb0	80035eb8	8006aa2c
80035eb0	80035f14	8006aac0
80035f64	80035f98	80036274
800360d8	80036100	80036238
800360d8	8003610c	80040690
800360d8	80036118	80040690
800360d8	80036124	80040690
80036148	8003616c	800360d8
80036184	800361ac	80035fb0
80036184	800361bc	80035fe8
800361d8	80036208	80035fb0
800361d8	80036218	80035fe8
80036298	800362cc	80087858
80036298	80036384	80082ee8
80036298	80036390	80082da8
80036298	800368c4	80087838
80036298	8003695c	80088bd8
80036298	80036964	80085558
80036298	800369fc	80087b48
80036298	80036a14	800842a8
80036298	80036b90	800842a8
80036298	80036bb4	800842a8
80036298	80036bf4	80084978
80036298	80036c24	80084978
80036ef0	80036f64	80036e7c
80036f7c	80037068	80040204
80036f7c	80037070	80036ef0
8003712c	80037154	80040390
8003712c	80037160	800403d0
8003712c	80037170	80042b0c
8003712c	80037178	80042c48
8003712c	80037198	80042c1c
8003712c	800371e0	80036ef0
8003712c	80037220	80036ef0
8003712c	80037248	80036f7c
8003712c	80037288	80040204
8003712c	80037298	80040204
8003712c	800372b8	80040690
800373b0	800373d4	80037354
80037440	8003746c	80037354
8003748c	8003749c	80040390
8003748c	800374a8	800403d0
8003748c	800374f0	80040800
8003748c	80037504	80042c48
8003748c	8003751c	80042c1c
8003753c	8003756c	8003748c
8003753c	800375e8	80040204
8003753c	800375f8	80040690
80037614	80037630	80036dfc
80037614	80037678	80036dfc
800376b4	800376c4	80036dfc
800376b4	800376d4	80036dfc
800376b4	800376e4	80036dfc
80037814	80037854	8003a364
8003795c	80037968	800495b0
80037990	800379b4	80036dfc
800379f0	80037a14	80036dfc
800379f0	80037a50	8008f708
800379f0	80037a70	8008f708
80037d3c	80037f64	80036c64
80037f94	80037fb0	80036c64
80038004	8003802c	80037f94
800380b8	800380c8	80036e30
800380b8	800380fc	80035ce8
80038340	8003834c	80036dfc
80038368	80038374	80036dfc
80038504	800385c8	80036dfc
80038664	8003866c	80036dfc
80038664	80038674	8004022c
8003868c	800386d4	80036dfc
8003868c	800386dc	8004022c
8003868c	800386fc	8004022c
8003868c	80038710	80036dfc
8003876c	80038778	80036dfc
8003876c	80038790	800402ac
8003876c	80038798	80036dfc
8003876c	800387bc	80040204
800387d4	80038818	80040258
800387d4	80038828	8004027c
800388ac	8003892c	80015860
800388ac	8003893c	80015738
800388ac	8003895c	80015ba0
800388ac	8003896c	80015b28
800388ac	80038980	800158b4
800389ac	800389dc	80036dfc
80038a18	80038a48	80036dfc
80038a84	80038abc	8002ceb8
80038a84	80038ac4	8002ceb8
80038adc	80038af0	80040690
80038b4c	80038b90	unresolved
80038ba8	80038bb4	80036dfc
80038bf0	80038c90	80038ba8
80038bf0	80038cd4	80036238
80038d20	80038d30	80036dfc
80038d20	80038d48	8002ceb8
80038d20	80038d58	80036dfc
80038d20	80038d64	8002ce7c
80038dac	80038db8	80036dfc
80038e10	80038e30	80037c0c
80038e10	80038e6c	unresolved
80038eb8	80038f88	8003a364
80038eb8	8003908c	8003a2d4
800391ec	80039210	80040390
800391ec	8003921c	800403d0
800391ec	80039264	80042c48
800391ec	80039270	80042c1c
800391ec	80039314	80040690
800391ec	8003931c	80040350
800391ec	80039328	800403d0
800391ec	80039338	80042b0c
800391ec	80039354	80042c48
800391ec	8003936c	80042c1c
800391ec	8003939c	80039148
800393b8	800393f0	8003a22c
800393b8	800394a0	80040690
800393b8	800394ac	80040690
800393b8	800394bc	800391ec
800393b8	80039504	80036238
800393b8	80039540	unresolved
800393b8	80039588	unresolved
800393b8	800395e4	80037354
800393b8	80039688	unresolved
800393b8	800396b8	80037c0c
800393b8	80039700	80036c64
80039770	800397d8	800393b8
80039770	80039800	8003748c
80039770	80039878	80040690
80039770	80039884	80040204
80039770	800398cc	8003b89c
80039770	800398d4	8003a0cc
80039910	80039968	80039148
80039910	800399a0	80036e7c
800399f0	80039a10	800393b8
80039a3c	80039a5c	800393b8
80039ac4	80039ad0	80039a88
80039ba8	80039bb4	80039a88
80039ba8	80039c48	80039ab0
80039c6c	80039c78	80039a88
80039c6c	80039d24	80039ab0
80039d3c	80039d60	80039a88
80039d3c	80039d74	8008f708
80039d3c	80039da8	8008f708
80039d3c	80039e04	80039ab0
80039d3c	80039eb0	800866f8
80039d3c	80039ed8	80086628
80039f24	80039f38	8008f708
80039f24	80039f48	8008f708
80039f24	80039f68	80039d3c
80039f84	80039f9c	8008f708
80039f84	80039fb4	8008f708
80039f84	80039fd8	80039d3c
80039ff8	8003a004	80039a88
80039ff8	8003a048	80039ab0
8003a088	8003a090	80039ff8
8003a0a8	8003a0b4	80039ff8
8003a0cc	8003a12c	unresolved
8003a2d4	8003a2fc	8008f708
8003a320	8003a33c	80040690
8003a364	8003a370	8003a320
8003a3ac	8003a4d8	80082380
8003a57c	8003a5f8	8003a528
8003a57c	8003a608	80040350
8003a57c	8003a614	800403d0
8003a57c	8003a640	80042bd8
8003a57c	8003a648	80042c48
8003a57c	8003a654	80042c1c
8003a57c	8003a684	8003a528
8003a57c	8003a694	80040350
8003a57c	8003a6a0	800403d0
8003a57c	8003a6d0	80042bd8
8003a57c	8003a6d8	80042c48
8003a57c	8003a6e4	80042c1c
8003a57c	8003a714	8003a528
8003a57c	8003a724	80040350
8003a57c	8003a730	800403d0
8003a57c	8003a760	80042bd8
8003a57c	8003a768	80042c48
8003a57c	8003a774	80042c1c
8003a7d0	8003a834	80042c1c
8003a7d0	8003a89c	80042c1c
8003a8f0	8003a90c	8003a2ac
8003a8f0	8003a974	8008288c
8003a8f0	8003a9c4	8007ff10
8003a8f0	8003a9fc	8007ff10
8003a8f0	8003aa28	80035ba0
8003a8f0	8003aac0	80014e08
8003a8f0	8003ab70	8008288c
8003a8f0	8003abf0	8007ff70
8003a8f0	8003ac28	8007ff70
8003a8f0	8003ac64	80035ba0
8003a8f0	8003ac78	8003a57c
8003acec	8003ad08	8003acb0
8003ad20	8003ad2c	8003a2ac
8003ad20	8003add0	8003acec
8003ad20	8003ade4	800866f8
8003ad20	8003ae5c	8003acec
8003ae74	8003ae8c	8003a2ac
8003ae74	8003aec4	8003acb0
8003ae74	8003aee0	8003a7d0
8003ae74	8003aef4	8003a57c
8003ae74	8003af04	8003a7d0
8003ae74	8003af4c	8003a7d0
8003ae74	8003af54	8003a320
8003afd8	8003aff0	8003a2ac
8003afd8	8003b01c	8003a7d0
8003afd8	8003b030	8003a57c
8003afd8	8003b040	8003a7d0
8003afd8	8003b07c	8003a320
8003afd8	8003b084	8003a364
8003b0fc	8003b118	8003a2ac
8003b0fc	8003b140	8003a320
8003b0fc	8003b150	8003a57c
8003b0fc	8003b160	8003a7d0
8003b0fc	8003b174	8003a57c
8003b0fc	8003b188	8003a7d0
8003b0fc	8003b19c	8003a57c
8003b0fc	8003b1ac	8003a7d0
8003b0fc	8003b1c0	8003a57c
8003b0fc	8003b1d0	8003a7d0
8003b0fc	8003b218	8003a7d0
8003b0fc	8003b228	8003acb0
8003b0fc	8003b230	8003a320
8003b0fc	8003b238	8003a320
8003b0fc	8003b240	8003a320
8003b0fc	8003b378	8003acb0
8003b0fc	8003b388	8003acb0
8003b0fc	8003b3ac	8003acb0
8003b0fc	8003b3bc	8003acb0
8003b3e4	8003b3fc	8003a2ac
8003b3e4	8003b42c	80040350
8003b3e4	8003b438	800403d0
8003b3e4	8003b478	80040844
8003b3e4	8003b518	80042c48
8003b3e4	8003b524	80042c1c
8003b3e4	8003b554	80040350
8003b3e4	8003b560	800403d0
8003b3e4	8003b5a8	80040844
8003b3e4	8003b5d0	80042c48
8003b3e4	8003b5dc	80042c1c
8003b3e4	8003b668	80040690
8003b3e4	8003b680	8003a364
8003b708	8003b764	8008f708
8003b708	8003b7bc	80040734
8003b708	8003b848	80040734
8003b708	8003b880	80040748
8003b89c	8003b8f8	8003b708
8003b89c	8003b920	unresolved
8003ba04	8003ba0c	80035fe8
8003baf4	8003bbf8	80082380
8003bcb4	8003bcdc	80014d38
8003bcb4	8003bce4	80013700
8003bcb4	8003bcf4	80168254
8003bd0c	8003bea0	80082380
8003bef4	8003bf1c	80014d38
8003bef4	8003bf24	80013700
8003c010	8003c12c	80082380
8003c1b8	8003c1e0	80014d38
8003c1b8	8003c1e8	80013700
8003c200	8003c3ac	80082380
8003c3c4	8003c3d4	8002ce7c
8003c3c4	8003c404	80014d38
8003c3c4	8003c40c	80013700
8003c424	8003c538	80082380
8003c5c4	8003c6e0	80082380
8003c76c	8003c880	80082380
8003c90c	8003c94c	80014d38
8003c90c	8003c954	80013700
8003c96c	8003ca8c	80082380
8003cae0	8003cb24	80014d38
8003cae0	8003cb2c	80013700
8003cb44	8003cb4c	80040350
8003cb44	8003cb58	800403d0
8003cb44	8003cb98	80040844
8003cb44	8003cbac	80040350
8003cb44	8003cbb8	800403d0
8003cb44	8003cbf4	80042bd8
8003cb44	8003cc08	80042c1c
8003cb44	8003cc20	80042d08
8003cb44	8003cc2c	8004022c
8003cb44	8003cc34	800156f8
8003cc58	8003cc6c	80042d30
8003cc58	8003ccc0	80040734
8003cc58	8003ccd8	80042d08
8003cc58	8003cce4	80040734
8003cc58	8003ccfc	80040734
8003cc58	8003cd20	80035dfc
8003cde4	8003cdfc	80074364
8003cde4	8003ce04	800743f4
8003cde4	8003ce1c	8003cd78
8003d0e0	8003d0f8	8003d084
8003d0e0	8003d124	8003d040
8003d0e0	8003d13c	8003d084
8003d0e0	8003d168	8003d040
8003d194	8003d1b0	8003d084
8003d194	8003d1dc	8003d040
8003d208	8003d224	80035ba0
8003d208	8003d270	8003d0e0
8003d208	8003d278	8003d194
8003d208	8003d2a4	80035ba0
8003d2c0	8003d2dc	8003bf3c
8003d2c0	8003d328	80047430
8003d340	8003d358	8003d084
8003d340	8003d37c	8003d040
8003d340	8003d3a4	8003d084
8003d340	8003d3c8	8003d040
8003d340	8003d3f0	8003d084
8003d340	8003d414	8003d040
8003d484	8003d490	8003d454
8003d500	8003d598	80084978
8003d500	8003d5e0	80084978
8003d638	8003d680	80036184
8003d638	8003d6c0	800399f0
8003dde0	8003de84	80044cf4
8003dde0	8003e06c	unresolved
8003dde0	8003e0b4	80039770
8003dde0	8003e164	800442ec
8003dde0	8003e16c	80044378
8003dde0	8003e1b0	800445f8
8003dde0	8003e238	80045190
8003dde0	8003e294	80044734
8003dde0	8003e2e0	80045190
8003dde0	8003e30c	8003d638
8003dde0	8003e338	80044698
8003dde0	8003e3a0	80045190
8003dde0	8003e3c0	8003d638
8003dde0	8003e3d4	80035ba0
8003dde0	8003e3e8	80035c48
8003dde0	8003e404	800447a0
8003dde0	8003e44c	8003d638
8003dde0	8003e488	80045190
8003dde0	8003e520	8004483c
8003dde0	8003e540	8003d638
8003dde0	8003e598	800448a8
8003e5e4	8003e6a8	8003e5c0
8003e5e4	8003e6b4	8008bc18
8003e5e4	8003e72c	8008ca00
8003e5e4	8003e76c	8003e5c0
8003e5e4	8003e78c	8008c5c0
8003e5e4	8003e7e8	8003d340
8003e5e4	8003e910	8003e5c0
8003e9a8	8003ea80	8003e5c0
8003e9a8	8003ea88	8008bc18
8003e9a8	8003eb48	8008e408
8003e9a8	8003eb70	8008f04c
8003e9a8	8003eb98	8008e2a8
8003e9a8	8003eba8	8008f04c
8003e9a8	8003ec0c	8008e408
8003e9a8	8003ec40	8008ca00
8003e9a8	8003ec5c	80044a54
8003e9a8	8003eca0	80044a00
8003e9a8	8003ed6c	8008bc18
8003e9a8	8003ee00	8008ce88
8003e9a8	8003ee34	8008cd8c
8003e9a8	8003eee0	8008c5c0
8003e9a8	8003ef3c	8003d484
8003e9a8	8003ef8c	8008c5c0
8003e9a8	8003f00c	8003e5c0
8003e9a8	8003f02c	8008c7e0
8003e9a8	8003f11c	8003e5c0
8003e9a8	8003f144	8003e5c0
8003f5c4	8003f5e8	80042ec8
8003f5c4	8003f5f8	800434a8
8003f5c4	8003f644	80043560
8003f5c4	8003f674	80039910
8003f69c	8003f6e8	80040350
8003f69c	8003f6f4	800403d0
8003f69c	8003f72c	80040800
8003f69c	8003f740	80042c48
8003f69c	8003f74c	80042c1c
8003f768	8003f7a0	8003f5c4
8003f768	8003f7d4	800360d8
8003f768	8003f7e0	80040690
8003f768	8003f830	80036184
8003f768	8003f83c	8002e60c
8003f768	8003f860	80039770
8003f768	8003f89c	800399f0
8003f768	8003f8ac	80039770
8003f768	8003f934	8008b7e4
8003f768	8003f93c	8008ea18
8003f768	8003f94c	8003f69c
8003f768	8003f96c	8003f5c4
8003f768	8003f9a4	8008cc70
8003f768	8003f9e4	unresolved
8003f768	8003fa10	8008ea88
8003f768	8003fa18	8008b854
8003fa30	8003fa38	8003f768
8003fa7c	8003faa4	8008f868
8003fa7c	8003fad8	8003fa64
8003faf8	8003fb1c	8003fa7c
8003fb34	8003fb40	8003fa30
8003fb34	8003fb70	80035ba0
8003fb34	8003fb78	8003d2c0
8003fba0	8003fbc0	80035ba0
8003fba0	8003fbc8	8003d208
8003fba0	8003fbe0	8003fa7c
8003fbf8	8003fc50	8003f69c
8003fbf8	8003fc80	80036184
8003fbf8	8003fc94	800399f0
8003fbf8	8003fca8	8003f5c4
8003fbf8	8003fce0	80040204
8003fbf8	8003fd0c	80040204
8003fbf8	8003fd38	8003f5c4
8003fbf8	8003fd6c	800360d8
8003fbf8	8003fd78	80040690
8003fbf8	8003fdb0	8003fa7c
8003fbf8	8003fdc0	8003fa30
8003fbf8	8003fdf4	8003d454
8003fbf8	8003fe34	8003fa7c
8003fbf8	8003fe68	8003f69c
8003fbf8	8003fea0	800361d8
8003fbf8	8003feb4	80039770
8003fbf8	8003feec	8003f5c4
8003fbf8	8003ff14	80039770
8003fbf8	8003ff94	8003f5c4
8003fbf8	8003ffc8	800360d8
8003fbf8	8003ffd4	80040690
8003fffc	80040020	8003fbf8
80040138	80040150	8003d0e0
80040138	8004015c	8003d0e0
80040138	80040178	8003fa7c
800401a4	800401c8	80046e4c
800401a4	800401d0	800474cc
800401a4	800401e4	80012c50
80040204	80040214	80048ae8
8004022c	8004023c	800477a4
80040258	80040264	800478c0
8004027c	80040294	800478c0
800402ac	800402c0	80048ae8
800402d8	800402e4	800457f0
800402fc	80040308	800477a4
80040320	80040328	8004785c
80040320	80040330	8004785c
80040320	80040338	80048354
800405c4	800405e0	80040530
80040690	8004069c	80040530
80040714	8004071c	800406b4
80040800	8004082c	8004078c
800408bc	80040938	unresolved
800408bc	80040a30	800422c0
800408bc	80040a78	80082da8
800408bc	80040b10	800424b8
80040b48	80040b9c	unresolved
80040b48	80040bbc	80042090
80040b48	80040bd8	800418c0
80040c04	80040d58	800422c0
80040c04	80040d94	80082da8
80040c04	80040e70	800424b8
80040f2c	80040f80	unresolved
80040f2c	80040fb4	80040c04
80040fe0	80041024	unresolved
80041048	8004109c	unresolved
80041048	800410e0	unresolved
8004110c	80041190	unresolved
8004110c	800412c8	800421ac
8004110c	800412fc	800424b8
8004110c	8004135c	800424b8
8004139c	80041420	unresolved
8004139c	80041588	800421ac
8004139c	800415bc	800424b8
8004139c	80041634	800424b8
80041674	80041690	800877f8
80041674	800416a0	80087818
80041674	800416b0	80085768
80041674	800416c4	80085768
80041674	800416d0	80085768
80041674	80041704	80087858
80041674	80041710	80087838
80041674	80041720	80041048
800417d0	800417e4	8008f708
800418c0	80041b90	800422c0
800418c0	80041f74	800424b8
80041fbc	80042018	unresolved
80042090	80042194	80041fbc
800421ac	800421d4	80087838
800421ac	800421dc	80087858
800421ac	80042224	80088bd8
800421ac	80042240	80085558
800421ac	80042294	80089c78
800422c0	800422fc	80087838
800422c0	80042304	80087858
800422c0	8004233c	80088bd8
800422c0	80042388	800875f8
800422c0	80042394	80085558
800422c0	800423e8	80089c78
800422c0	80042414	unresolved
800422c0	80042474	80087738
800422c0	80042490	80089c78
800424b8	80042530	80084978
800424b8	80042548	80084af8
800424b8	80042560	80084478
800424b8	80042680	80087b48
800424b8	800427b8	80087b48
800424b8	800427e4	8004d5b8
800424b8	8004283c	80082da8
800424b8	800429ec	80087b48
800424b8	80042a14	800842a8
800424b8	80042acc	800891e8
80042ba4	80042bc0	8004078c
80042bd8	80042c04	80040800
80042c90	80042cb0	unresolved
80042da8	80042db4	80042d30
80042da8	80042dbc	80042d58
80042dd4	80042de0	80042d30
80042dd4	80042de8	80042d58
80042dd4	80042df0	80042d80
80042ef0	80042f20	80040690
80042f38	8004315c	800866f8
80042f38	800431a4	800866f8
80042f38	800431ec	800866f8
80042f38	800432c4	80086628
80042f38	8004330c	80086628
80042f38	80043354	80086628
80042f38	80043440	8004d5b8
800434bc	800434ec	800866f8
80043560	800435a0	80086628
80043560	800435f0	80086628
80043658	800437d0	80082380
80043658	80043830	80082380
800438d4	800439ec	80082380
80043a78	80043aa8	80040350
80043a78	80043ab4	800403d0
80043a78	80043af4	80042bd8
80043a78	80043b08	80042c1c
80043a78	80043b60	80040350
80043a78	80043b6c	800403d0
80043a78	80043bac	80042bd8
80043a78	80043bc0	80042c1c
80043a78	80043c5c	80012c50
80043a78	80043c98	80040690
80043a78	80043ca0	80040690
80043a78	80043ca8	80040690
80043cd4	80043cf8	80012c50
80043d7c	80043d88	8007eea8
80043d7c	80043da8	8007ef48
80043d7c	80043db0	8007ee68
80043dc8	80043e0c	80014d38
80043dc8	80043e1c	80013700
80043dc8	80043e24	80043d7c
80043e3c	80043e6c	80043dc8
80043e3c	80043e74	80047f60
80043e3c	80043e7c	80012c88
80043e3c	80043ea8	80014d38
80043e3c	80043eb0	80013700
80043e3c	80043eb8	8001569c
80043e3c	80043ec0	80040350
80043e3c	80043ecc	800403d0
80043e3c	80043f08	80042bd8
80043e3c	80043f20	80043a78
80043e3c	80043f2c	80043cd4
80043e3c	80043f34	8007e8e8
80043e3c	80043f3c	801680f4
80043e3c	80043f44	80168160
80043e3c	80043f54	8007b53c
80043e3c	80043f5c	80040350
80043e3c	80043f68	800403d0
80043e3c	80043fa4	80042bd8
80043e3c	80043fbc	80043a78
80043e3c	80043fc4	80047f60
80043e3c	80043fcc	80012c88
80043e3c	80043fd4	80043cd4
80043e3c	80043fe8	80043dc8
80043e3c	80043ff0	800159f4
80043e3c	80043ff8	8002cf60
80043e3c	8004402c	80012c50
80043e3c	80044054	80043d7c
80043e3c	8004405c	8006b560
80043e3c	80044064	80013700
80044084	80044094	8002cf60
80044084	8004409c	800158f4
80044084	800440ac	8008f708
80044084	800440b4	80012c50
80044084	800440e0	8002cf60
80044084	800440e8	80035e4c
80044084	80044130	800360d8
80044084	80044168	800155f8
80044084	80044170	800159f4
80044084	8004418c	8002cf60
80044084	80044198	8018001c
80044084	800441a0	800156f8
80044084	800441a8	80180390
80044084	800441c0	80040258
80044084	800441c8	80015a1c
80044084	800441d0	80180e48
80044084	800441d8	8002cf60
80044204	80044218	80073dc8
80044204	80044224	80073dc8
80044204	80044230	80073dc8
80044204	8004423c	80073dc8
8004425c	80044280	80073dc8
8004425c	80044294	80073dc8
8004425c	800442a8	80073dc8
8004425c	800442bc	80073dc8
800442ec	800442f4	8008b368
800442ec	800442fc	8008b3f8
800442ec	80044304	80073e88
800442ec	8004430c	80073d88
80044324	80044338	80073df8
80044324	8004434c	80073db8
80044324	8004435c	80073e08
80044378	800443a8	80073df8
80044378	800443c8	80073da8
80044378	800443ec	80073da8
80044378	80044410	80073da8
80044378	80044434	80073da8
80044378	80044450	80073da8
80044378	8004446c	80073da8
80044378	80044488	80073da8
80044378	800444a4	80073da8
80044378	800444bc	80073dd8
80044378	800444cc	80073e08
800444f4	8004451c	80044204
800444f4	80044524	8008b328
800445ac	800445bc	80044570
800445ac	800445cc	80044204
800445ac	800445d4	8008b2b8
800445f8	80044608	80044570
800445f8	80044620	80044204
800445f8	80044628	8008b2b8
800445f8	80044644	80044204
800445f8	80044650	8008b328
800445f8	80044668	80044204
800445f8	80044670	8008b2c8
80044698	800446c0	80044570
80044698	800446e0	80090408
80044698	800446fc	80044204
80044698	80044704	8008b2b8
80044734	80044754	80044570
80044734	8004476c	80044204
80044734	80044774	8008b2b8
800447a0	800447c8	80044570
800447a0	800447e8	80090408
800447a0	80044804	80044204
800447a0	8004480c	8008b2b8
8004483c	8004485c	80044570
8004483c	80044874	80044204
8004483c	8004487c	8008b2b8
800448a8	800448c8	80044570
800448a8	800448e8	80090408
800448a8	800448f8	80044204
800448a8	80044900	8008b2b8
8004492c	80044964	80090408
8004492c	80044974	80074008
8004492c	800449a0	80073e68
80044a54	80044a84	8008f7f8
80044ac4	80044b60	80044204
80044ac4	80044b6c	8008b2b8
80044ac4	80044bcc	80044204
80044ac4	80044bd8	8008b328
80044ac4	80044c3c	80044204
80044ac4	80044c48	8008b2c8
80044ac4	80044cb0	8004492c
80044ac4	80044cc0	80044a00
80044cf4	80044d3c	8008b308
80044cf4	80044d5c	8008b318
80044cf4	80044da0	80044ac4
80044cf4	80044dd8	80044ac4
80044cf4	80044e08	80044204
80044cf4	80044e10	8008b2f8
80044cf4	80044e34	8008b2e8
80044cf4	80044e50	8008b2d8
80044cf4	80044ea8	80044ac4
80044cf4	80044f14	80073e18
80044cf4	80044f48	80073e28
80044cf4	80044f6c	80044204
80044cf4	80044f94	80073e48
80044cf4	80044fac	80073e38
80044cf4	80044fe4	80073e58
80044cf4	8004504c	80044ac4
80044cf4	800450ac	8004492c
80044cf4	800450c8	80073e58
80044cf4	8004510c	80073e18
80045190	800451a0	80044a54
80045204	8004520c	8004525c
80045204	80045214	8004527c
8004527c	80045324	8007d358
8004534c	800453fc	8004527c
80045414	80045468	8007d358
800454b8	800454e0	800460a4
80045510	80045524	800772b8
800455d0	80045674	800454f8
800455d0	80045684	800460a4
8004569c	800456a8	800456c4
800456c4	8004577c	800469ac
800456c4	8004579c	800460a4
800456c4	800457a4	8004525c
800457f0	800458a4	800469ac
800457f0	800458c4	800460a4
800459d0	80045a24	80047b44
800459d0	80045a64	80014b5c
800459d0	80045ba0	80014b5c
800459d0	80045ba8	80045918
800459d0	80045bec	80045940
800459d0	80045c80	80045940
800459d0	80045cc4	80014b5c
800459d0	80045d5c	80014b5c
800459d0	80045d70	80014b5c
800459d0	80045e98	80014b5c
800459d0	80045f04	80049b54
800459d0	80045f60	8004a0d0
800459d0	80045f6c	8004a3a0
800459d0	80045fa4	8004a140
800459d0	80045ffc	80049ef4
800459d0	80046028	80049f84
80046154	80046328	8004a3a0
80046154	800463e0	8004527c
800463f8	8004640c	8007795c
800463f8	80046478	80077468
800463f8	800464b0	8004a3e0
800463f8	800464dc	8004a0d0
800463f8	80046508	80046154
800463f8	8004652c	800459d0
800463f8	800466a4	800459d0
80046750	8004694c	8004a3e0
80046750	80046978	8004a0d0
80046bd8	80046c0c	80078208
80046c24	80046dbc	80049984
80046c24	80046dc4	80046bd8
80046c24	80046dcc	80045204
80046c24	80046dd4	800493a4
80046c24	80046ddc	80047430
80046ec4	80046f44	800474cc
80046ec4	80046fac	800474cc
80046ec4	80046fc0	80047910
80046ec4	80046fd0	80047c18
80046ec4	80046fe0	800474cc
80046ec4	80047040	800474cc
80046ec4	80047120	80047540
80046ec4	80047150	800474cc
80046ec4	8004723c	800474cc
80047278	80047298	8004527c
80047278	800472bc	8004a3e0
80047278	800472e4	8004a0d0
80047278	80047310	8004a140
80047278	80047334	80049d88
80047278	80047354	80077468
800473e8	800473f0	80048354
800473e8	800473f8	80047acc
800473e8	80047400	80049768
800473e8	80047408	80049ad0
800473e8	80047410	80077328
800473e8	80047418	800760d8
80047430	8004745c	80049a6c
80047430	8004746c	80049a7c
80047430	80047480	8004527c
800474e0	800474fc	80049a34
800474e0	80047504	800463f8
800474e0	80047528	80046ec4
80047540	80047570	800454f8
80047540	800475ac	800460a4
800475d0	80047600	800454f8
800475d0	8004763c	800460a4
80047660	800476a0	800454f8
80047660	800476dc	800460a4
80047708	80047718	80047738
80047708	80047720	80047f60
80047738	80047764	800457f0
80047738	8004778c	800495c8
800477a4	800477b4	800477cc
800477cc	80047804	8004785c
800477cc	80047814	800456c4
800477cc	80047840	800496c0
8004785c	80047868	80047880
80047880	80047890	800455d0
80047880	800478a8	800496c0
800478c0	800478d0	80049598
800478e8	800478f8	80049580
80047910	800479a0	800777a8
80047c18	80047c84	80047660
80047c18	80047cb0	800460a4
80047cf4	80047d64	800779e8
80047d7c	80047e08	80047cf4
80047d7c	80047e3c	80077468
80047d7c	80047e74	80077628
80047d7c	80047e84	80077468
80047d7c	80047e90	80077628
80047d7c	80047eac	80077468
80047d7c	80047ed4	80077468
80047ef8	80047f48	80077468
80047f60	80047fac	80047ef8
80047f60	80047fb4	80047acc
80047f60	80047fd8	80047c18
80047ff8	80048028	80047c18
80048044	80048068	80077468
80048044	80048070	80047acc
80048044	800480ac	80047c18
80048100	8004811c	80077468
80048100	80048124	80077628
80048154	80048164	800480e0
80048154	800481cc	80048100
80048240	8004826c	800469ac
80048240	80048274	800455d0
80048240	80048308	80048100
80048240	8004832c	80077468
80048354	80048368	80077468
80048354	80048378	8007795c
800483c8	80048420	80077468
8004843c	80048460	800781e8
800484cc	8004865c	80077468
800484cc	80048714	800776b8
80048740	800487bc	8004569c
80048740	8004881c	800484cc
80048740	80048838	800483c8
80048740	8004888c	800781e8
80048740	8004892c	800781e8
80048740	80048970	800484cc
80048740	80048a50	800484cc
80048ae8	80048b10	8004569c
80048ae8	80048be0	80048740
80048bf8	80048c30	8004534c
80048bf8	80048cc4	800781e8
80048bf8	80048d70	80047cf4
80048db0	80048dd4	8004527c
80048db0	80048e4c	800781e8
80048db0	80048e88	80047cf4
80048eb8	80048f08	8004534c
80048eb8	80048f9c	800781e8
80048eb8	80049058	80047cf4
80049198	80049248	80049100
80049198	80049250	80047acc
800493a4	800493ac	80076d28
800493a4	800493b4	80076158
800493a4	800493d8	80076378
800493a4	80049478	80049a24
800493a4	80049480	80049a90
800493a4	80049488	800499d4
800494a0	800494d8	8004a0d0
800494a0	8004950c	8004a140
800494a0	80049540	80049d88
800495c8	800495f8	80046750
800495c8	80049600	800494a0
800495c8	80049608	80078588
800495c8	8004965c	80047660
80049690	800496a8	800496c0
800496c0	800496e4	800494a0
800496c0	80049718	800495c8
800496c0	80049738	800460a4
80049768	80049770	80046750
80049768	80049778	800494a0
80049768	80049780	80078588
80049798	800497c4	80049b54
80049824	80049830	800494a0
80049888	80049890	800494a0
80049984	800499ac	800753d8
80049984	800499b4	8004ab68
80049984	800499bc	800498c4
800499d4	800499fc	8004bce4
80049a34	80049a54	8004be70
80049ad0	80049ad8	8004ab68
80049ad0	80049b04	8004bda0
80049ad0	80049b0c	800498c4
80049b24	80049b2c	8004ab68
80049b24	80049b34	800498c4
80049b24	80049b3c	800760d8
80049bec	80049c24	80077748
80049bec	80049c30	800776e8
80049c70	80049cb4	80077748
80049c70	80049ce4	800776e8
80049d4c	80049d68	800777d8
80049db0	80049e14	80077628
80049db0	80049e5c	80077468
80049db0	80049e68	80077628
80049db0	80049ec8	80077468
80049f84	80049fd4	8004cc0c
8004a03c	8004a08c	8004cc0c
8004a0d0	8004a0f0	8004cef0
8004a0d0	8004a0f8	8004a9a8
8004a188	8004a210	800779e8
8004a268	8004a300	800779e8
8004a358	8004a388	8004a788
8004a3a0	8004a3c8	8004a788
8004a3e0	8004a400	8004cf4c
8004a70c	8004a770	800779e8
8004a788	8004a7e8	8004a58c
8004a788	8004a808	8004a70c
8004a8cc	8004a928	8004a84c
8004a8cc	8004a978	8004a444
8004a8cc	8004a990	800779e8
8004a9a8	8004aaa4	8004abf4
8004a9a8	8004aab8	80077468
8004a9a8	8004ab3c	80077468
8004ab68	8004ab70	8004a9a8
8004ab88	8004abdc	800779e8
8004abf4	8004ac38	800779e8
8004ac50	8004aca4	80077468
8004ac50	8004acb0	80077628
8004add0	8004af74	8004ad74
8004af8c	8004afb0	8007795c
8004af8c	8004b000	8004a8cc
8004af8c	8004b0a4	8004ac50
8004af8c	8004b0e4	80077468
8004af8c	8004b0f0	80077628
8004af8c	8004b144	80077468
8004b174	8004b1a8	80076358
8004b174	8004b1b8	80076158
8004b174	8004b1c0	80076d78
8004b174	8004b1d0	80076d28
8004b174	8004b1e4	80076378
8004b174	8004b1ec	80076d78
8004b174	8004b1fc	80076d28
8004b174	8004b204	80076158
8004b174	8004b240	80076378
8004b174	8004b248	80076158
8004b278	8004b3d8	8004ace4
8004b278	8004b404	8004add0
8004b278	8004b5c8	8004a58c
8004b278	8004b630	8004a84c
8004b278	8004b654	8004a444
8004b278	8004b66c	800776b8
8004b278	8004b6dc	80076db8
8004b278	8004b6e4	800770a8
8004b278	8004b718	80076db8
8004b278	8004b720	800770a8
8004b278	8004b75c	80076db8
8004b278	8004b764	800770a8
8004b278	8004b798	80076db8
8004b278	8004b7a0	800770a8
8004b804	8004b880	8004ac50
8004b804	8004b8c4	80077468
8004b804	8004b8cc	80077628
8004b92c	8004ba1c	8004b174
8004b92c	8004ba60	8004a788
8004b92c	8004bb0c	8004a58c
8004b92c	8004bb2c	8004a70c
8004bbc4	8004bc1c	80073f34
8004bbc4	8004bc38	8004cd58
8004bbc4	8004bc7c	8004ccdc
8004bbc4	8004bc84	8004af8c
8004bbc4	8004bca8	unresolved
8004bce4	8004bd04	80073df8
8004bce4	8004bd10	80073f9c
8004bce4	8004bd2c	80073da8
8004bce4	8004bd40	80073dd8
8004bce4	8004bd54	80073e98
8004bce4	8004bd60	80073f6c
8004bce4	8004bd68	80073e08
8004bda0	8004bdb4	80073df8
8004bda0	8004bdc0	80073f9c
8004bda0	8004bdd8	80073de8
8004bda0	8004bdf0	80073db8
8004bda0	8004bdf8	80073e08
8004be20	8004be34	80073df8
8004be20	8004be40	80073f9c
8004be20	8004be48	80073e08
8004be70	8004beb0	8004cd58
8004be70	8004beb8	8004cd58
8004be70	8004bec0	8004cd58
8004be70	8004bec8	8004cd58
8004be70	8004bed0	8004cd58
8004be70	8004bed8	8004cd58
8004be70	8004bee0	8004cd58
8004be70	8004bee8	8004cd58
8004be70	8004bef0	8004cd58
8004be70	8004bef8	8004cd58
8004be70	8004bf00	8004ccdc
8004be70	8004bf08	8004af8c
8004bfc4	8004bfd4	8004bf74
8004bfc4	8004c014	8004bf74
8004c04c	8004c078	8004bf30
8004c0bc	8004c0d0	8004bf74
8004c0bc	8004c0dc	8004bf74
8004c0bc	8004c0e8	8004bf74
8004c0bc	8004c0f4	8004bf74
8004c138	8004c144	8004bf74
8004c138	8004c150	8004bf74
8004c178	8004c1ac	8004c138
8004c178	8004c1d4	8004c0bc
8004c178	8004c298	8004bf74
8004c318	8004c3a0	8004bf74
8004c318	8004c3ac	8004bf74
8004c318	8004c3bc	8004bf74
8004c318	8004c4bc	8004bf74
8004c318	8004c4c4	8004bf74
8004c318	8004c4cc	8004bf74
8004c318	8004c4dc	8004bf74
8004c318	8004c4e4	8004c0bc
8004c318	8004c4f4	8004bf74
8004c318	8004c4fc	8004bf74
8004c318	8004c504	8004bf74
8004c318	8004c514	8004bfc4
8004c318	8004c520	8004c2fc
8004c53c	8004c558	8004bfc4
8004c53c	8004c56c	8004bf74
8004c5a4	8004c60c	8004b804
8004c5a4	8004c628	8004b278
8004c5a4	8004c63c	8004b804
8004c5a4	8004c870	8004b92c
8004c5a4	8004c884	8004bb78
8004c5a4	8004c898	8004bb9c
8004c8b0	8004c8d0	8004bf74
8004c8b0	8004c944	8004bf74
8004c8b0	8004c95c	8004bf74
8004c8b0	8004c974	8004c5a4
8004c8b0	8004c998	8004bf74
8004c8b0	8004c9a4	8004c318
8004c8b0	8004c9b4	8004c53c
8004c8b0	8004c9c4	8004c310
8004c9f0	8004ca04	8004c04c
8004c9f0	8004ca18	8004c0bc
8004cc0c	8004cc2c	8004c178
8004cc0c	8004cc60	8004bfc4
8004cc0c	8004cc98	8004ca58
8004cd58	8004ce20	8004c8b0
8004cd58	8004ce38	8004bfc4
8004cd58	8004ce64	8004ca58
8004d9a4	8004d9d8	8005c310
8004d9a4	8004d9ec	8008f548
8004d9a4	8004da24	8005c0b8
8004d9a4	8004db84	8004f92c
8004dbb4	8004dbdc	8005c304
8004dbb4	8004dc5c	8004e818
8004dbb4	8004dc9c	8005bf24
8004dbb4	8004dcc4	8005bf24
8004dbb4	8004dd70	8005bee0
8004dbb4	8004dd84	8005c0b8
8004dbb4	8004df9c	8004ec04
8004dbb4	8004dfe8	8005bee0
8004dbb4	8004dffc	8005c0b8
8004dbb4	8004e354	8008f708
8004dbb4	8004e35c	8008f708
8004dbb4	8004e3e8	8008f708
8004dbb4	8004e3f0	8008f708
8004dbb4	8004e5d4	800866f8
8004dbb4	8004e5e0	80086628
8004dbb4	8004e614	800866f8
8004dbb4	8004e620	80086628
8004dbb4	8004e70c	8004f080
8004dbb4	8004e790	8004e818
8004dbb4	8004e7b0	8004dbb4
8004dbb4	8004e7d0	8005b5cc
8004dbb4	8004e7e0	8005b0bc
8004e818	8004e870	8004fb40
8004e818	8004e930	8005bee0
8004e818	8004e944	8005c0b8
8004e818	8004e9c8	80086dd8
8004e818	8004ea30	8004ec04
8004e818	8004eab8	80086dd8
8004ec04	8004ed5c	8008f548
8004ec04	8004ef64	8004fbd4
8004f080	8004f098	8005c304
8004f080	8004f0a0	8005c310
8004f080	8004f14c	8005c0b8
8004f1c8	8004f1e0	8005c108
8004f28c	8004f2f8	8005c108
8004f28c	8004f3a0	8004f3c8
8004f3c8	8004f3fc	8005c304
8004f3c8	8004f404	8005c310
8004f3c8	8004f438	8005c0b8
8004f3c8	8004f534	8005b5cc
8004f3c8	8004f53c	8004f080
8004f3c8	8004f544	8005cfc4
8004f5d8	8004f64c	8005c108
8004f5d8	8004f6f8	8004d9a4
8004f724	8004f7a8	8004f92c
8004f7c0	8004f820	8004f92c
8004f838	8004f8ac	8004f92c
8004f92c	8004f99c	8005cfc4
8004f92c	8004f9d4	8004f080
8004f92c	8004fab4	8004e818
8004fb40	8004fb9c	8005c0b8
8004fc2c	8004fdfc	8008a208
8004fc2c	8004fe08	800506e0
8004fc2c	8004fe64	80089f08
8004fc2c	8004fe78	80089f08
8004fc2c	8004fed0	8008a3a8
8004fc2c	8004ff28	80050254
8004fc2c	8004ff3c	8005f530
8004fc2c	8004ff58	80050254
8004fc2c	8004ff6c	8005f7d4
8004fc2c	8004ff80	8005ee7c
8004fc2c	8004ff90	8005db58
8004fc2c	8005009c	8005d4d8
8004fc2c	8005017c	8005d4d8
80050f78	800510b4	80051904
80050f78	800510e0	80085768
80050f78	800510ec	80085768
80050f78	800510f8	80085768
80050f78	8005110c	80085cd8
80050f78	80051118	80085588
80050f78	80051128	80089ba8
80050f78	80051398	80084978
80050f78	80051450	80089ba8
80050f78	80051460	80089ba8
80050f78	80051474	80089ba8
80050f78	80051484	80089ba8
80050f78	80051494	80089ba8
80050f78	800514a4	80089ba8
80050f78	800514b8	80089ba8
80050f78	800514c8	80089ba8
80050f78	800514d8	80089ba8
80050f78	800514e8	80089ba8
80050f78	800514fc	80089ba8
80050f78	8005150c	80089ba8
80050f78	80051580	8005c328
80050f78	80051588	80085558
80050f78	800515a4	800866f8
80050f78	800515b0	80086628
80050f78	80051740	80087a38
80050f78	80051788	80087a38
80050f78	800517f0	800842a8
80050f78	80051820	800842a8
80050f78	80051848	800842a8
80051af4	80051b30	800746b8
80051af4	80051ba0	800746b8
80051af4	80051c3c	8007ffd0
80051c54	80051d10	8005c6d0
80051c54	80051d28	8005c698
80051c54	80051d40	8005c698
80051c54	80051d58	800477a4
80051c54	80051dd4	8004f28c
80051c54	80051de4	8004f1b4
80051c54	80051e04	8004f3c8
80051c54	80051e38	8004f92c
80051c54	80051e68	8005c38c
80051c54	80051e98	8004fb18
80051c54	80051ea8	8005cfc4
80051c54	80051eb0	8004f598
80051c54	80051ec4	8004f5d8
80051c54	80051ed4	8004f724
80051c54	80051f00	8004fb24
80051c54	80051f20	8004f598
80051c54	80051f34	8004f5d8
80051c54	80051f44	8004f724
80051c54	80051f58	8006d3a4
80051c54	80051f94	8006d3a4
80051c54	80051ff0	8005c38c
80051c54	8005200c	8005c698
80051c54	80052024	8005c698
80051c54	80052034	8005ac78
80051c54	80052064	8005c38c
80051c54	8005207c	8005bf24
80051c54	800520b4	8004f598
80051c54	800520c8	8004f5d8
80051c54	800520d8	8004f724
80051c54	80052100	8005c38c
80051c54	80052108	8004fb24
80051c54	8005212c	8004f28c
80051c54	80052178	8005ac78
80051c54	800521a8	8005bf24
80051c54	8005224c	8004f5d8
80051c54	80052260	8004fb18
80051c54	80052278	8005d020
80051c54	8005228c	8005d980
80051c54	8005229c	8005d720
80051c54	800522a4	8005bf24
80051c54	800522ec	80054078
80051c54	80052314	8006c9a8
80051c54	800523bc	8006c9a8
80051c54	800523ec	8004f184
80051c54	80052408	8005d3e8
80051c54	80052434	8004f184
80051c54	80052448	8004f190
80051c54	8005245c	8004f92c
80051c54	8005247c	8005d020
80051c54	800524cc	8006c9a8
80051c54	800524d4	8005d980
80051c54	800524e4	8004fb18
80051c54	80052530	8005d1e4
80051c54	8005254c	8004fb18
80051c54	80052564	8005d020
80051c54	80052578	8005d980
80051c54	80052588	8005d720
80051c54	80052590	8005bf24
80051c54	800525d8	80054078
80051c54	80052654	8004f184
80051c54	80052670	8005d3e8
80051c54	8005269c	8004f184
80051c54	800526b0	8004f190
80051c54	800526c4	8004f92c
80051c54	800526e4	8005d020
80051c54	80052710	8005d980
80051c54	80052720	8004fb18
80051c54	8005275c	8007f520
80051c54	80052824	8005ac78
80051c54	80052838	8004f92c
80051c54	80052840	8005d980
80051c54	80052850	8005d3e8
80051c54	80052898	8005d020
80051c54	800528ec	8005d980
80051c54	8005290c	8005c698
80051c54	80052920	8006f7e0
80051c54	80052984	8006f7e0
80051c54	80052a20	8005d3e8
80051c54	80052a68	8005d020
80051c54	80052a90	8004fb18
80051c54	80052aa4	8004f1c8
80051c54	80052abc	8005d980
80051c54	80052b00	8006f7e0
80051c54	80052b28	8004f724
80051c54	80052b34	8005d118
80051c54	80052b44	8005ac78
80051c54	80052ba0	8004f92c
80051c54	80052bb4	8005d020
80051c54	80052c10	8005d980
80051c54	80052c20	8005bf24
80051c54	80052c58	8005c698
80051c54	80052cbc	8006f7e0
80051c54	80052d1c	8005d980
80051c54	80052d60	8006c9a8
80051c54	80052d88	8005d980
80051c54	80052da8	8005c698
80051c54	80052e28	8005d3e8
80051c54	80052e70	8005d020
80051c54	80052e84	8004fb18
80051c54	80052e94	8005d980
80051c54	80052eb4	8005c698
80051c54	80052f10	8005c38c
80051c54	80052f18	80015820
80051c54	80052f30	8005c38c
80051c54	80052f50	80047acc
80051c54	80052f60	8005d290
80052f80	80052fe0	8005cbf4
80052f80	8005301c	8013b004
80052f80	80053070	8017b004
80052f80	80053084	8005c808
80052f80	8005308c	800155f8
80052f80	8005312c	8005967c
80052f80	8005313c	800599a0
80052f80	80053168	8004f3c8
80052f80	80053178	8005c8d0
80052f80	80053194	8005ac78
80052f80	800531a0	8005c808
80052f80	800531b8	8005c698
80052f80	800531d0	800477a4
80052f80	800531f4	8013b004
80052f80	80053204	8017b004
80052f80	80053220	800474cc
80052f80	80053240	8005c8d0
80052f80	80053264	8004d9a4
80052f80	800532c4	8005c698
80052f80	800532d8	8004fb18
80052f80	80053300	8005c8d0
80052f80	8005332c	8005c8d0
80052f80	80053358	8005c8d0
80052f80	8005338c	8004f3c8
80052f80	800533b8	8005c8d0
80052f80	800533ec	8004f3c8
80052f80	80053418	8005c8d0
80052f80	8005344c	8004f3c8
80052f80	80053478	8005c8d0
80052f80	800534ac	8004f3c8
80052f80	800534ec	8004f3c8
80052f80	80053550	8004d9a4
80052f80	80053590	8004f3c8
80052f80	800535a0	8005c8d0
80052f80	800535e0	8004f3c8
80052f80	800535f0	8005c8d0
80052f80	80053630	8004f3c8
80052f80	80053640	8005c8d0
80052f80	80053678	8005bf24
80052f80	800536a4	8005c808
800536d8	80053760	8008f708
800536d8	800537e0	8005967c
800536d8	800537f0	800599a0
800536d8	800538f8	8005c334
800536d8	80053900	8005cee0
80053924	8005393c	8005cbf4
80053924	800539a4	80014d38
80053924	800539ac	80013700
80053924	800539e0	8005c698
80053924	800539f8	8005c698
80053924	80053a00	80180420
80053924	80053a08	80180004
80053924	80053a18	80049824
80053924	80053a20	800477a4
80053924	80053a7c	8008f708
80053924	80053ab4	8008f708
80053924	80053ae4	8008f708
80053924	80053b8c	800536d8
80053924	80053c90	8005d020
80053924	80053ca8	8005ac78
80053924	80053cb8	800536d8
80053924	80053cf4	8005d020
80053924	80053fac	80049888
80053924	80053fb4	80047acc
80053924	80053fd4	8018019c
80053924	80053ff4	800474cc
80053924	80054028	800474cc
80054078	800540ec	8005ac78
80054078	80054150	8005d020
80054078	80054174	8004f190
80054078	8005419c	8004f190
800541c0	80054274	8005bf24
800541c0	80054328	8005bf24
800541c0	800543ac	80090408
800541c0	800543b4	8007f520
800541c0	800543e4	8005d7b0
800541c0	80054434	800457f0
800541c0	80054464	80048ae8
800544a4	800544e0	800866f8
800544a4	8005450c	80086628
800544a4	800547a4	80086dd8
800544a4	800547d0	80086dd8
800544a4	80054a1c	80086dd8
800544a4	80054b20	8005b0bc
800544a4	80054b60	800544a4
80054b9c	80054bf0	8004fb18
80054b9c	80054c24	8005bf24
80054b9c	80055190	8005bf24
80054b9c	800551c4	8005b5cc
80054b9c	800552fc	8005b0bc
80054b9c	80055304	800557e8
80054b9c	8005532c	8005cfc4
80054b9c	80055350	8004fb24
80054b9c	800555d4	8005bf24
80054b9c	8005560c	8005b5cc
80054b9c	80055614	800557e8
80054b9c	80055634	8005bf24
80054b9c	80055650	8005bf24
8005567c	800557d0	8005b5cc
800557e8	80055824	8004f1c8
800557e8	80055840	8004f1c8
800557e8	80055854	800544a4
800557e8	800558c8	8005567c
800557e8	80055958	8005b5cc
800557e8	800559a0	8005b5cc
800557e8	800559e4	8005b5cc
800557e8	800559ec	8005567c
80055a14	80055aa4	8005d9cc
80055a14	80055b04	8005cbb0
80055a14	80055d34	80050d8c
80055a14	80055d80	8005721c
80055a14	80055dc0	80050d8c
80055a14	80055de8	8005cbb0
80055a14	80055e04	8005bf24
80055e94	80055ec8	8008f548
80055e94	80055f18	8008f548
80055e94	80055f58	8004f184
80055e94	80055f70	8004f19c
80055e94	80056200	8005b0bc
8005622c	80056258	80085748
8005622c	8005629c	8005b5cc
8005622c	800562a4	8008acd8
8005622c	800562d4	80088dd8
8005622c	80056354	80051904
8005622c	8005635c	8004f184
8005622c	80056374	8004f19c
8005622c	8005638c	80055e94
8005622c	80056394	8004faf4
80056540	80056588	8008288c
80056540	80056598	80082380
80056540	800565a8	8008288c
80056540	800565b8	80059294
80056540	800565c0	80059294
80056540	800565c8	80059294
80056540	80056600	8005cbe8
80056620	800566cc	8005cbf4
80056620	800566e0	8007f520
80056620	80056738	8005967c
80056620	80056748	800599a0
80056620	800567cc	8005c334
80056620	800567f0	8005cbf4
80056620	80056804	8007f520
80056620	8005685c	8005967c
80056620	8005686c	800599a0
80056620	800568b8	8005cbf4
80056620	800568cc	8007f520
80056620	80056924	8005967c
80056620	80056934	800599a0
80056620	8005696c	8005cbb0
80056620	800569e8	8008f708
80056620	80056a80	8008f708
80056620	80056c8c	8005c334
80056620	80056f94	8007f520
80056620	80056fe8	8007f520
80056620	8005702c	8007f520
80056620	80057034	8007f520
80056620	8005704c	8007f520
80056620	80057058	8007f520
80056620	800570ac	8007f520
80056620	80057100	8007f520
80056620	80057144	8007f520
80056620	8005714c	8007f520
80056620	8005715c	8007f520
80056620	80057168	8007f520
80056620	8005717c	8007f520
80056620	8005718c	80013700
80056620	80057194	80056540
80056620	800571b8	800563b0
80056620	800571dc	800563b0
80056620	800571e8	800563b0
8005721c	80057324	80085768
8005721c	80057330	80085768
8005721c	8005733c	80085768
8005721c	80057350	80085cd8
8005721c	800573f8	8005bf24
8005721c	80057a0c	800875f8
8005721c	80057a20	8005c334
8005721c	80057a5c	8008f548
8005721c	80057a8c	8008a9b8
8005721c	80057b4c	80085588
8005721c	80057b5c	8008a6e8
8005721c	80057b68	80085558
8005721c	80057b78	8008a0d8
8005721c	80058174	8005c328
8005721c	8005817c	80085558
8005721c	80058188	8005afa4
8005721c	80058474	800879d8
8005721c	80058488	80087928
8005721c	800584b0	8004d5b8
8005721c	8005852c	8005ac78
8005721c	80058560	8005c8d0
8005721c	800585dc	8008288c
8005721c	800585ec	8008246c
8005721c	800585fc	8008288c
8005721c	80058638	8008288c
8005721c	80058648	80082380
8005721c	80058658	8008288c
8005721c	8005867c	8005c808
8005721c	800586c0	8008288c
8005721c	800586d0	8008246c
8005721c	800586e0	8008288c
8005721c	80058700	80068264
8005721c	80058728	8008288c
8005721c	80058738	80082380
8005721c	80058748	8008288c
8005721c	800587d8	8005d644
80058860	800588e4	8005bf24
80058860	8005894c	8005c808
80058860	80058960	800541c0
80058860	80058a6c	8005c8d0
80058860	80058a90	8005ac78
80058860	80058aac	8004f724
80058860	80058ae0	8005bf24
80058860	80058b10	80050d8c
80058b4c	80058be0	8004f1a8
80058b4c	80058bec	8017a004
80058b4c	80058bf4	8004f1a8
80058b4c	80058ca0	8004f1a8
80058b4c	80058cec	8017b004
80058b4c	80058cf4	8004f1a8
80058b4c	80058e00	8004f1a8
80058b4c	80058e0c	8017b004
80058b4c	80058e18	8004f1a8
80058b4c	80058e54	8007f520
80058b4c	80058e68	8007f520
80058b4c	80058ea0	8007f520
80058b4c	80058edc	8005ac78
80058b4c	80058eec	8005bf24
80058b4c	80058fb8	8007f520
80058b4c	80058fd4	8007f520
80058b4c	8005903c	8008f708
80058b4c	80059080	80050d8c
80058b4c	8005909c	8008f708
80058b4c	800590c0	8005ac78
80058b4c	8005911c	80048ae8
80058b4c	80059130	8007f520
80058b4c	80059144	8007f520
80058b4c	80059238	8005ac78
80059294	800592d0	8004d954
80059294	800593ac	8005c23c
800593c8	800593dc	8004fc2c
800593c8	800593ec	800508b0
800593c8	800593f4	80050a68
800593c8	800594e0	8005d5cc
800593c8	800595b8	8005c1e4
800593c8	80059628	8005d570
800593c8	80059660	8005b444
8005967c	80059728	80048354
8005967c	80059730	80013700
8005967c	80059744	8004fc2c
8005967c	800597a8	80014e08
8005967c	80059850	80014e08
8005967c	8005994c	80014e08
800599a0	800599e8	800746b8
800599a0	80059a8c	8004fc2c
800599a0	80059a9c	800508b0
800599a0	80059aac	80050a68
800599a0	80059ba0	8005d5cc
800599a0	80059c68	8005c1e4
800599a0	80059d00	8005d570
800599a0	80059d24	8005b444
800599a0	80059d90	8004f1a8
800599a0	80059dd0	8017a004
800599a0	80059dd8	8004f1a8
800599a0	80059e1c	80050d8c
800599a0	80059e64	80049198
800599a0	80059e90	800746b8
800599a0	80059ea4	8008fa78
80059ef4	8005a068	80082380
80059ef4	8005a134	80082380
80059ef4	8005a5f4	8004d978
80059ef4	8005a648	8005c38c
8005a6c0	8005a828	80082380
8005a6c0	8005a890	80082380
8005a92c	8005aa4c	80082380
8005a92c	8005aae4	80082380
8005a92c	8005ac00	8004d978
8005ac78	8005add4	8004d978
8005ac78	8005ae5c	8005ac78
8005ac78	8005aea0	8005c8d0
8005ac78	8005af58	8004d978
8005b0bc	8005b164	80086dd8
8005b0bc	8005b184	80089928
8005b0bc	8005b19c	80089928
8005b0bc	8005b1f4	80086dd8
8005b258	8005b2c8	8008a428
8005b258	8005b2d0	80085558
8005b258	8005b2e0	80089c48
8005b258	8005b2f8	80088dd8
8005b258	8005b36c	8008f548
8005b258	8005b3f4	80088948
8005b258	8005b400	80088dd8
8005b258	8005b40c	800872f8
8005b444	8005b4cc	8008288c
8005b444	8005b4e0	8008246c
8005b444	8005b4f0	8008288c
8005b444	8005b510	80068264
8005b444	8005b530	8008288c
8005b444	8005b544	80082380
8005b444	8005b554	8008288c
8005b444	8005b5a0	8007ffd0
8005b5cc	8005b6bc	800866f8
8005b5cc	8005b6c8	80086628
8005b5cc	8005b704	800866f8
8005b5cc	8005b710	80086628
8005b7bc	8005b828	80086dd8
8005b7bc	8005b888	80086dd8
8005b7bc	8005b980	80048ae8
8005b7bc	8005b998	80048eb8
8005b9d0	8005bab8	8005bad0
8005bc14	8005bc68	8005c9ec
8005bc14	8005bc7c	80086088
8005bc14	8005bda8	8008288c
8005bc14	8005bdbc	80082380
8005bc14	8005bdfc	8008288c
8005bc14	8005be10	80082380
8005bc14	8005be20	8008288c
8005c1e4	8005c21c	8005721c
8005c334	8005c358	80088fe8
8005c334	8005c368	800875f8
8005c3b4	8005c3e0	8008f548
8005c3b4	8005c488	80088948
8005c3b4	8005c498	80088dd8
8005c3b4	8005c4a4	800872f8
8005c4d8	8005c538	80087158
8005c4d8	8005c554	8008a428
8005c4d8	8005c55c	80085558
8005c4d8	8005c570	800878f8
8005c4d8	8005c578	800871fc
8005c7a4	8005c7f0	8005c808
8005c808	8005c8b8	8005d570
8005c8d0	8005c948	80050d8c
8005c994	8005c9a4	80073c4c
8005c994	8005c9bc	80073c7c
8005c994	8005c9c8	80073c6c
8005c9ec	8005c9f8	8005ca10
8005ca10	8005ca44	80073c4c
8005ca10	8005ca78	80073c7c
8005ca10	8005ca94	80073c7c
8005ca10	8005cabc	80073ca0
8005ca10	8005cad4	80073c6c
8005cb04	8005cb40	8005bc14
8005cb58	8005cb98	8005da94
8005cc00	8005cc80	8005bad0
8005cc98	8005ccb8	8008f548
8005cc98	8005ccd4	8005b258
8005cc98	8005cce0	8008a428
8005cd2c	8005cd34	80056540
8005cd2c	8005cd3c	8005622c
8005cd2c	8005cd5c	8004f3c8
8005cd2c	8005cd74	8005c698
8005cda4	8005cdac	80056540
8005cda4	8005cdb4	8005622c
8005cdec	8005ce00	8008acd8
8005cdec	8005ce18	80051c54
8005cdec	8005ce30	80052f80
8005cdec	8005ce48	80053924
8005cdec	8005ce50	8008acd8
8005cdec	8005ce58	8005721c
8005cdec	8005ce60	8005721c
8005cdec	8005ce68	8005721c
8005cdec	8005ce70	80058b4c
8005cdec	8005ce78	80058b4c
8005cdec	8005ce80	80050f78
8005cdec	8005ce88	80051af4
8005cdec	8005ce90	80055a14
8005cdec	8005ce98	80058860
8005cdec	8005cea0	80058860
8005cdec	8005cea8	80058860
8005cdec	8005ceb0	8004fb18
8005cdec	8005cec0	8004dbb4
8005cdec	8005cec8	80054b9c
8005cee0	8005cf70	8005d644
8005cfc4	8005cfd4	8004f184
8005cfc4	8005cfec	8004f19c
8005cfc4	8005d004	80055e94
8005d020	8005d05c	8004f184
8005d020	8005d074	8004f19c
8005d020	8005d08c	80055e94
8005d0b4	8005d0cc	8004f184
8005d0b4	8005d0e4	8004f19c
8005d118	8005d130	8004f184
8005d118	8005d148	8004f19c
8005d17c	8005d18c	8004f184
8005d17c	8005d1a4	8004f19c
8005d1e4	8005d1f4	8004f184
8005d1e4	8005d20c	8004f19c
8005d238	8005d248	8004f184
8005d238	8005d260	8004f19c
8005d290	8005d2a0	8004f184
8005d290	8005d2b4	8004f19c
8005d2fc	8005d334	8008f548
8005d2fc	8005d3d0	80086dd8
8005d3e8	8005d420	8008f548
8005d3e8	8005d4c0	80086dd8
8005d5cc	8005d62c	8005c334
8005d644	8005d680	80068c10
8005d644	8005d6d8	unresolved
8005d720	8005d760	8004f1b4
8005d7b0	8005d810	80086dd8
8005d7b0	8005d870	80086dd8
8005d9cc	8005da54	8005c628
8005db58	8005db84	8008fa78
8005db58	8005dbbc	80089d60
8005db58	8005dbcc	80089cb8
8005db58	8005dbe0	80089cb8
8005db58	8005dbf4	8005dc2c
8005dc2c	8005dc84	8008fa78
8005dca4	8005de68	8008fa78
8005dca4	8005de70	80090dd8
8005dca4	8005df60	8008fa78
8005dca4	8005df68	80090dd8
8005dca4	8005e06c	8008fa78
8005dca4	8005e074	80090dd8
8005dca4	8005e164	8008fa78
8005dca4	8005e16c	80090dd8
8005dca4	8005e2d8	unresolved
8005e3d8	8005e7d0	80088fe8
8005e860	8005ec6c	80088fe8
8005e860	8005edac	800875f8
8005ee7c	8005f030	8005f06c
8005ee7c	8005f038	unresolved
8005ee7c	8005f040	8007fc64
8005f06c	8005f0ac	8008fa78
8005f0cc	8005f510	8008fa78
8005f530	8005f544	8005f0cc
8005f530	8005f564	80068bb0
8005f57c	8005f7b4	8008fa78
8005f7d4	8005f7e8	8005f57c
8005f7d4	8005f808	80068bb0
80068264	800682d0	80067d88
80068264	8006836c	80067f9c
80068450	80068474	80067f9c
800684b0	80068508	80067d88
800684b0	800685a4	80067f9c
80069d90	80069dec	800852a8
80069d90	80069e3c	8007fde8
80069d90	80069e44	8007fc64
80069d90	80069e4c	800746b8
80069d90	80069e54	80085488
80069d90	80069ea0	8007fde8
80069d90	80069efc	8007fde8
80069d90	80069f04	8007fc64
80069d90	80069f0c	800746b8
80069d90	80069f20	80085488
80069d90	80069f3c	80084ee8
80069d90	80069f50	80085628
80069d90	80069fc4	80090de8
80069d90	80069fd0	80091084
80069d90	80069fdc	800917f8
80069d90	80069ff4	80078758
80069d90	80069ffc	80078808
80069d90	8006a01c	800789d8
80069d90	8006a040	8006ab28
80069d90	8006a048	8006a4d8
8006a07c	8006a090	8007fc64
8006a07c	8006a098	80045414
8006a07c	8006a0ac	80091084
8006a07c	8006a0b4	80078868
8006a07c	8006a0c4	8007ed88
8006a07c	8006a0ec	8006aa64
8006a07c	8006a104	800852a8
8006a07c	8006a180	8007ff10
8006a07c	8006a188	8007fc64
8006a07c	8006a1e4	8007ff10
8006a07c	8006a1ec	8007fc64
8006a07c	8006a214	8007fc64
8006a07c	8006a21c	800746b8
8006a07c	8006a224	80085488
8006a07c	8006a25c	8007ff10
8006a07c	8006a264	8007fc64
8006a07c	8006a28c	8007fc64
8006a07c	8006a294	800746b8
8006a07c	8006a2a8	80085488
8006a07c	8006a2c0	80084ee8
8006a07c	8006a2d4	80085628
8006a07c	8006a330	8007fde8
8006a354	8006a3a0	80045414
8006a354	8006a3b0	80080460
8006a354	8006a454	80090f40
8006a354	8006a4a4	80090fbc
8006a354	8006a4ac	8006a4d8
8006a354	8006a4bc	8006aad0
8006a4d8	8006a514	80078974
8006a4d8	8006a520	800746b8
8006a4d8	8006a534	80078b58
8006a4d8	8006a544	800746b8
8006a4d8	8006a588	8006ab28
8006a4d8	8006a59c	80078788
8006a4d8	8006a628	80078a68
8006a4d8	8006a668	800914a8
8006a4d8	8006a6d8	80078a68
8006a884	8006a900	8007eb98
8006a884	8006a908	8007eca8
8006a884	8006a93c	80069d90
8006a960	8006a98c	8006a9ec
8006a960	8006a99c	8007eca8
8006a960	8006a9c8	80069d90
8006a9ec	8006a9fc	8007d988
8006aa2c	8006aa34	8006a354
8006aa2c	8006aa48	8006a07c
8006aa64	8006aa7c	8008098c
8006aa64	8006aa84	8008288c
8006aa64	8006aa98	80082558
8006aad0	8006aaf0	80090de8
8006ab28	8006ab40	8007ed88
8006ab28	8006ab58	8007ed88
8006ab28	8006ab6c	8007d888
8006ab9c	8006acac	80084978
8006ab9c	8006adc0	80035ce8
8006ab9c	8006ade4	80035ce8
8006ab9c	8006ae14	80084978
8006ab9c	8006ae58	80084978
8006aed4	8006afe0	80036184
8006aed4	8006b030	800399f0
8006b080	8006b0e4	80040350
8006b080	8006b0f0	800403d0
8006b080	8006b124	80042c48
8006b170	8006b1ac	80036184
8006b170	8006b1c0	800399f0
8006b170	8006b1c8	80040350
8006b170	8006b1d4	800403d0
8006b170	8006b21c	80040800
8006b170	8006b230	80042c48
8006b170	8006b23c	80042c1c
8006b260	8006b2ac	80036184
8006b260	8006b2c0	800399f0
8006b260	8006b2c8	80040350
8006b260	8006b2d4	800403d0
8006b260	8006b310	80040800
8006b260	8006b324	80042c48
8006b260	8006b330	80042c1c
8006b350	8006b4d0	80082380
8006b560	8006b59c	80014d38
8006b5b4	8006b5f8	8008f548
8006b5b4	8006b610	8008f548
8006b5b4	8006b644	8005bed4
8006b5b4	8006b64c	8005bf24
8006b5b4	8006b674	8005bed4
8006b5b4	8006b680	8005afa4
8006b5b4	8006b784	8006c928
8006b5b4	8006b8f8	8006c2d0
8006b5b4	8006b920	8006c74c
8006b5b4	8006b954	8005c018
8006b5b4	8006b95c	8005c328
8006b5b4	8006b9a4	80087158
8006b5b4	8006b9ac	80082e48
8006b5b4	8006b9b4	80082ec8
8006b5b4	8006b9e8	80085558
8006b5b4	8006b9f0	8005bed4
8006b5b4	8006b9fc	8005c0b8
8006b5b4	8006ba04	80085558
8006b5b4	8006ba14	800878f8
8006b5b4	8006ba24	80087cb8
8006b5b4	8006ba30	80087408
8006b5b4	8006ba3c	800875f8
8006b5b4	8006ba44	80085558
8006b5b4	8006ba80	80087ab8
8006b5b4	8006bfd0	8004d5b8
8006b5b4	8006c1a4	80087ab8
8006b5b4	8006c1f8	80083f38
8006b5b4	8006c218	80083f38
8006b5b4	8006c238	80083f38
8006b5b4	8006c254	800871fc
8006c2d0	8006c52c	8006c2d0
8006c2d0	8006c548	8006c2d0
8006c2d0	8006c560	8006c2d0
8006c2d0	8006c578	8006c2d0
8006c74c	8006c790	8006c938
8006c74c	8006c7a0	8006c938
8006c74c	8006c7b0	8006c938
8006c74c	8006c7c4	8006c95c
8006c74c	8006c7d8	8006c95c
8006c74c	8006c7ec	8006c95c
8006c74c	8006c80c	8006c74c
8006c74c	8006c824	8006c74c
8006c74c	8006c83c	8006c74c
8006c74c	8006c854	8006c74c
8006c74c	8006c868	8006c938
8006c74c	8006c874	8006c938
8006c74c	8006c880	8006c938
8006c74c	8006c88c	8006c938
8006c74c	8006c898	8006c938
8006c74c	8006c8a4	8006c938
8006c74c	8006c8b0	8006c938
8006c74c	8006c8bc	8006c938
8006c74c	8006c8c8	8006c938
8006c74c	8006c8d4	8006c938
8006c74c	8006c8e0	8006c938
8006c74c	8006c8ec	8006c938
8006c9a8	8006c9e8	8008f548
8006c9a8	8006c9fc	8008f548
8006c9a8	8006ca30	8005bed4
8006c9a8	8006ca38	8005bf24
8006c9a8	8006ca5c	8005bed4
8006c9a8	8006ca68	8005afa4
8006c9a8	8006cb44	800868a8
8006c9a8	8006cb68	80086b38
8006c9a8	8006cb8c	80086b38
8006c9a8	8006cbf0	800868a8
8006c9a8	8006cc14	80086b38
8006c9a8	8006cc38	80086b38
8006c9a8	8006cd4c	8005c018
8006c9a8	8006cd58	80082e48
8006c9a8	8006cd60	80082ec8
8006c9a8	8006cd68	80087158
8006c9a8	8006cd70	8005c328
8006c9a8	8006cdbc	80085558
8006c9a8	8006cddc	80086b38
8006c9a8	8006ce3c	8005bed4
8006c9a8	8006ce48	8005c0b8
8006c9a8	8006ce50	80085558
8006c9a8	8006ce60	800878f8
8006c9a8	8006ce70	80087cb8
8006c9a8	8006ce7c	800875f8
8006c9a8	8006ce84	80085558
8006c9a8	8006d220	80087c48
8006c9a8	8006d280	80089bf8
8006c9a8	8006d2c4	8004d5b8
8006c9a8	8006d2e8	800871fc
8006d3a4	8006d3e4	8008f548
8006d3a4	8006d3f8	8008f548
8006d3a4	8006d42c	8005bed4
8006d3a4	8006d4e4	8005afa4
8006d3a4	8006d504	800868a8
8006d3a4	8006d558	80086b38
8006d3a4	8006d6cc	8008f708
8006d3a4	8006d6d4	8008f708
8006d3a4	8006d6f4	8008f708
8006d3a4	8006d6fc	8008f708
8006d3a4	8006d78c	8008f708
8006d3a4	8006d7f0	8008f708
8006d3a4	8006d844	800868a8
8006d3a4	8006d874	80086b38
8006d3a4	8006d8e8	800868a8
8006d3a4	8006d908	80086b38
8006d3a4	8006d920	8008f708
8006d3a4	8006d974	8008f708
8006d3a4	8006d97c	8008f708
8006d3a4	8006d9bc	8008f708
8006d3a4	8006d9c4	8008f708
8006d3a4	8006da04	8008f708
8006d3a4	8006da0c	8008f708
8006d3a4	8006da78	8008f708
8006d3a4	8006da80	8008f708
8006d3a4	8006dac4	8008f708
8006d3a4	8006dacc	8008f708
8006d3a4	8006db0c	8008f708
8006d3a4	8006db14	8008f708
8006d3a4	8006db54	8008f708
8006d3a4	8006dbac	8005c0b8
8006d3a4	8006dbf0	80048ae8
8006d3a4	8006dc00	8005c018
8006d3a4	8006dc08	8005bf24
8006d3a4	8006dc10	8005cbf4
8006d3a4	8006dc18	80087158
8006d3a4	8006dc20	8005c328
8006d3a4	8006dc6c	8005c0b8
8006d3a4	8006dcc8	80085558
8006d3a4	8006dcd8	800878f8
8006d3a4	8006dce8	80087cb8
8006d3a4	8006dcf4	80087408
8006d3a4	8006dd00	800875f8
8006d3a4	8006dd08	80085558
8006d3a4	8006e0d0	80087a38
8006d3a4	8006e110	8004d5b8
8006d3a4	8006e584	80087a38
8006d3a4	8006e5b4	8004d5b8
8006d3a4	8006e820	80085558
8006d3a4	8006e830	800878f8
8006d3a4	8006e840	80087cb8
8006d3a4	8006e84c	800875f8
8006d3a4	8006e854	80085558
8006d3a4	8006ea30	80087a38
8006d3a4	8006ea5c	8004d5b8
8006d3a4	8006ec4c	80085558
8006d3a4	8006ec5c	800878f8
8006d3a4	8006ec68	80087cb8
8006d3a4	8006ec74	800875f8
8006d3a4	8006ec7c	80085558
8006d3a4	8006ed20	80087a38
8006d3a4	8006ed4c	8004d5b8
8006d3a4	8006efa0	80048ae8
8006d3a4	8006f05c	80085558
8006d3a4	8006f06c	800878f8
8006d3a4	8006f07c	80087cb8
8006d3a4	8006f088	800875f8
8006d3a4	8006f090	80085558
8006d3a4	8006f198	80087a38
8006d3a4	8006f1c4	8004d5b8
8006d3a4	8006f24c	80087a38
8006d3a4	8006f278	8004d5b8
8006d3a4	8006f3a4	80087a38
8006d3a4	8006f3d0	8004d5b8
8006d3a4	8006f590	80087a38
8006d3a4	8006f5bc	8004d5b8
8006d3a4	8006f6e8	8005c698
8006d3a4	8006f738	800871fc
8006f7e0	8006f820	8008f548
8006f7e0	8006f834	8008f548
8006f7e0	8006f868	8005bed4
8006f7e0	8006f8a0	8008f708
8006f7e0	8006f8a8	8008f708
8006f7e0	8006f8ec	8008f708
8006f7e0	8006f8f4	8008f708
8006f7e0	8006f958	8008f708
8006f7e0	8006f960	8008f708
8006f7e0	8006f9a4	8008f708
8006f7e0	8006f9e0	8008f708
8006f7e0	8006f9e8	8008f708
8006f7e0	8006fa60	8008f708
8006f7e0	8006fa68	8008f708
8006f7e0	8006faac	8008f708
8006f7e0	8006fab4	8008f708
8006f7e0	8006faf4	8008f708
8006f7e0	8006fafc	8008f708
8006f7e0	8006fb40	8008f708
8006f7e0	8006fb80	8008f708
8006f7e0	8006fb88	8008f708
8006f7e0	8006fbc8	8008f708
8006f7e0	8006fc30	8005c018
8006f7e0	8006fc38	8005bf24
8006f7e0	8006fc40	8005cbf4
8006f7e0	8006fc48	80087158
8006f7e0	8006fc50	8005c328
8006f7e0	8006fc9c	8005c0b8
8006f7e0	8006fcac	80085558
8006f7e0	8006fcbc	800878f8
8006f7e0	8006fccc	80087cb8
8006f7e0	8006fcd8	800875f8
8006f7e0	8006fce0	80085558
8006f7e0	8006ffa8	80087a38
8006f7e0	8006ffd4	8004d5b8
8006f7e0	800700d8	80087a38
8006f7e0	80070104	8004d5b8
8006f7e0	80070284	8008f708
8006f7e0	8007028c	8008f708
8006f7e0	800702d4	8008f708
8006f7e0	800702dc	8008f708
8006f7e0	80070544	80087a38
8006f7e0	80070570	8004d5b8
8006f7e0	80070618	8008f708
8006f7e0	80070620	8008f708
8006f7e0	80070660	8008f708
8006f7e0	8007069c	8008f708
8006f7e0	800706a4	8008f708
8006f7e0	8007074c	80048ae8
8006f7e0	800707c0	8005c698
8006f7e0	80070850	8005c698
8006f7e0	80070a20	80087a38
8006f7e0	80070a4c	8004d5b8
8006f7e0	80070b3c	800871fc
80070c04	80070c28	8008f4d8
80070c04	80070c38	8008f4d8
80070c04	80070c48	8008f4d8
80070c7c	80070cbc	80070bb8
80070c7c	80070cd4	unresolved
80070c7c	80070d04	800746b8
80070d64	80070db0	80070d3c
80070df0	80070e4c	80070d3c
80070f4c	80070f6c	80070e9c
80070f4c	80070f88	80070ef0
80070fb4	80070fbc	80070bd8
80070fec	80070ff8	80070bb8
80070fec	80071000	80070bb8
80070fec	80071008	80070bd8
8007106c	80071078	80070bb8
8007106c	80071080	80070bb8
8007106c	80071088	80070bd8
800710ec	800710f8	80070bb8
800710ec	80071100	80070bb8
800710ec	80071108	80070bd8
80071168	80071174	80070bb8
80071168	8007117c	80070bb8
80071168	80071184	80070bd8
800711e4	800711f4	80070bb8
800711e4	800711fc	80070bb8
800711e4	80071204	80070bb8
800711e4	8007120c	80070bd8
8007128c	800712a0	80070bb8
8007128c	800712b4	80070bd8
8007128c	800712bc	8008f708
8007132c	80071334	80070bd8
80071480	8007148c	80070bb8
80071480	80071494	80070bb8
80071480	8007149c	80070bb8
800714e8	80071504	80070bb8
800714e8	80071518	80070bb8
800714e8	8007152c	80070bb8
800714e8	80071540	80070bb8
800715d4	800715ec	80070bb8
800715d4	80071600	80070bb8
800715d4	80071614	80070bb8
800715d4	80071694	8002cdc8
800715d4	800716a4	8002cdc8
800715d4	800716c8	8002cdc8
8007175c	80071770	80070bb8
8007175c	80071784	80070bb8
8007175c	800717c0	8002cdc8
8007175c	800717d0	8002cdc8
80071810	80071824	80070bb8
80071810	80071838	80070bb8
8007187c	80071890	80070bb8
8007187c	800718a4	80070bb8
800718e8	800718f8	80070bb8
800718e8	8007190c	80070bb8
80071980	80071994	80070bb8
80071980	800719a8	80070bb8
800719ec	800719f4	80070bb8
80071a28	80071a30	80070bb8
80071a64	80071a6c	80070bb8
80071ad8	80071ae0	80070bb8
80071b14	80071b28	80070bb8
80071b14	80071b3c	80070bb8
80071b8c	80071b94	80070bb8
80071c14	80071c1c	80070bb8
80071c50	80071c58	80070bb8
80071c8c	80071c94	80070bb8
80071cc8	80071cf8	80070bb8
80071cc8	80071d0c	80070bb8
80071cc8	80071d20	80070bb8
80071cc8	80071d34	80070bb8
80071cc8	80071d48	80070bb8
80071cc8	80071d5c	80070d64
80071cc8	80071e38	80070f4c
80071eec	80071f1c	80070bb8
80071eec	80071f30	80070bb8
80071eec	80071f44	80070bb8
80071eec	80071f58	80070bb8
80071eec	80071f6c	80070bb8
80071eec	80071f80	80070d64
80071eec	8007205c	80070f4c
8007212c	80072158	80070bb8
8007212c	8007216c	80070bb8
8007212c	80072180	80070bb8
8007212c	800721f8	8002cd54
80072278	80072288	80070bb8
80072278	8007229c	80070bb8
80072480	80072498	80070bb8
80072480	800724ac	80070bb8
80072480	800724c0	80070df0
80072590	800725a8	80070bb8
80072590	800725bc	80070bb8
80072590	800725d0	80070bb8
80072590	800725e4	80070df0
80072714	80072730	80070bb8
80072714	80072744	80070bb8
80072714	80072758	80070bb8
80072714	8007276c	80070bb8
80072714	80072780	80070df0
80072894	800728c0	80070bb8
80072894	800728d4	80070bb8
80072894	800728e8	80070bb8
80072894	800728fc	80070bb8
80072894	80072910	80070bb8
80072894	80072924	80070df0
80072894	800729dc	80070f4c
80072a64	80072a8c	80070bb8
80072a64	80072aa0	80070bb8
80072a64	80072ab4	80070bb8
80072a64	80072ac8	80070bb8
80072a64	80072b14	80070f4c
80072a64	80072b28	80019998
80072b8c	80072ba4	80070bb8
80072b8c	80072bb8	80070bb8
80072b8c	80072bc8	8002c9bc
80072c08	80072c10	80070bb8
80072cbc	80072cd0	80070bb8
80072cbc	80072ce4	80070bb8
80072d88	80072e08	80070f4c
80072d88	80072e18	800199f0
80072d88	80072e30	80019998
80072d88	80072e50	8002cdc8
80072d88	80072e6c	8002cdc8
80072d88	80072e9c	8002cdc8
80072d88	80072eec	8002cdc8
80072d88	80072f08	8002cdc8
80072d88	80072f38	8002cdc8
80072d88	80072fac	80072d88
80073010	80073040	80070bb8
80073010	80073054	80070bb8
80073010	80073068	80070bb8
80073010	80073070	80070d3c
80073010	800730e8	80070f4c
80073010	80073190	80072d88
80073010	800731fc	80070f4c
80073010	800732a4	80072d88
80073388	800733a4	80070bb8
80073388	800733b8	80070bb8
80073388	800733cc	80070bb8
80073388	800733e0	80070bb8
80073388	800733e8	80070d3c
80073388	8007343c	8002cdc8
80073388	8007344c	8002cdc8
80073388	80073470	8002cdc8
80073388	80073480	80072d88
800734f4	80073514	80070bb8
800734f4	80073528	80070bb8
800734f4	8007353c	80070bb8
800734f4	80073550	80070bb8
800734f4	80073564	80070bb8
800735b8	800735c8	80070bb8
800735f4	80073624	80070bb8
800735f4	80073638	80070bb8
800735f4	800736d8	8002cd54
80073878	80073888	80070bb8
80073910	80073920	80070bb8
800739e8	800739f8	80070bb8
80073a44	80073a5c	80070bb8
80073a44	80073a70	80070bb8
80073a44	80073a84	80070bb8
80073b08	80073b10	80070bd8
80073b08	80073b18	80070bb8
80073b44	80073b4c	80070bb8
80073b44	80073b54	80070bb8
80073b8c	80073b98	80070bb8
80073b8c	80073ba0	80070bb8
80073b8c	80073ba8	80070bb8
80073bf4	80073bfc	80070bb8
80073c2c	80073c34	80070bb8
80073ca0	80073cfc	80073d60
80074008	800740b4	8008f7f8
80074008	8007415c	8008f7f8
80074008	80074180	800742a8
800741a4	8007423c	8008f7f8
800741a4	80074278	unresolved
800742d4	800742f8	80074648
800742d4	80074300	80073df8
800742d4	80074308	800745c0
800742d4	80074310	80073e08
800742d4	80074318	80073e88
800742d4	80074320	80074424
800742d4	80074334	80074568
80074364	80074388	80074648
80074364	80074390	80073df8
80074364	80074398	800745c0
80074364	800743a0	80073e08
80074364	800743a8	80073e88
80074364	800743b0	80074424
80074364	800743c4	80074548
800743f4	800743fc	80074558
800743f4	80074404	80073e88
800743f4	8007440c	80074598
80074424	8007442c	80073df8
80074424	8007446c	80074588
80074424	80074478	80074578
80074424	80074480	80073e08
800745c0	800745c8	80073df8
800745c0	800745d8	000000b0
800745c0	80074614	80074638
80074648	80074650	80073df8
80074648	80074660	000000b0
80074648	8007468c	80074638
80074648	80074694	80073e08
800746b8	80074768	80074830
800746b8	8007478c	80074830
80074830	8007487c	80090cf8
80074830	80074884	80073e88
80074830	80074890	800748c8
800748d8	800748f0	80074a6c
80074908	80074920	80074d14
80074938	80074950	unresolved
80074968	80074984	unresolved
8007499c	800749b4	unresolved
800749cc	800749e4	80074e5c
800749fc	80074a14	80074efc
80074a6c	80074ac4	80074f74
80074a6c	80074acc	80090d58
80074a6c	80074adc	80074b44
80074a6c	80074af4	80074fd8
80074a6c	80074b00	80074fe8
80074a6c	80074b10	80075108
80074a6c	80074b20	80074fa0
80074a6c	80074b28	80073e08
80074b44	80074b8c	8008fa78
80074b44	80074b94	80074fb8
80074b44	80074c18	unresolved
80074b44	80074cc0	8008fa78
80074b44	80074cec	80074fb8
80074d14	80074dd0	80073e88
80074d14	80074ddc	800748c8
80074d14	80074df4	800748c8
80074d14	80074e0c	800748c8
80074d14	80074e20	800748c8
80074e5c	80074e80	80073df8
80074e5c	80074edc	80074fc8
80074efc	80074f20	80074fd8
80074efc	80074f50	80073e08
80074fe8	80075010	800750d8
80074fe8	80075020	80074908
80075040	80075080	unresolved
80075108	80075118	80075380
80075108	80075134	80074908
80075154	800751f4	unresolved
80075154	80075274	8008fa78
80075154	8007529c	8008fa78
800753d8	800753e0	800753f8
800753f8	80075404	800748d8
800753f8	8007540c	80075558
800753f8	80075438	800754e0
800753f8	80075480	80075e64
800754e0	800754fc	80073df8
800754e0	80075508	800760a8
800754e0	80075520	80073da8
800754e0	80075530	80073dd8
800754e0	80075538	80073e08
80075558	800755ac	80076030
80075558	800755f8	8008fa78
80075558	800756e8	800757d8
80075558	80075744	80076030
80075558	8007574c	80076030
80075558	80075754	80076030
80075558	8007575c	80076030
80075558	80075774	80076030
80075558	8007577c	80076030
80075558	80075784	80076030
80075558	8007578c	80076030
800757d8	80075810	80076030
800757d8	80075874	80076030
800757d8	800758b8	8008fa78
800757d8	800758e8	80076030
800757d8	800758f0	80076030
800757d8	8007594c	8008fa78
80075998	800759ac	80076030
80075998	80075a28	unresolved
80075998	80075a3c	80076098
80075a54	80075a74	80076030
80075a54	80075a98	80076030
80075a54	80075aa0	80076008
80075afc	80075cc8	80076008
80075afc	80075cd8	80075fe0
80075d7c	80075db4	80075afc
80075d7c	80075dbc	80075afc
80075d7c	80075dcc	80075afc
80075d7c	80075de0	800757d8
80075e00	80075e2c	80075afc
80075e00	80075e34	80075afc
80075e00	80075e44	80075afc
800760a8	800760b4	80074938
800760d8	800760f4	80073df8
800760d8	8007610c	800760a8
800760d8	8007611c	80073db8
800760d8	8007612c	80073de8
800760d8	80076134	80073e08
80076158	800761d8	800762c8
80076378	80076414	800762c8
80076378	800767b4	80076858
80076378	800767d4	80077108
80076378	800767ec	80075e64
80076d28	80076d3c	800762c8
80076d78	80076d90	800762c8
80076db8	80076dc4	80076de8
800770a8	800770b4	800770d8
80077108	80077150	800762c8
80077108	80077208	80075afc
80077108	80077210	80075afc
80077108	80077224	80075afc
80077108	80077238	800772a8
800772b8	800772f4	80075a54
80077328	8007741c	8008fa78
800776b8	800776c4	800779e8
800776b8	800776d0	80077468
800776e8	80077710	80075d7c
80077748	80077768	80075ea8
800777d8	80077820	80073dc8
800777d8	80077840	80073dc8
800779e8	80077aa4	80077fe8
800779e8	80077c94	80075ea8
800779e8	80077cb4	80075ea8
80078588	800785d4	800762c8
80078588	800786e8	80076858
80078588	800786f8	80077108
80078588	8007870c	80075e64
80078758	8007876c	80078808
80078808	80078838	80078b18
80078868	80078870	80073df8
80078868	8007888c	8007ee38
80078868	80078894	8007edf8
80078868	800788a4	8007adf8
80078868	800788ac	8007add8
80078868	800788d0	80073e08
800788e8	80078954	unresolved
80078974	80078994	80078788
80078974	800789a0	8007aca8
800789d8	800789f8	80078c18
80078c38	80078cbc	8007adb8
80078c38	80078e5c	80079554
80078c38	80078e88	80079580
80078c38	8007905c	80078b18
80078c38	80079128	80078b18
80078c38	80079164	unresolved
80078c38	80079208	unresolved
80078c38	80079404	80079554
80078c38	80079444	80079580
80078c38	800794a0	80079554
80078c38	800794e0	80079580
80078c38	8007953c	800788e8
80079580	80079630	8008fa78
80079728	80079908	8008fa78
80079728	80079954	8008fa78
80079728	80079c5c	80090cf8
80079728	80079c6c	8008fa78
80079c8c	80079cc0	800746b8
80079c8c	80079d0c	800746b8
80079c8c	80079d5c	80090cf8
80079c8c	80079da8	8008fa78
80079c8c	80079db0	8007a668
80079c8c	80079dcc	80074a2c
80079c8c	80079df4	80079728
80079c8c	80079e2c	unresolved
80079c8c	80079e5c	unresolved
80079f0c	80079f40	800746b8
80079f0c	80079f8c	800746b8
80079f0c	80079fdc	80090cf8
80079f0c	8007a028	8008fa78
80079f0c	8007a030	8007a668
80079f0c	8007a04c	80074a2c
80079f0c	8007a074	80079728
80079f0c	8007a0ac	unresolved
80079f0c	8007a0dc	unresolved
8007a1d4	8007a230	8008fa78
8007a1d4	8007a284	8008fa78
8007a1d4	8007a294	80079c8c
8007a1d4	8007a390	800746b8
8007a1d4	8007a3e8	800746b8
8007a1d4	8007a438	80090cf8
8007a1d4	8007a484	8008fa78
8007a1d4	8007a48c	8007a668
8007a1d4	8007a4a8	80074a2c
8007a1d4	8007a4d0	80079728
8007a1d4	8007a508	unresolved
8007a1d4	8007a538	unresolved
8007a82c	8007a850	800748d8
8007a82c	8007a860	80074908
8007a878	8007a888	80090cf8
8007a878	8007a89c	8008fa78
8007a878	8007a8d0	800748d8
8007a878	8007a8e0	80074908
8007a878	8007a9bc	8007a1d4
8007a878	8007a9e4	8007a1d4
8007a878	8007a9f8	8007a1d4
8007a878	8007aa14	8007a1d4
8007a878	8007aa24	80079c8c
8007aa58	8007aa78	800746b8
8007aa58	8007aac0	800746b8
8007aa58	8007ab08	80090cf8
8007aa58	8007ab54	8008fa78
8007aa58	8007ab5c	8007a668
8007abcc	8007ac00	80079728
8007abcc	8007ac38	unresolved
8007abcc	8007ac68	unresolved
8007adb8	8007adc0	80079f0c
8007adf8	8007ae04	80074938
8007afa4	8007afd0	80074a54
8007afa4	8007affc	80074a54
8007b02c	8007b0d0	8007b4b0
8007b02c	8007b1d8	unresolved
8007b21c	8007b224	8007c484
8007b21c	8007b270	8007c3d8
8007b28c	8007b2f0	8007d304
8007b28c	8007b35c	8007b4b0
8007b28c	8007b3cc	8007b4b0
8007b28c	8007b3e4	unresolved
8007b28c	8007b3ec	8007ae58
8007b28c	8007b408	unresolved
8007b28c	8007b410	8007c484
8007b28c	8007b440	8007c484
8007b28c	8007b488	8007c3d8
8007b4b0	8007b504	8007d304
8007b53c	8007b548	8007d2ac
8007b53c	8007b5cc	8007ae28
8007b53c	8007b620	8007c218
8007b53c	8007b62c	8007c460
8007b53c	8007b638	8007c46c
8007b53c	8007b644	8007c478
8007b53c	8007b650	8007c454
8007b53c	8007b658	8007e830
8007b53c	8007b660	8007e3d0
8007b680	8007b68c	8007d224
8007b680	8007b708	8007ae28
8007b680	8007b75c	8007e830
8007b680	8007b764	8007e3d0
8007b680	8007b76c	8007d29c
8007b78c	8007b824	8007afa4
8007b78c	8007b848	8007d2bc
8007b78c	8007b864	80074a54
8007b78c	8007b884	80074a54
8007b78c	8007b88c	8007c484
8007b78c	8007b8d0	8007b21c
8007b78c	8007b924	8007afa4
8007b78c	8007b944	8007d2bc
8007b78c	8007b960	80074a54
8007b78c	8007b980	80074a54
8007b78c	8007b988	8007c484
8007b78c	8007b9cc	8007b21c
8007ba00	8007ba1c	8007ba34
8007ba34	8007bad0	8007eca8
8007ba34	8007bba8	8007afa4
8007ba34	8007bbe0	8007d2bc
8007ba34	8007bc0c	80074a54
8007ba34	8007bc2c	80074a54
8007ba34	8007bcb8	8007afa4
8007ba34	8007bcf0	8007d2bc
8007ba34	8007bd1c	80074a54
8007ba34	8007bd3c	80074a54
8007ba34	8007bd50	8007c484
8007ba34	8007bd94	8007b21c
8007bdd4	8007bdf0	8007e888
8007bdd4	8007bf98	8007d304
8007bfc4	8007bfd4	8007e8b8
8007bfc4	8007c03c	8007d304
8007c068	8007c078	8007c484
8007c068	8007c0a8	8007c484
8007c068	8007c0f0	8007c3d8
8007c10c	8007c144	8007b02c
8007c10c	8007c1a8	8007d304
8007c10c	8007c1c4	unresolved
8007c1e0	8007c1f4	unresolved
8007c218	8007c220	8007a878
8007c218	8007c228	8007a73c
8007c218	8007c24c	8007c2b8
8007c218	8007c25c	8007d868
8007c218	8007c28c	8007499c
8007c2b8	8007c344	8007eb98
8007c398	8007c3a4	8007a668
8007c398	8007c3c0	8007499c
8007c3d8	8007c430	8007c548
8007c508	8007c530	8007c548
8007c548	8007c560	8007a668
8007c548	8007c580	8007d2bc
8007c548	8007c6d0	8007a1d4
8007c720	8007c74c	8007c9f0
8007c720	8007c7ec	8007c548
8007c720	8007c81c	8007c548
8007c720	8007c944	8007c548
8007c720	8007c980	unresolved
8007c720	8007c9d8	8007c548
8007c9f0	8007c9f8	8007a668
8007c9f0	8007ca60	8007a1d4
8007ca78	8007ca98	8007d174
8007ca78	8007cb2c	8007cb88
8007ca78	8007cb3c	8007cd6c
8007ca78	8007cb4c	8007cff4
8007cb88	8007cd54	unresolved
8007cd6c	8007cf54	unresolved
8007cd6c	8007cf90	unresolved
8007cff4	8007d0b4	unresolved
8007d0e0	8007d0f8	8007d174
8007d0e0	8007d158	unresolved
8007d174	8007d20c	8007d304
8007d224	8007d238	8007a668
8007d358	8007d360	8007a5e0
8007d378	8007d3b8	8007e820
8007d378	8007d3e0	8007ed28
8007d378	8007d434	8007ba00
8007d378	8007d448	800746b8
8007d378	8007d470	8007ee38
8007d4a8	8007d4c4	8007e2e8
8007d4dc	8007d4f8	800746b8
8007d4dc	8007d534	8007ea88
8007d4dc	8007d544	8007d7cc
8007d4dc	8007d584	8007e968
8007d4dc	8007d5ac	800746b8
8007d4dc	8007d5e0	800746b8
8007d4dc	8007d600	8007d7cc
8007d4dc	8007d634	unresolved
8007d654	8007d688	800746b8
8007d654	8007d6bc	800746b8
8007d654	8007d6dc	8007d7cc
8007d654	8007d710	unresolved
8007d728	8007d73c	800746b8
8007d728	8007d764	8007d7cc
8007d728	8007d778	8007bfc4
8007d7ac	8007d7b4	8007d7cc
8007d7cc	8007d7ec	8007d224
8007d7cc	8007d7f4	8007af44
8007d7cc	8007d7fc	8007e830
8007d7cc	8007d804	8007d29c
8007d7cc	8007d810	8007c508
8007d7cc	8007d820	8007e928
8007d7cc	8007d848	8007ee38
8007d888	8007d8d0	8007ee38
8007d888	8007d8e0	8007edf8
8007d888	8007d900	8007ba00
8007d888	8007d910	8007ee38
8007d888	8007d918	8007edf8
8007d888	8007d93c	8007ba00
8007d95c	8007d964	80078c38
8007d988	8007d9b0	8007e908
8007d988	8007d9d0	8007dc88
8007d988	8007d9e0	8007e908
8007d988	8007da74	8007df4c
8007d988	8007dac0	8008fa78
8007d988	8007db00	8007dff0
8007d988	8007db28	80090cf8
8007d988	8007db58	8008fa78
8007d988	8007db90	8007dc68
8007d988	8007dbc0	8008fa78
8007d988	8007dc34	8008fa78
8007dc68	8007dc70	8008f988
8007dc88	8007dcbc	8007e28c
8007dc88	8007dcec	80090cf8
8007dc88	8007dd04	8008f988
8007dc88	8007dd2c	80090cf8
8007dc88	8007dd58	8007e28c
8007dc88	8007dd84	8008fa78
8007dc88	8007ddb0	80090cf8
8007dc88	8007de3c	8008f508
8007dc88	8007deac	8008fa78
8007dc88	8007df18	8008fa78
8007df4c	8007dfa0	8008f7f8
8007dff0	8007e050	8007e28c
8007dff0	8007e07c	80090cf8
8007dff0	8007e0a8	80090cf8
8007dff0	8007e0fc	8007eb98
8007dff0	8007e168	8008f508
8007dff0	8007e1d4	8008fa78
8007dff0	8007e258	8008fa78
8007e28c	8007e2a8	8007eb98
8007e28c	8007e2bc	8007d378
8007e28c	8007e2c4	8007d728
8007e2e8	8007e32c	8007edf8
8007e2e8	8007e33c	8007ee18
8007e36c	8007e394	8007edf8
8007e36c	8007e3a0	8007ee18
8007e36c	8007e3b4	8007b78c
8007e3e4	8007e418	8007c4bc
8007e3e4	8007e420	8007eca8
8007e3e4	8007e43c	8007c4ac
8007e3e4	8007e450	8007ee38
8007e3e4	8007e460	8007e968
8007e3e4	8007e468	8007ee38
8007e3e4	8007e470	8007eca8
8007e3e4	8007e4b0	unresolved
8007e3e4	8007e4ec	unresolved
8007e3e4	8007e538	unresolved
8007e3e4	8007e56c	8007edf8
8007e3e4	8007e580	8007edf8
8007e3e4	8007e58c	8007ee18
8007e3e4	8007e5ac	unresolved
8007e3e4	8007e5bc	8007c058
8007e3e4	8007e614	8007e778
8007e3e4	8007e650	8007edf8
8007e3e4	8007e660	8007ee18
8007e3e4	8007e674	8007b78c
8007e3e4	8007e694	unresolved
8007e6c0	8007e708	8007c058
8007e6c0	8007e718	8007e778
8007e6c0	8007e72c	8007edf8
8007e6c0	8007e738	8007ee18
8007e6c0	8007e758	unresolved
8007e778	8007e788	8007edf8
8007e778	8007e790	8007c4bc
8007e778	8007e798	8007eca8
8007e778	8007e7a4	8007c4ac
8007e778	8007e7ac	8007c4bc
8007e778	8007e7b4	8007c4d8
8007e778	8007e7d4	8007ba00
8007e7f0	8007e808	8007edf8
8007e830	8007e858	8007edf8
8007e830	8007e864	8007ee18
8007e888	8007e894	80079c8c
8007e8b8	8007e8c4	80079f0c
8007e8e8	8007e8f0	8007c398
8007e908	8007e910	8007c4f8
8007e928	8007e930	8007d224
8007e928	8007e938	8007af44
8007e928	8007e940	8007e36c
8007e928	8007e948	8007d29c
8007e968	8007e970	8007e988
8007ea88	8007ea90	8007eaa8
8007ed28	8007ed3c	8007c4bc
8007ed28	8007ed4c	8007c4bc
8007ed88	8007eda4	8007b78c
8007ed88	8007edc0	8007bdd4
8007ee38	8007ee44	80074938
8007eea8	8007eed4	80082b78
8007eea8	8007ef04	80082a18
8007eea8	8007ef28	8008f548
8007ef48	8007f018	80082f48
8007ef48	8007f040	80082f28
8007ef48	8007f0c0	80082da8
8007ef48	8007f188	80082f08
8007f204	8007f2e4	80082d88
8007f204	8007f41c	80082d48
8007f204	8007f4a4	80082d48
8007f204	8007f4d8	80080258
8007f520	8007f7f8	8008f948
8007f8e8	8007f948	8008fa78
8007f8e8	8007f960	800827c0
8007f8e8	8007f968	800748d8
8007f8e8	8007f980	800827e8
8007f8e8	8007f988	80081ef0
8007f8e8	8007f9d4	800827c0
8007f8e8	8007f9e4	800827c0
8007f8e8	8007fa24	8008fa78
8007f8e8	8007fa40	80081ef0
8007fa5c	8007fa9c	8008fa78
8007fab8	8007fafc	8008fa78
8007fab8	8007fb28	80081ef0
8007fab8	8007fb38	80074938
8007fb6c	8007fba8	8008fa78
8007fbcc	8007fc0c	8008fa78
8007fbcc	8007fc20	800827c0
8007fbcc	8007fc48	800818e8
8007fc64	8007fc98	8008fa78
8007fc64	8007fcb4	8008202c
8007fccc	8007fda8	8008fa78
8007fccc	8007fdd0	8008fa78
8007fde8	8007fe18	8007fccc
8007fde8	8007fe54	800819e0
8007fe78	8007fea8	8007fccc
8007fe78	8007feec	800819e0
8007ff10	8007ff30	8007fccc
8007ff10	8007ff54	800819e0
8007ff70	8007ff90	8007fccc
8007ff70	8007ffb4	800819e0
8007ffd0	8007fff8	8007fccc
8007ffd0	80080068	800819e0
80080150	80080190	8008fa78
80080150	800801ac	8008111c
800801fc	80080220	8008202c
800801fc	8008023c	80081904
80080258	8008028c	8008fa78
80080258	800802b0	800819e0
800802c8	8008030c	8008fa78
800802c8	8008031c	80080ca8
800802c8	80080354	800819e0
800802c8	80080364	8008f508
80080388	800803d8	8008fa78
80080388	800803e8	80080ca8
80080388	8008042c	800819e0
80080388	8008043c	8008f508
80080460	80080478	8008f508
80080494	800804dc	8008fa78
80080494	80080510	800818e8
80080494	8008058c	800753bc
80080494	80080668	800818e8
80080494	800806f0	800753bc
80080494	80080928	800818e8
80080494	80080954	800818e8
80080494	80080968	8008f508
8008098c	800809a4	8008f508
800809c0	800809d8	80081104
800809f0	80080a18	80080f38
800809f0	80080a50	80080fd0
80080a70	80080a90	80081068
80080ab0	80080ad0	80080f38
80080ab0	80080b08	80080fd0
80080ab0	80080b1c	80081068
80080ab0	80080b34	80080f18
80080ab0	80080b40	80081084
80080ca8	80080cc8	80080f38
80080ca8	80080d00	80080fd0
80080ca8	80080d14	80081068
80080ca8	80080d2c	80080f18
80080ca8	80080d38	80081084
8008111c	8008118c	80082168
8008111c	800811b8	8008219c
800811fc	8008135c	8008198c
800811fc	8008136c	8008198c
800811fc	80081380	8008198c
800811fc	80081408	80081944
8008142c	80081450	80082168
8008142c	80081538	8008219c
80081668	80081688	80082168
80081668	8008176c	8008219c
80081668	80081818	8008219c
800819bc	800819c8	800819e0
800819e0	80081a04	80082168
800819e0	80081a14	8008219c
800819e0	80081a24	80081c90
800819e0	80081a4c	80074a54
800819e0	80081ae4	unresolved
800819e0	80081af4	80074a54
800819e0	80081b0c	80074938
800819e0	80081c48	80074a54
800819e0	80081c50	80081c90
80081c90	80081cbc	80074a54
80081c90	80081d3c	80074938
80081c90	80081de0	unresolved
80081c90	80081e48	80074a54
80081c90	80081eb8	unresolved
80081ef0	80081f00	80074a54
80081ef0	80081f9c	800827c0
80081ef0	80082000	80074a54
80081ef0	80082014	800822e0
8008202c	8008203c	80082168
8008202c	8008204c	80081c90
8008202c	80082054	8008219c
8008202c	80082088	8008219c
8008202c	80082104	80081c90
80082168	80082170	800746b8
8008219c	800821a4	800746b8
8008219c	80082238	8008fa78
8008219c	80082240	80074a54
8008219c	800822bc	80074a54
80082380	800823a0	8007fccc
80082380	800823a8	800746b8
80082380	800823d8	8008219c
80082380	80082430	80074938
80082380	8008244c	8008142c
8008246c	8008248c	8007fccc
8008246c	80082494	800746b8
8008246c	800824c4	8008219c
8008246c	8008251c	80074938
8008246c	80082538	80081668
80082558	80082580	8007fccc
80082558	80082588	800746b8
80082558	800825b8	8008219c
80082558	80082610	80074938
80082558	80082678	80081944
80082798	800827a8	80074938
800828ec	80082900	80082798
80082a18	80082ac4	8007ff10
80082a18	80082ad8	80082ce8
80082b08	80082b40	8007ff10
80082b08	80082b4c	80082d28
80082b78	80082bb0	8007ff10
80082b78	80082bbc	80082d28
80082be8	80082c14	800753bc
80082ff8	80083010	8008305c
8008305c	80083098	8007fb5c
8008305c	800830b4	8008fa78
8008305c	800830bc	8007fb5c
8008305c	800830d4	8008fa78
8008305c	800830dc	8007fb5c
8008305c	800830f4	8008fa78
80083178	8008331c	80085e58
80083178	80083330	80085f18
80083178	800836bc	800839c8
80083178	80083878	800839c8
800839c8	800839e0	80083a08
800839c8	800839f0	80083ccc
80083a08	80083b80	80087518
80083a08	80083bd0	80087518
80083a08	80083c20	80087518
80083a08	80083c68	80087518
80083f38	80083ff0	80084018
80084018	80084058	8008fa78
800840b8	800841a0	80084018
800841c8	80084280	80084018
800842a8	8008444c	80084018
80084478	800846ac	80087cb8
80084478	800846dc	800875f8
80084478	800846f4	800877e8
80084478	80084704	800875c8
80084478	8008470c	80087738
80084478	80084714	800877c8
80084478	800847b8	80087958
80084478	8008493c	80084018
80084af8	80084d28	80084018
80084d58	80084d84	80084dcc
80084d58	80084d8c	80086038
80084d58	80084da0	80084f50
80084d58	80084da8	800853c8
80084d58	80084db0	800852b8
80084dcc	80084e1c	8007f8e8
80084dcc	80084e54	800802c8
80084dcc	80084e84	800753bc
80084dcc	80084ebc	80080494
80084ee8	80084f38	80084f50
800852b8	80085330	800802c8
800852b8	80085394	80087838
800853c8	80085428	800802c8
80085448	8008545c	80073e98
80085448	80085468	80073f6c
80085488	800854c0	80080494
80085488	800854c8	8007fbcc
80085488	8008550c	800853c8
80085488	80085514	800852b8
80085558	80085564	80087738
80085558	8008556c	800877c8
80085588	800855e0	80087158
80085588	800855f0	800872f8
80085588	800855f8	800871fc
80085588	80085600	80087768
80085628	800856a0	800853c8
80085628	800856a8	800852b8
800856c8	80085704	800852b8
80085748	80085750	80087858
80085768	800857e0	80085c84
80085768	8008581c	80086dd8
80085768	80085bf4	80085c20
80085c20	80085c6c	80087798
80085cd8	80085ce8	800877f8
80085d08	80085d14	80080258
80085d38	80085d78	80080150
80085e58	80085e94	800866f8
80085e58	80085ea0	80086628
80085e58	80085eec	800872f8
80086038	80086040	80086d50
80086038	80086050	80087818
80086038	8008605c	80087838
80086258	80086490	800865a8
80086258	80086500	80086528
80086528	80086544	80086ff8
80086528	80086550	80087408
800865a8	800865c4	80086ff8
800865a8	800865d0	800872f8
80086628	80086634	80086664
80086628	80086648	80086664
80086798	8008687c	80089b88
80086798	80086884	80089b98
800868a8	800868e4	80086978
800868a8	80086924	80086978
800868a8	80086950	80086978
80086a98	80086ac4	80086978
80086a98	80086ae8	80086978
80086a98	80086b14	80086978
80086b38	80086b88	80086978
80086b38	80086bc4	80086978
80086b38	80086c10	80086978
80086b38	80086c48	80086978
80086d50	80086d58	80089aa8
80087158	8008717c	8008fa78
800871fc	8008721c	8008fa78
800891e8	8008930c	80087b48
800891e8	80089324	800893e8
800891e8	800893a8	80089410
80089410	80089768	80089898
80089410	80089780	80089898
80089410	80089798	80089898
80089410	800897b0	80089898
80089410	80089800	80089410
80089410	80089828	80089410
80089410	80089850	80089410
80089410	80089878	80089410
80089aa8	80089ab0	80073df8
80089aa8	80089ac0	000000b0
80089aa8	80089b30	80074638
80089aa8	80089b38	80073e08
80089dc8	80089e0c	8007ff10
80089e58	80089e9c	8007ff10
80089e58	80089ec0	8007ff10
8008a0d8	8008a1b8	unresolved
8008a3a8	8008a3b4	8008a0c0
8008a428	8008a660	800865a8
8008a6e8	8008a920	800865a8
8008a6e8	8008a990	80086528
8008a9b8	8008abf8	800865a8
8008a9b8	8008aca8	80086528
8008acd8	8008ad54	80085e58
8008acd8	8008ad60	8008b0a8
8008acd8	8008adb4	80086dd8
8008acd8	8008ae3c	80086dd8
8008acd8	8008ae90	80086178
8008acd8	8008ae9c	800872f8
8008acd8	8008af44	80086178
8008acd8	8008af50	800872f8
8008acd8	8008af88	80086ff8
8008acd8	8008afa0	8008a428
8008acd8	8008afb0	8008b278
8008acd8	8008afc0	80086ff8
8008acd8	8008aff0	80086528
8008b0a8	8008b0bc	8008b194
8008b0a8	8008b0c4	8008b25c
8008b328	8008b334	8008b2f8
8008b328	8008b344	8008b2d8
8008b368	8008b37c	80073e88
8008b368	8008b384	800746b8
8008b368	8008b38c	80073df8
8008b368	8008b394	800742c4
8008b368	8008b3a8	8008b468
8008b368	8008b3b0	8008b678
8008b368	8008b3b8	8008b574
8008b368	8008b3c0	8008b608
8008b368	8008b3c8	8008b498
8008b368	8008b3dc	80073e08
8008b3f8	8008b400	80073df8
8008b3f8	8008b408	8008b478
8008b3f8	8008b410	80073e88
8008b3f8	8008b424	80073e08
8008b440	8008b448	8008b488
8008b440	8008b450	8008b6b8
8008b498	8008b4a8	000000b0
8008b498	8008b4c0	80074638
8008b574	8008b57c	80073df8
8008b574	8008b58c	000000b0
8008b574	8008b5ec	80074638
8008b608	8008b610	80073df8
8008b608	8008b620	000000b0
8008b608	8008b65c	80074638
8008b6b8	8008b6c0	80073df8
8008b6b8	8008b6d0	000000b0
8008b6b8	8008b704	80074638
8008b6b8	8008b70c	80073e08
8008b738	8008b740	8008b368
8008b738	8008b748	8008b3f8
8008b738	8008b750	80073d88
8008b768	8008b770	8008b440
8008b788	8008b790	8008cc5c
8008b7b0	8008b7c0	8008cc5c
8008b7e4	8008b7fc	8008d058
8008b7e4	8008b82c	8008d238
8008b7e4	8008b83c	8007499c
8008b854	8008b874	8007499c
8008b854	8008b87c	8008d434
8008b894	8008b8cc	8008d068
8008b894	8008b8e0	8008fa78
8008b8fc	8008b998	8008d4e8
8008b8fc	8008b9a8	8008b2b8
8008b8fc	8008b9c4	8008d7a0
8008b8fc	8008b9d4	8008d5f0
8008b8fc	8008ba64	8008d4e8
8008b8fc	8008ba70	8008b328
8008b8fc	8008baa8	8008cefc
8008b8fc	8008bb18	8008cefc
8008b8fc	8008bb60	8008cefc
8008b8fc	8008bb98	8008cefc
8008b8fc	8008bbcc	8008d7dc
8008b8fc	8008bbdc	8008d6c8
8008b8fc	8008bbf0	8008fa78
8008bc18	8008bc50	8008d068
8008bc18	8008bc64	8008fa78
8008bc80	8008bcfc	8008d068
8008bc80	8008bd60	8008d4e8
8008bc80	8008bd6c	8008b328
8008bc80	8008bd84	8008d7dc
8008bc80	8008bd94	8008d6c8
8008bc80	8008bda4	8008d4e8
8008bc80	8008bdb4	8008b2c8
8008bc80	8008bdc8	8008d7a0
8008bc80	8008bdd8	8008d5f0
8008bc80	8008be54	8008d4e8
8008bc80	8008be64	8008b2b8
8008bc80	8008bea8	8008cefc
8008bc80	8008bec8	8008d7a0
8008bc80	8008bed8	8008d5f0
8008bf28	8008bf70	8008fa78
8008bf28	8008bf88	8008cffc
8008bf28	8008bf94	8008f748
8008bf28	8008bfac	80073e18
8008bf28	8008bfbc	8008cc5c
8008bf28	8008bfd8	8008fa78
8008bf28	8008c000	8008d068
8008bf28	8008c010	8008cc70
8008bf28	8008c020	8008cc5c
8008bf28	8008c068	80073e58
8008bf28	8008c070	8008d4e8
8008bf28	8008c07c	80073e18
8008c0b0	8008c0d4	80073e58
8008c0f4	8008c178	8008d068
8008c0f4	8008c190	8008fa78
8008c1ac	8008c210	8008d068
8008c1ac	8008c244	80073e28
8008c1ac	8008c25c	8008d4e8
8008c1ac	8008c278	80073e38
8008c1ac	8008c290	8008d7a0
8008c1ac	8008c2a0	8008d5f0
8008c1ac	8008c2e8	8008d4e8
8008c1ac	8008c2f8	8008b328
8008c1ac	8008c30c	8008cefc
8008c1ac	8008c328	8008d7dc
8008c1ac	8008c338	8008d6c8
8008c35c	8008c3e0	8008d068
8008c35c	8008c3f8	8008fa78
8008c414	8008c474	8008d068
8008c414	8008c4a8	80073e28
8008c414	8008c4c0	8008d4e8
8008c414	8008c4dc	80073e48
8008c414	8008c4f4	8008d7a0
8008c414	8008c504	8008d5f0
8008c414	8008c54c	8008d4e8
8008c414	8008c55c	8008b328
8008c414	8008c570	8008cefc
8008c414	8008c58c	8008d7dc
8008c414	8008c59c	8008d6c8
8008c5c0	8008c654	8008cffc
8008c5c0	8008c660	8008f748
8008c5c0	8008c68c	8008d068
8008c5c0	8008c6a4	8008fa78
8008c6d8	8008c738	8008d068
8008c6d8	8008c764	80073e18
8008c6d8	8008c794	8008d068
8008c6d8	8008c7b0	80073e58
8008c7e0	8008c874	8008cffc
8008c7e0	8008c880	8008f748
8008c7e0	8008c8ac	8008d068
8008c7e0	8008c8c4	8008fa78
8008c8f8	8008c958	8008d068
8008c8f8	8008c984	80073e18
8008c8f8	8008c9b4	8008d068
8008c8f8	8008c9d0	80073e58
8008ca00	8008ca58	8008fa78
8008ca00	8008ca68	8008cffc
8008ca00	8008ca74	8008f748
8008ca00	8008cac8	8008d4e8
8008ca00	8008cad4	80074008
8008ca00	8008cae8	8008d6c8
8008ca00	8008caf0	8008cefc
8008ca00	8008cb10	8008cc5c
8008ca00	8008cb30	8008fa78
8008ca00	8008cb58	8008d068
8008ca00	8008cb68	8008cc70
8008ca00	8008cb78	8008cc5c
8008ca00	8008cb8c	80073e68
8008cd8c	8008cdc8	8008fa78
8008cd8c	8008cdf4	8008cffc
8008cd8c	8008ce00	8008f748
8008cd8c	8008ce24	8008dbe8
8008cd8c	8008ce58	8008cefc
8008ce88	8008ceac	8008fa78
8008ce88	8008cebc	8008d818
8008ce88	8008ced8	8008cefc
8008cf50	8008cf58	8008d150
8008cf50	8008cf68	8008d0e4
8008cf50	8008cf70	8008d150
8008cf50	8008cfbc	unresolved
8008d068	8008d088	8008fa78
8008d0e4	8008d118	unresolved
8008d208	8008d210	8008b368
8008d208	8008d218	8008b3f8
8008d208	8008d220	80073d88
8008d238	8008d240	80073df8
8008d238	8008d260	80073da8
8008d238	8008d284	80073da8
8008d238	8008d2a8	80073da8
8008d238	8008d2cc	80073da8
8008d238	8008d2f0	80073da8
8008d238	8008d314	80073da8
8008d238	8008d338	80073da8
8008d238	8008d35c	80073da8
8008d238	8008d370	80073dd8
8008d238	8008d380	80073dd8
8008d238	8008d390	80073dd8
8008d238	8008d3a0	80073dd8
8008d238	8008d3b0	80073dd8
8008d238	8008d3c0	80073dd8
8008d238	8008d3d0	80073dd8
8008d238	8008d3e0	80073dd8
8008d238	8008d3e8	8008d4e8
8008d238	8008d3fc	80073e08
8008d414	8008d41c	8008b440
8008d434	8008d43c	80073df8
8008d434	8008d44c	80073db8
8008d434	8008d45c	80073db8
8008d434	8008d46c	80073db8
8008d434	8008d47c	80073db8
8008d434	8008d48c	80073db8
8008d434	8008d49c	80073db8
8008d434	8008d4ac	80073db8
8008d434	8008d4bc	80073db8
8008d434	8008d4d0	80073e08
8008d4e8	8008d4f8	80073dc8
8008d4e8	8008d508	80073dc8
8008d4e8	8008d518	80073dc8
8008d4e8	8008d528	80073dc8
8008d4e8	8008d538	80073dc8
8008d4e8	8008d548	80073dc8
8008d4e8	8008d558	80073dc8
8008d4e8	8008d568	80073dc8
8008d5f0	8008d644	80073dc8
8008d5f0	8008d654	80073dc8
8008d5f0	8008d664	80073dc8
8008d5f0	8008d674	80073dc8
8008d6c8	8008d71c	80073dc8
8008d6c8	8008d72c	80073dc8
8008d6c8	8008d73c	80073dc8
8008d6c8	8008d74c	80073dc8
8008d818	8008d868	8008f4d8
8008d818	8008d874	8008f4d8
8008d818	8008d95c	8008d4e8
8008d818	8008d970	8008b2d8
8008d818	8008d978	8008d6c8
8008d818	8008d994	8008d4e8
8008d818	8008d99c	8008b328
8008d818	8008d9a4	8008d6c8
8008d818	8008d9f4	8008f4d8
8008d818	8008da40	8008d4e8
8008d818	8008da54	8008b2d8
8008d818	8008da5c	8008d6c8
8008d818	8008da78	8008d4e8
8008d818	8008da80	8008b328
8008d818	8008da88	8008d6c8
8008d818	8008dac0	8008f4d8
8008d818	8008db04	8008d4e8
8008d818	8008db18	8008b2d8
8008d818	8008db20	8008d6c8
8008d818	8008db3c	8008d4e8
8008d818	8008db44	8008b328
8008d818	8008db4c	8008d6c8
8008d818	8008db6c	8008d4e8
8008d818	8008db74	8008b2c8
8008d818	8008db7c	8008d5f0
8008d818	8008db90	8008d4e8
8008d818	8008db98	8008b328
8008d818	8008dba0	8008d6c8
8008dbe8	8008dc34	8008f4d8
8008dbe8	8008dc44	8008f4d8
8008dbe8	8008dc50	8008d4e8
8008dbe8	8008dc64	8008b2e8
8008dbe8	8008dc6c	8008d6c8
8008dbe8	8008dc88	8008d4e8
8008dbe8	8008dc90	8008b328
8008dbe8	8008dc98	8008d6c8
8008dbe8	8008dd08	8008f4d8
8008dbe8	8008dd18	8008f4d8
8008dbe8	8008dd20	8008d4e8
8008dbe8	8008dd34	8008b2e8
8008dbe8	8008dd3c	8008d6c8
8008dbe8	8008dd58	8008d4e8
8008dbe8	8008dd60	8008b328
8008dbe8	8008dd68	8008d6c8
8008dbe8	8008df34	8008f7f8
8008dbe8	8008dfc0	8008fa78
8008dbe8	8008e03c	8008fa08
8008dbe8	8008e0e8	8008f4d8
8008dbe8	8008e1a0	8008d4e8
8008dbe8	8008e1b4	8008b2d8
8008dbe8	8008e1bc	8008d6c8
8008dbe8	8008e1d8	8008d4e8
8008dbe8	8008e1e0	8008b328
8008dbe8	8008e1e8	8008d6c8
8008dbe8	8008e214	8008d4e8
8008dbe8	8008e21c	8008b2c8
8008dbe8	8008e224	8008d5f0
8008dbe8	8008e238	8008d4e8
8008dbe8	8008e240	8008b328
8008dbe8	8008e248	8008d6c8
8008e2a8	8008e2b4	8008e790
8008e408	8008e41c	8008e434
8008e434	8008e448	8008e790
8008e5e8	8008e644	8008e790
8008e5e8	8008e690	80074588
8008e5e8	8008e6e4	80074588
8008e5e8	8008e744	80074588
8008e5e8	8008e750	80074578
8008e5e8	8008e758	8008eb28
8008e7e0	8008e810	8008ec6c
8008e7e0	8008e82c	8008ee44
8008e7e0	8008e880	unresolved
8008e7e0	8008e8a8	8008ee44
8008e7e0	8008e8e8	unresolved
8008e7e0	8008e9e4	unresolved
8008ea18	8008ea20	80073df8
8008ea18	8008ea34	80074588
8008ea18	8008ea40	8008eac8
8008ea18	8008ea68	800748c8
8008ea18	8008ea70	80073e08
8008ea88	8008ea90	80073df8
8008ea88	8008ea98	8008f29c
8008ea88	8008eaa8	80074588
8008ea88	8008eab0	80073e08
8008eb28	8008eb44	8008f368
8008eb28	8008eb70	8008e7e0
8008eb28	8008ebb0	8008e790
8008eb28	8008ec50	80074588
8008ec6c	8008ec88	8008ed40
8008ee44	8008efd0	8008ed74
8008f29c	8008f2b8	8008f328
8008f29c	8008f2f8	80074638
8008f578	8008f5cc	unresolved
8008f578	8008f5e0	8008f6c8
8008f578	8008f608	8008f6c8
8008f578	8008f620	unresolved
8008f578	8008f644	8008f6c8
8008f578	8008f668	8008f6c8
8008f578	8008f67c	8008f578
8008f578	8008f694	8008f578
8008f748	8008f770	8008f948
8008f748	8008f77c	8008f948
8008fa78	8008fa9c	8008fab8
8008fab8	8008fdbc	80090158
8008fab8	8008fde0	8008f948
8008fab8	8008ff7c	800901a8
8008fab8	8008ffa0	800901a8
8008fab8	8008ffb4	800901a8
8008fab8	8008ffc0	800901a8
8008fab8	8008ffec	800901a8
8008fab8	8009001c	800901a8
8008fab8	8009004c	800901a8
8008fab8	80090064	800901a8
8008fab8	800900a0	800901a8
8008fab8	800900e8	800902a4
8008fab8	8009010c	800901a8
800901a8	800901d4	800901a8
800901a8	800901e8	800901a8
800901a8	80090264	80073e48
800902a4	800902c0	80073e48
800902e0	8009030c	800901a8
800902e0	80090320	800901a8
800902e0	8009039c	80073e48
800902e0	800903e8	80073e48
80090408	80090b2c	8008f948
80090408	80090b40	80090158
80090408	80090bfc	80090c88
80090cf8	80090d18	800901a8
80090cf8	80090d34	800902a4
80090de8	80090dfc	800748d8
80090de8	80090e04	800910a8
80090ea8	80090f14	80091198
80090ea8	80090f24	80091198
80090f40	80090fa4	80091198
80090fbc	80090fc4	80091228
80090fdc	80090fe8	800912b4
80090fdc	80090ff8	800913dc
80091018	80091024	80091348
80091060	8009106c	80074938
80091084	80091090	80074938
800910a8	8009110c	80091198
800910a8	8009111c	80091198
800910a8	80091180	8008fa78
80091198	800911ac	800912b4
80091228	8009123c	80091348
800912b4	80091308	800913f4
80091348	8009139c	800913f4
800913f4	80091408	8008fa78
